partition,split_seed,dataset_id,model_id,status,failure,validation_samples,v_cert,v_amb,coverage,protected_margin,output_error_budget,multiplicative_depth,rescale_ops,required_q_primes,candidate_id,log_n,q_prime_count,p_prime_count,log_default_scale,declared_log_qp,security_headroom_bits
configuration_validation,0,banknote,mlp_square_poly3,PLAN_OK,,205,205,0,1.0,0.01394636207800004,0.00697318103900002,3,3,10,synth_analysis_minimum_rescale_N14_Q10_S22_b4440eaedb46,14,10,1,22,253,185
configuration_validation,0,digits_binary,mlp_square_poly3,PLAN_OK,,270,245,25,0.9074074074074074,0.0010817960460000053,0.0005408980230000027,3,3,10,synth_analysis_minimum_rescale_N14_Q10_S22_e719f14a737c,14,10,1,22,253,185
configuration_validation,0,iris_binary,mlp_square_poly3,PLAN_OK,,14,14,0,1.0,0.07532459106700001,0.037662295533500006,3,3,10,synth_analysis_minimum_rescale_N14_Q10_S22_d0967a611121,14,10,1,22,253,185
configuration_validation,0,mnist_pool16,mlp_square_poly3,PLAN_OK,,249,247,2,0.9919678714859438,0.0010423408219999986,0.0005211704109999993,3,3,10,synth_analysis_minimum_rescale_N14_Q10_S22_d17060166dd9,14,10,1,22,253,185
configuration_validation,0,wdbc,mlp_square_poly3,PLAN_OK,,85,80,5,0.9411764705882353,0.0018270604190000483,0.0009135302095000242,3,3,10,synth_analysis_minimum_rescale_N14_Q10_S22_2495e28fec27,14,10,1,22,253,185
configuration_validation,1,banknote,mlp_square_poly3,PLAN_OK,,205,205,0,1.0,0.01394636207800004,0.00697318103900002,3,3,10,synth_analysis_minimum_rescale_N14_Q10_S22_57b8752878c2,14,10,1,22,253,185
configuration_validation,1,digits_binary,mlp_square_poly3,PLAN_OK,,270,253,17,0.937037037037037,0.0010321647500000086,0.0005160823750000043,3,3,10,synth_analysis_minimum_rescale_N14_Q10_S22_663a2999b050,14,10,1,22,253,185
configuration_validation,1,iris_binary,mlp_square_poly3,PLAN_OK,,14,14,0,1.0,0.07532459106700001,0.037662295533500006,3,3,10,synth_analysis_minimum_rescale_N14_Q10_S22_ded16f67a980,14,10,1,22,253,185
configuration_validation,1,mnist_pool16,mlp_square_poly3,PLAN_OK,,249,246,3,0.9879518072289156,0.0010712076169999696,0.0005356038084999848,3,3,10,synth_analysis_minimum_rescale_N14_Q10_S22_304ab3e141ea,14,10,1,22,253,185
configuration_validation,1,wdbc,mlp_square_poly3,PLAN_OK,,85,83,2,0.9764705882352941,0.001294245405999983,0.0006471227029999915,3,3,10,synth_analysis_minimum_rescale_N14_Q10_S22_e1c00e1d9ad3,14,10,1,22,253,185
configuration_validation,2,banknote,mlp_square_poly3,PLAN_OK,,205,205,0,1.0,0.013421993227999973,0.006710996613999987,3,3,10,synth_analysis_minimum_rescale_N14_Q10_S22_82cf4960c8ba,14,10,1,22,253,185
configuration_validation,2,digits_binary,mlp_square_poly3,PLAN_OK,,270,253,17,0.937037037037037,0.0011142050710000184,0.0005571025355000092,3,3,10,synth_analysis_minimum_rescale_N14_Q10_S22_9f0ce0df3954,14,10,1,22,253,185
configuration_validation,2,iris_binary,mlp_square_poly3,PLAN_OK,,14,14,0,1.0,0.06912970616500003,0.03456485308250001,3,3,10,synth_analysis_minimum_rescale_N14_Q10_S22_55aaf9b39844,14,10,1,22,253,185
configuration_validation,2,mnist_pool16,mlp_square_poly3,PLAN_OK,,249,244,5,0.9799196787148594,0.00111944926600005,0.000559724633000025,3,3,10,synth_analysis_minimum_rescale_N14_Q10_S22_18377d5cd641,14,10,1,22,253,185
configuration_validation,2,wdbc,mlp_square_poly3,PLAN_OK,,85,84,1,0.9882352941176471,0.0013982571809999511,0.0006991285904999756,3,3,10,synth_analysis_minimum_rescale_N14_Q10_S22_1fda98f7524a,14,10,1,22,253,185
configuration_validation,3,banknote,mlp_square_poly3,PLAN_OK,,205,205,0,1.0,0.014984494007000027,0.007492247003500013,3,3,10,synth_analysis_minimum_rescale_N14_Q10_S22_ab884aff0816,14,10,1,22,253,185
configuration_validation,3,digits_binary,mlp_square_poly3,PLAN_OK,,270,256,14,0.9481481481481482,0.0010817960460000053,0.0005408980230000027,3,3,10,synth_analysis_minimum_rescale_N14_Q10_S22_1842d3f0cfc1,14,10,1,22,253,185
configuration_validation,3,iris_binary,mlp_square_poly3,PLAN_OK,,14,14,0,1.0,0.06912970616500003,0.03456485308250001,3,3,10,synth_analysis_minimum_rescale_N14_Q10_S22_60097c066632,14,10,1,22,253,185
configuration_validation,3,mnist_pool16,mlp_square_poly3,PLAN_OK,,249,245,4,0.9839357429718876,0.0010712076169999696,0.0005356038084999848,3,3,10,synth_analysis_minimum_rescale_N14_Q10_S22_c564e4092bc8,14,10,1,22,253,185
configuration_validation,3,wdbc,mlp_square_poly3,PLAN_OK,,85,81,4,0.9529411764705882,0.001294245405999983,0.0006471227029999915,3,3,10,synth_analysis_minimum_rescale_N14_Q10_S22_1191098b84bd,14,10,1,22,253,185
configuration_validation,4,banknote,mlp_square_poly3,PLAN_OK,,205,205,0,1.0,0.012218498402000011,0.0061092492010000055,3,3,10,synth_analysis_minimum_rescale_N14_Q10_S22_d1433d4cf392,14,10,1,22,253,185
configuration_validation,4,digits_binary,mlp_square_poly3,PLAN_OK,,270,253,17,0.937037037037037,0.0012235138109999988,0.0006117569054999994,3,3,10,synth_analysis_minimum_rescale_N14_Q10_S22_5c8805516246,14,10,1,22,253,185
configuration_validation,4,iris_binary,mlp_square_poly3,PLAN_OK,,14,14,0,1.0,0.07942606428299998,0.03971303214149999,3,3,10,synth_analysis_minimum_rescale_N14_Q10_S22_1321838448c1,14,10,1,22,253,185
configuration_validation,4,mnist_pool16,mlp_square_poly3,PLAN_OK,,249,246,3,0.9879518072289156,0.0010423408219999986,0.0005211704109999993,3,3,10,synth_analysis_minimum_rescale_N14_Q10_S22_5c08952ff486,14,10,1,22,253,185
configuration_validation,4,wdbc,mlp_square_poly3,PLAN_OK,,85,81,4,0.9529411764705882,0.0016577978699999774,0.0008288989349999887,3,3,10,synth_analysis_minimum_rescale_N14_Q10_S22_5d10c40d61c5,14,10,1,22,253,185
locked_audit_test,0,banknote,mlp_square_poly3,PLAN_OK,,207,207,0,1.0,0.012218498402000011,0.0061092492010000055,3,3,10,synth_analysis_minimum_rescale_N14_Q10_S22_bdeb4feb429f,14,10,1,22,253,185
locked_audit_test,0,digits_binary,mlp_square_poly3,PLAN_OK,,270,260,10,0.9629629629629629,0.0010321647500000086,0.0005160823750000043,3,3,10,synth_analysis_minimum_rescale_N14_Q10_S22_a9234557fa15,14,10,1,22,253,185
locked_audit_test,0,iris_binary,mlp_square_poly3,PLAN_OK,,16,16,0,1.0,0.06912970616500003,0.03456485308250001,3,3,10,synth_analysis_minimum_rescale_N14_Q10_S22_ccd9ddc8addf,14,10,1,22,253,185
locked_audit_test,0,mnist_pool16,mlp_square_poly3,PLAN_OK,,251,246,5,0.9800796812749004,0.0011161170060000059,0.0005580585030000029,3,3,10,synth_analysis_minimum_rescale_N14_Q10_S22_b12a2a2f6e56,14,10,1,22,253,185
locked_audit_test,0,wdbc,mlp_square_poly3,PLAN_OK,,86,85,1,0.9883720930232558,0.001294245405999983,0.0006471227029999915,3,3,10,synth_analysis_minimum_rescale_N14_Q10_S22_955944b4ee0a,14,10,1,22,253,185
locked_audit_test,1,banknote,mlp_square_poly3,PLAN_OK,,207,207,0,1.0,0.012218498402000011,0.0061092492010000055,3,3,10,synth_analysis_minimum_rescale_N14_Q10_S22_ac8a9a5b4058,14,10,1,22,253,185
locked_audit_test,1,digits_binary,mlp_square_poly3,PLAN_OK,,270,252,18,0.9333333333333333,0.0010817960460000053,0.0005408980230000027,3,3,10,synth_analysis_minimum_rescale_N14_Q10_S22_d5cfc10219cf,14,10,1,22,253,185
locked_audit_test,1,iris_binary,mlp_square_poly3,PLAN_OK,,16,16,0,1.0,0.06912970616500003,0.03456485308250001,3,3,10,synth_analysis_minimum_rescale_N14_Q10_S22_070358b8ba3f,14,10,1,22,253,185
locked_audit_test,1,mnist_pool16,mlp_square_poly3,PLAN_OK,,251,247,4,0.9840637450199203,0.0010423408219999986,0.0005211704109999993,3,3,10,synth_analysis_minimum_rescale_N14_Q10_S22_5a89f513dc79,14,10,1,22,253,185
locked_audit_test,1,wdbc,mlp_square_poly3,PLAN_OK,,86,82,4,0.9534883720930233,0.0014499061630000032,0.0007249530815000016,3,3,10,synth_analysis_minimum_rescale_N14_Q10_S22_4733ec566fdf,14,10,1,22,253,185
locked_audit_test,2,banknote,mlp_square_poly3,PLAN_OK,,207,207,0,1.0,0.012218498402000011,0.0061092492010000055,3,3,10,synth_analysis_minimum_rescale_N14_Q10_S22_797871b6e6d5,14,10,1,22,253,185
locked_audit_test,2,digits_binary,mlp_square_poly3,PLAN_OK,,270,252,18,0.9333333333333333,0.0010321647500000086,0.0005160823750000043,3,3,10,synth_analysis_minimum_rescale_N14_Q10_S22_704c35de74cf,14,10,1,22,253,185
locked_audit_test,2,iris_binary,mlp_square_poly3,PLAN_OK,,16,16,0,1.0,0.07532459106700001,0.037662295533500006,3,3,10,synth_analysis_minimum_rescale_N14_Q10_S22_f39d612330cb,14,10,1,22,253,185
locked_audit_test,2,mnist_pool16,mlp_square_poly3,PLAN_OK,,251,249,2,0.9920318725099602,0.0010423408219999986,0.0005211704109999993,3,3,10,synth_analysis_minimum_rescale_N14_Q10_S22_4707a5a015f3,14,10,1,22,253,185
locked_audit_test,2,wdbc,mlp_square_poly3,PLAN_OK,,86,81,5,0.9418604651162791,0.001294245405999983,0.0006471227029999915,3,3,10,synth_analysis_minimum_rescale_N14_Q10_S22_7a4789024600,14,10,1,22,253,185
locked_audit_test,3,banknote,mlp_square_poly3,PLAN_OK,,207,207,0,1.0,0.012218498402000011,0.0061092492010000055,3,3,10,synth_analysis_minimum_rescale_N14_Q10_S22_d2509ab32315,14,10,1,22,253,185
locked_audit_test,3,digits_binary,mlp_square_poly3,PLAN_OK,,270,249,21,0.9222222222222223,0.0010321647500000086,0.0005160823750000043,3,3,10,synth_analysis_minimum_rescale_N14_Q10_S22_8a2b244e36c0,14,10,1,22,253,185
locked_audit_test,3,iris_binary,mlp_square_poly3,PLAN_OK,,16,16,0,1.0,0.08091311424400005,0.040456557122000025,3,3,10,synth_analysis_minimum_rescale_N14_Q10_S22_a5311bdf15ef,14,10,1,22,253,185
locked_audit_test,3,mnist_pool16,mlp_square_poly3,PLAN_OK,,251,248,3,0.9880478087649402,0.0010423408219999986,0.0005211704109999993,3,3,10,synth_analysis_minimum_rescale_N14_Q10_S22_53e104e0fd66,14,10,1,22,253,185
locked_audit_test,3,wdbc,mlp_square_poly3,PLAN_OK,,86,84,2,0.9767441860465116,0.0016577978699999774,0.0008288989349999887,3,3,10,synth_analysis_minimum_rescale_N14_Q10_S22_d936609fd80e,14,10,1,22,253,185
locked_audit_test,4,banknote,mlp_square_poly3,PLAN_OK,,207,207,0,1.0,0.013421993227999973,0.006710996613999987,3,3,10,synth_analysis_minimum_rescale_N14_Q10_S22_7ce3dc1b26d9,14,10,1,22,253,185
locked_audit_test,4,digits_binary,mlp_square_poly3,PLAN_OK,,270,252,18,0.9333333333333333,0.0010321647500000086,0.0005160823750000043,3,3,10,synth_analysis_minimum_rescale_N14_Q10_S22_bc0dc9f227b4,14,10,1,22,253,185
locked_audit_test,4,iris_binary,mlp_square_poly3,PLAN_OK,,16,16,0,1.0,0.06912970616500003,0.03456485308250001,3,3,10,synth_analysis_minimum_rescale_N14_Q10_S22_8b8f9a2a8359,14,10,1,22,253,185
locked_audit_test,4,mnist_pool16,mlp_square_poly3,PLAN_OK,,251,247,4,0.9840637450199203,0.0011161170060000059,0.0005580585030000029,3,3,10,synth_analysis_minimum_rescale_N14_Q10_S22_c91da669f04f,14,10,1,22,253,185
locked_audit_test,4,wdbc,mlp_square_poly3,PLAN_OK,,86,84,2,0.9767441860465116,0.001294245405999983,0.0006471227029999915,3,3,10,synth_analysis_minimum_rescale_N14_Q10_S22_f5bafbc271fa,14,10,1,22,253,185
