plan_id,mode,waterline,status,unique_inputs,raw_output_rows,reason_code,exit_code,plan_sha256,constants_sha256,failure_log_sha256
elasm_15,elasm,15,PASS,200,200,,,sha256:a04fb368f10f2b657da2fd43c33e8da636c6e2050c6efbac796fa27a3b5c29fd,sha256:59946303fde974eb9cb0072316d9e0061c8aff3ff1d40eb6daae0726c891d896,
elasm_16,elasm,16,PASS,200,200,,,sha256:ef4ad74ed79387f2c0604d4971debaa39fac8ead7d2412bf4ba8915b6901e41c,sha256:59946303fde974eb9cb0072316d9e0061c8aff3ff1d40eb6daae0726c891d896,
elasm_17,elasm,17,PASS,200,200,,,sha256:9d6ba8b01f8cf7ce145ba58e0b808edc707241909bbf9b7f2a49cb3fb3e9b33d,sha256:59946303fde974eb9cb0072316d9e0061c8aff3ff1d40eb6daae0726c891d896,
elasm_18,elasm,18,PASS,200,200,,,sha256:5db28dc1e3095e18f4e3fe784e3dad73178ea20c11b0b6651d097df12acec506,sha256:59946303fde974eb9cb0072316d9e0061c8aff3ff1d40eb6daae0726c891d896,
elasm_19,elasm,19,PASS,200,200,,,sha256:6650b6a8c0da884bf8fd8e356ae99df1088ba48b4a9d025deef0bf91d58f0db8,sha256:59946303fde974eb9cb0072316d9e0061c8aff3ff1d40eb6daae0726c891d896,
elasm_20,elasm,20,PASS,200,200,,,sha256:7bb9d70580c623dcf204970e587331f9925e95cdf09cc90a3510ea4e7de1a93d,sha256:59946303fde974eb9cb0072316d9e0061c8aff3ff1d40eb6daae0726c891d896,
elasm_21,elasm,21,PASS,200,200,,,sha256:5b5fefc75e01ffb557cb5fab1280519b26510e633212713dce43a66537188721,sha256:59946303fde974eb9cb0072316d9e0061c8aff3ff1d40eb6daae0726c891d896,
elasm_22,elasm,22,PASS,200,200,,,sha256:3a9b37357d8099c2baf14b021b937b308073e193f0a768aac544424efff0e1ff,sha256:59946303fde974eb9cb0072316d9e0061c8aff3ff1d40eb6daae0726c891d896,
elasm_23,elasm,23,PASS,200,200,,,sha256:d38b0630d847801ee2c11b49454a695ca1a594c182976af7e163dfb65423fc43,sha256:59946303fde974eb9cb0072316d9e0061c8aff3ff1d40eb6daae0726c891d896,
elasm_24,elasm,24,PASS,200,200,,,sha256:f00890851cca9fb5d32b519d8cdf06da1c5a64021c8714d2d5a2fa2df0041d6b,sha256:59946303fde974eb9cb0072316d9e0061c8aff3ff1d40eb6daae0726c891d896,
elasm_25,elasm,25,PASS,200,200,,,sha256:4b0a0f422f6f31a119a4532c7920f832d1ada32b8020f807324ac79efdf8cca5,sha256:59946303fde974eb9cb0072316d9e0061c8aff3ff1d40eb6daae0726c891d896,
elasm_26,elasm,26,PASS,200,200,,,sha256:791d94371924f8bc031d8f30d1077a804e737f0c42a658fb525ea01f91068746,sha256:59946303fde974eb9cb0072316d9e0061c8aff3ff1d40eb6daae0726c891d896,
elasm_27,elasm,27,PASS,200,200,,,sha256:b9ee533169664e4b0475ae71b3c3d536d0e1e16a9fe5034bbd8fcb1e81d2aec0,sha256:59946303fde974eb9cb0072316d9e0061c8aff3ff1d40eb6daae0726c891d896,
elasm_28,elasm,28,PASS,200,200,,,sha256:6320dd14faf8fc17219883a5be815f45b7b66142bf045389d0dfd61e3c486cc8,sha256:59946303fde974eb9cb0072316d9e0061c8aff3ff1d40eb6daae0726c891d896,
elasm_29,elasm,29,PASS,200,200,,,sha256:816b1280cbf8378578a4bce7d65376673202bcfd84d0453792f2e469b0acde4c,sha256:59946303fde974eb9cb0072316d9e0061c8aff3ff1d40eb6daae0726c891d896,
elasm_30,elasm,30,PASS,200,200,,,sha256:92bd9d1ecc10e793a205cc974c722db994ad5441b6557f5a312f801fdd24faba,sha256:59946303fde974eb9cb0072316d9e0061c8aff3ff1d40eb6daae0726c891d896,
elasm_31,elasm,31,PASS,200,200,,,sha256:ce89fba6ac36f1ec2da8e43c7fd3f52491ccf45f2e4517e49fd8c29877ba39a7,sha256:59946303fde974eb9cb0072316d9e0061c8aff3ff1d40eb6daae0726c891d896,
elasm_32,elasm,32,PASS,200,200,,,sha256:ae716452187a376d17d6cd11e573a8743c160f23fe581568f520b6074ec5b8f1,sha256:59946303fde974eb9cb0072316d9e0061c8aff3ff1d40eb6daae0726c891d896,
elasm_33,elasm,33,PASS,200,200,,,sha256:7479e17e53a9ff7e1ef1a400b1a7861053aa5def036e7f7132e1ea878ea5d5eb,sha256:59946303fde974eb9cb0072316d9e0061c8aff3ff1d40eb6daae0726c891d896,
elasm_34,elasm,34,PASS,200,200,,,sha256:dec115519c8d1a6c36da8962c757c42c6c18c1af3096d05838410d3e22c604ee,sha256:59946303fde974eb9cb0072316d9e0061c8aff3ff1d40eb6daae0726c891d896,
elasm_35,elasm,35,PASS,200,200,,,sha256:17e150a36eae20859524c8dbca663cd370fc431b38f668dc342280cabe18b4ac,sha256:59946303fde974eb9cb0072316d9e0061c8aff3ff1d40eb6daae0726c891d896,
elasm_36,elasm,36,EXECUTION_FAILED,0,0,NATIVE_PLAN_EXECUTION_ABORT,134,sha256:35abd37916a6088c4acb657321c8cdb74ee8450b944ff28c7114de9be7a40a0c,sha256:59946303fde974eb9cb0072316d9e0061c8aff3ff1d40eb6daae0726c891d896,sha256:8e8099115ae7fc7f9e8b7289eeead1d0704f16d8f2de9446262b7970feba0057
elasm_37,elasm,37,PASS,200,200,,,sha256:9730645910f108efd19aa357ce4a93d9eab3e053cd69b8f9de766b88cd972fa6,sha256:59946303fde974eb9cb0072316d9e0061c8aff3ff1d40eb6daae0726c891d896,
elasm_38,elasm,38,PASS,200,200,,,sha256:4c048ca6fed0c3eb46688c5a9c1a4636da83facd0d95ac4bbd126e4a8cd4ed68,sha256:59946303fde974eb9cb0072316d9e0061c8aff3ff1d40eb6daae0726c891d896,
elasm_39,elasm,39,PASS,200,200,,,sha256:8fbb438d60d624781dbcd9a32ed15c0b54cc7cd22916e7aad283092c5a3a47eb,sha256:59946303fde974eb9cb0072316d9e0061c8aff3ff1d40eb6daae0726c891d896,
elasm_40,elasm,40,PASS,200,200,,,sha256:cad931bd5523a126424356705d4812ddde1f2c1f06ae6de22975a7e6a0277185,sha256:59946303fde974eb9cb0072316d9e0061c8aff3ff1d40eb6daae0726c891d896,
elasm_41,elasm,41,EXECUTION_FAILED,0,0,NATIVE_PLAN_EXECUTION_ABORT,134,sha256:83255062fe060d03064f1c60a093b9a37622903d98dfed68f4effbeee4794417,sha256:59946303fde974eb9cb0072316d9e0061c8aff3ff1d40eb6daae0726c891d896,sha256:22173fa68298a3bf927207ca21cddc8d0535674176616162425daf5b82cc9591
elasm_42,elasm,42,PASS,200,200,,,sha256:7a14a149520af15c99188bfd86ef611a31243eda9db79c153e3890b21acbd55c,sha256:59946303fde974eb9cb0072316d9e0061c8aff3ff1d40eb6daae0726c891d896,
elasm_43,elasm,43,PASS,200,200,,,sha256:363b741450baab0b4337e1f31b5ad40f361a3b9d3d14a5e8342375e010dc362d,sha256:59946303fde974eb9cb0072316d9e0061c8aff3ff1d40eb6daae0726c891d896,
elasm_44,elasm,44,PASS,200,200,,,sha256:4101ee994c302a6bfa4ee212d844ed29ffc86900f76b7178224dc9422304458b,sha256:59946303fde974eb9cb0072316d9e0061c8aff3ff1d40eb6daae0726c891d896,
elasm_45,elasm,45,PASS,200,200,,,sha256:9a3b81750139a4ed73b7e723c81a62be10eaedcc7e733b348d255566fda756ce,sha256:59946303fde974eb9cb0072316d9e0061c8aff3ff1d40eb6daae0726c891d896,
elasm_46,elasm,46,PASS,200,200,,,sha256:32e71532a73b9118c20aa7d4c98a9276edbf83842f9231b1042e690b434e5fe2,sha256:59946303fde974eb9cb0072316d9e0061c8aff3ff1d40eb6daae0726c891d896,
elasm_47,elasm,47,PASS,200,200,,,sha256:ccbdf6f2091addf4ae2e00871d6ebe378b49eff30a967a9c2c8317983ac0c936,sha256:59946303fde974eb9cb0072316d9e0061c8aff3ff1d40eb6daae0726c891d896,
elasm_48,elasm,48,PASS,200,200,,,sha256:b35c06168af79c77ed4edb9742c0c253001e94894dc59f852ef0fc2d3c274892,sha256:59946303fde974eb9cb0072316d9e0061c8aff3ff1d40eb6daae0726c891d896,
elasm_49,elasm,49,PASS,200,200,,,sha256:1283545a249d366cef2143fb8caa307cd6ff488af6815dc458d0f479db78e619,sha256:59946303fde974eb9cb0072316d9e0061c8aff3ff1d40eb6daae0726c891d896,
elasm_50,elasm,50,PASS,200,200,,,sha256:aaf266c26101e4d247d7a5dfb8d2070e0105bc06f023720479a3e659624692c4,sha256:59946303fde974eb9cb0072316d9e0061c8aff3ff1d40eb6daae0726c891d896,
eva_15,eva,15,PASS,200,200,,,sha256:dcf794f984abf8e67fde7f43de32e2e492cc8e5a98e329f0531c3201fc05cca6,sha256:59946303fde974eb9cb0072316d9e0061c8aff3ff1d40eb6daae0726c891d896,
eva_16,eva,16,PASS,200,200,,,sha256:1960823f9dfbdb71bee89cfc7b0c3518f804081855118b11f2925a1b7f9d869b,sha256:59946303fde974eb9cb0072316d9e0061c8aff3ff1d40eb6daae0726c891d896,
eva_17,eva,17,PASS,200,200,,,sha256:93cd0c5998e65d294ab428c047cbba067b2380a46193b04d0368b33aebf12321,sha256:59946303fde974eb9cb0072316d9e0061c8aff3ff1d40eb6daae0726c891d896,
eva_18,eva,18,PASS,200,200,,,sha256:4392e74f3df52fc690620bf789837dfc5bcb23d2f5e46f02a32f912c16a31673,sha256:59946303fde974eb9cb0072316d9e0061c8aff3ff1d40eb6daae0726c891d896,
eva_19,eva,19,PASS,200,200,,,sha256:d40d96295cdcfd2798e8225764bb15be074818f798b12809c099f760137a1358,sha256:59946303fde974eb9cb0072316d9e0061c8aff3ff1d40eb6daae0726c891d896,
eva_20,eva,20,PASS,200,200,,,sha256:f92c16b96b907714c5b00f05bb6be7a1a8043dc6bb42f8b558e5e3ff1d918621,sha256:59946303fde974eb9cb0072316d9e0061c8aff3ff1d40eb6daae0726c891d896,
eva_21,eva,21,PASS,200,200,,,sha256:afbce89d2b447515dcb9658225d0d4406f0f9869c12096e24e9be872e28a43ad,sha256:59946303fde974eb9cb0072316d9e0061c8aff3ff1d40eb6daae0726c891d896,
eva_22,eva,22,PASS,200,200,,,sha256:ed3beb5f8d89a2d77a50dbc694111f20a9293dfc0be43747c252105c28dd8cb4,sha256:59946303fde974eb9cb0072316d9e0061c8aff3ff1d40eb6daae0726c891d896,
eva_23,eva,23,PASS,200,200,,,sha256:e38812fd7055aada5498a4b494a511c036593325c55e5bf3d2144b19035bc73b,sha256:59946303fde974eb9cb0072316d9e0061c8aff3ff1d40eb6daae0726c891d896,
eva_24,eva,24,PASS,200,200,,,sha256:b766630991a9bce8c7aff0d10ec6b0bddbcb5deed83ce8022593e890f9159b86,sha256:59946303fde974eb9cb0072316d9e0061c8aff3ff1d40eb6daae0726c891d896,
eva_25,eva,25,PASS,200,200,,,sha256:bd9fa336a4f29322293c951b708f2ea3008712407f35d5f4acc4f4b3cc533749,sha256:59946303fde974eb9cb0072316d9e0061c8aff3ff1d40eb6daae0726c891d896,
eva_26,eva,26,PASS,200,200,,,sha256:2728e67d8235101a1f21dfaadef19f924a2f9e30683e5054d4c34171558caf2d,sha256:59946303fde974eb9cb0072316d9e0061c8aff3ff1d40eb6daae0726c891d896,
eva_27,eva,27,PASS,200,200,,,sha256:8b00a0913bcf720c5f21e2f00a26909ed17da1c803fcb6f5a20d73400665a13a,sha256:59946303fde974eb9cb0072316d9e0061c8aff3ff1d40eb6daae0726c891d896,
eva_28,eva,28,PASS,200,200,,,sha256:8abcfdce81e41eb373a0c0419d0b591e724b473095dc101f3afaa71acd7d2650,sha256:59946303fde974eb9cb0072316d9e0061c8aff3ff1d40eb6daae0726c891d896,
eva_29,eva,29,PASS,200,200,,,sha256:3a1a91abe3d68a1cb9caa5a4943a61561bb90d3db6788e6666c2228e56dab2a8,sha256:59946303fde974eb9cb0072316d9e0061c8aff3ff1d40eb6daae0726c891d896,
eva_30,eva,30,PASS,200,200,,,sha256:00e77550d57fdc250f680e874b354d5f48a351889b8d573b3a37e91c5bb8f4ef,sha256:59946303fde974eb9cb0072316d9e0061c8aff3ff1d40eb6daae0726c891d896,
eva_31,eva,31,PASS,200,200,,,sha256:6ceff161929c1a4f510fdb7526989a5905ce2c5589b3c67246ab46cbacc40598,sha256:59946303fde974eb9cb0072316d9e0061c8aff3ff1d40eb6daae0726c891d896,
eva_32,eva,32,PASS,200,200,,,sha256:f5b13b32d4a68b4b1404fdb43dc11907f70dccba850fb94df6ab30eb514477df,sha256:59946303fde974eb9cb0072316d9e0061c8aff3ff1d40eb6daae0726c891d896,
eva_33,eva,33,PASS,200,200,,,sha256:910e9e81048adf1f73ba1348449e8e70fe4f6fa560d3e3fb13e6792eff2f8cd6,sha256:59946303fde974eb9cb0072316d9e0061c8aff3ff1d40eb6daae0726c891d896,
eva_34,eva,34,PASS,200,200,,,sha256:2e0ab16266b76130415f1079e37103d7b456e7eabfcf78a1372fc6a8f9b8c39a,sha256:59946303fde974eb9cb0072316d9e0061c8aff3ff1d40eb6daae0726c891d896,
eva_35,eva,35,PASS,200,200,,,sha256:3a8702f098dfd2651470e834a32ce1ea2aaf7ece52484bf483e9ff8d73e304de,sha256:59946303fde974eb9cb0072316d9e0061c8aff3ff1d40eb6daae0726c891d896,
eva_36,eva,36,PASS,200,200,,,sha256:e7b6c0d591dac66786326ee3c4ce8fc3786913f1157521ddc5fe6dc564cacce3,sha256:59946303fde974eb9cb0072316d9e0061c8aff3ff1d40eb6daae0726c891d896,
eva_37,eva,37,PASS,200,200,,,sha256:bc029554d36360f2feea6df9ecb8e9e62dc5728c2220f85443806a7271f01d78,sha256:59946303fde974eb9cb0072316d9e0061c8aff3ff1d40eb6daae0726c891d896,
eva_38,eva,38,PASS,200,200,,,sha256:9772afea8abe6ee3cd9ef135a1a82c72af065fa92e6baabb2cf5512f8b008e43,sha256:59946303fde974eb9cb0072316d9e0061c8aff3ff1d40eb6daae0726c891d896,
eva_39,eva,39,PASS,200,200,,,sha256:22c7bc98bc1f9744924c03d3744c4f29672369c0f521cf3775a865e08b78bc9e,sha256:59946303fde974eb9cb0072316d9e0061c8aff3ff1d40eb6daae0726c891d896,
eva_40,eva,40,PASS,200,200,,,sha256:79f82c5f6d51d85d9a8a90618fa585e3019ac32b305934c1cbb8e3ee85bae690,sha256:59946303fde974eb9cb0072316d9e0061c8aff3ff1d40eb6daae0726c891d896,
eva_41,eva,41,PASS,200,200,,,sha256:b498a72a526ad2279151146c8c32c2a43734e4e590dddd50427304daa27acf14,sha256:59946303fde974eb9cb0072316d9e0061c8aff3ff1d40eb6daae0726c891d896,
eva_42,eva,42,PASS,200,200,,,sha256:ef38280aa3a7ecb178b85ad867b0b03a5df6686c270364924ab8c1b0731b4d66,sha256:59946303fde974eb9cb0072316d9e0061c8aff3ff1d40eb6daae0726c891d896,
eva_43,eva,43,PASS,200,200,,,sha256:7c4ddef74bf4aab08f7e3dfea25eb6d78be9a7e494dd875d4efdaf825cca1f7c,sha256:59946303fde974eb9cb0072316d9e0061c8aff3ff1d40eb6daae0726c891d896,
eva_44,eva,44,PASS,200,200,,,sha256:f0aaed7f9deea6cded67d40343dfa26604c350b894d6bb67fe50e37eb88f690d,sha256:59946303fde974eb9cb0072316d9e0061c8aff3ff1d40eb6daae0726c891d896,
eva_45,eva,45,PASS,200,200,,,sha256:aff4f30782ad086c88ca68918fa9ac6467fc47fc0abdbc221b5da9b601a0228f,sha256:59946303fde974eb9cb0072316d9e0061c8aff3ff1d40eb6daae0726c891d896,
eva_46,eva,46,PASS,200,200,,,sha256:49769f5e8cb5aec3dc2710e301b4d6be1cd3637a32d463b5381bd5506dcf1b06,sha256:59946303fde974eb9cb0072316d9e0061c8aff3ff1d40eb6daae0726c891d896,
eva_47,eva,47,PASS,200,200,,,sha256:ac2bf501de39e8d45771a611085f9cfc8687461818adc15871c1fd1575fccc53,sha256:59946303fde974eb9cb0072316d9e0061c8aff3ff1d40eb6daae0726c891d896,
eva_48,eva,48,PASS,200,200,,,sha256:8802f9ee22420683baac91755c76011227d3354e052746170878a9c9857c16a8,sha256:59946303fde974eb9cb0072316d9e0061c8aff3ff1d40eb6daae0726c891d896,
eva_49,eva,49,PASS,200,200,,,sha256:5141e2b1be128c04e886d0753e209ecb3049e87205d6cb32c2abe3ca4cdfe2bb,sha256:59946303fde974eb9cb0072316d9e0061c8aff3ff1d40eb6daae0726c891d896,
eva_50,eva,50,PASS,200,200,,,sha256:c417de7fbd751764168f015155d2410927e661a5683d569931ac2f146c2d80d6,sha256:59946303fde974eb9cb0072316d9e0061c8aff3ff1d40eb6daae0726c891d896,
