run_id,split_seed,dataset_id,model_id,workload_id,status,outcome,trials_used,encrypted_key_runs,selected_candidate_id,selected_trial_status,selected_assurance,log_n,q_prime_count,p_prime_count,log_default_scale,declared_log_qp,security_headroom_bits,analysis_scale_bits,backend_scale_lift_bits,backend_validation_attempts,same_tier_precision_gain_bits,same_tier_static_candidates_tried,generation_kind,key_repeats_requested,key_repeats_completed,success_runs,decision_flips,error_violations,max_observed_error,v_cert,v_amb,mean_total_ms,median_total_ms,p95_total_ms,contract_digest,model_sha256,validation_sha256,result_path
full_floor18_keys3,0,banknote,linear_poly3,split_seed_0/banknote/linear_poly3,ok,SELECTED,2,6,synth_repair_scale_1_rescale_N13_Q7_S24_940085e2ae5c,SAFE,OBSERVED_VALIDATION,13,7,1,24,201,16,24,0,1,0,1,repair_scale_1,3,3,3,0,0,0.0070792602451769104,205,0,77.41819028780492,73.441298,98.464037,sha256:940085e2ae5c5994c565735627ae95788a8cb4ae26447924fd5ac7258879a730,sha256:d14e8e810a9b5b2b945f57cf8f53e4e12ee3b87a118262ba9cb796410c0083a4,sha256:72fdd44cafddf096b5d13f6c1f3ef03c0ead5ec950fbe5f67d948dece7696050,results/thesis_grade_protocol/direct_tabular_autotune_v1/full_floor18_keys3/results/directv1_full_floor18_keys3_seed0_banknote_linear_poly3.json
full_floor18_keys3,0,banknote,mlp_square_linear_score,split_seed_0/banknote/mlp_square_linear_score,ok,SELECTED,1,3,synth_analysis_minimum_rescale_N13_Q6_S20_3d287ebd064d,SAFE,OBSERVED_VALIDATION,13,6,1,20,153,64,18,2,3,0,1,analysis_minimum,3,3,3,0,0,0.0010344073789254615,205,0,116.3779092617885,111.05239,146.15741,sha256:3d287ebd064d474822d2334b3c3b3f431e682e263c1b707b37f514008a4318e9,sha256:4f8ce6d8ca23d87fc4d3623b97f235f3836ca4c0964286f4a1c634427e1d8e31,sha256:e54051db9ee48fb0aef9de3f276efb2fa94d52c613b2999bdf82a3b34cce9786,results/thesis_grade_protocol/direct_tabular_autotune_v1/full_floor18_keys3/results/directv1_full_floor18_keys3_seed0_banknote_mlp_square_linear_score.json
full_floor18_keys3,0,digits_binary,linear_poly3,split_seed_0/digits_binary/linear_poly3,ok,SELECTED,2,6,synth_repair_scale_1_rescale_N13_Q7_S24_c6ed1f915412,SAFE,OBSERVED_VALIDATION,13,7,1,24,201,16,24,0,1,0,1,repair_scale_1,3,3,3,0,0,0.0052045366070118115,264,6,121.47915155679024,113.698651,166.553145,sha256:c6ed1f9154125699690ce900089a2b6fa630cd1c0cfe6b8e8ccd9b873892fcfb,sha256:4732af06a200e574b79412c23f8a91a98989217b2dc0ffb6e5f48ddd4e9caa36,sha256:4c13087ee4033f196fb7e4198634189004ed9afb44ad9df89e575a860f699663,results/thesis_grade_protocol/direct_tabular_autotune_v1/full_floor18_keys3/results/directv1_full_floor18_keys3_seed0_digits_binary_linear_poly3.json
full_floor18_keys3,0,digits_binary,mlp_square_linear_score,split_seed_0/digits_binary/mlp_square_linear_score,ok,SELECTED,1,3,synth_analysis_minimum_rescale_N13_Q6_S20_60e1d89bca4f,SAFE,OBSERVED_VALIDATION,13,6,1,20,153,64,18,2,3,0,1,analysis_minimum,3,3,3,0,0,0.0001828431705502842,254,16,156.07387061975322,149.408285,192.950873,sha256:60e1d89bca4faaf6bc7f49131d4898b4f22620d9526f019c6116e8ecc143b117,sha256:025eb7dea28322d4b60adcfff3b1ff48c3fb44aa57280d39eea813405a6561d5,sha256:5495c326eaf9e043c1c3eb8680315039bd664e87b4a61680c2ef0b8f15a97af5,results/thesis_grade_protocol/direct_tabular_autotune_v1/full_floor18_keys3/results/directv1_full_floor18_keys3_seed0_digits_binary_mlp_square_linear_score.json
full_floor18_keys3,0,iris_binary,linear_poly3,split_seed_0/iris_binary/linear_poly3,ok,SELECTED,1,3,synth_analysis_minimum_rescale_N13_Q7_S20_6cfedb1337de,SAFE,OBSERVED_VALIDATION,13,7,1,20,173,44,18,2,3,0,1,analysis_minimum,3,3,3,0,0,0.015388088557076962,14,0,74.82006452380953,72.910798,88.300689,sha256:6cfedb1337de8c0fdfc7d08bb52b6247cde902ec04d839b96f280fed477d8113,sha256:9d4cf49eb8f29c382a891665f15e69859f5d1419a4ae18552a3490fc78ec0ed1,sha256:29cf99a47cd25520a15aa36d8e7fdf58328fc3a91ad54067266d443b4c04e5ea,results/thesis_grade_protocol/direct_tabular_autotune_v1/full_floor18_keys3/results/directv1_full_floor18_keys3_seed0_iris_binary_linear_poly3.json
full_floor18_keys3,0,iris_binary,mlp_square_linear_score,split_seed_0/iris_binary/mlp_square_linear_score,ok,SELECTED,1,3,synth_analysis_minimum_rescale_N13_Q6_S20_eda7715b34f1,SAFE,OBSERVED_VALIDATION,13,6,1,20,153,64,18,2,3,0,1,analysis_minimum,3,3,3,0,0,0.00024122264087478307,14,0,114.62155709523813,114.019369,127.767554,sha256:eda7715b34f125f9e2f889cd2b8436135b0d3b415a22d082a99f22deaa73e6ea,sha256:177371ecf4239a1072c5b451b94e492d80cc143b260f1ee0383783bb838eadeb,sha256:d1dfea1c06757d546784871690771d09a76b37f1ed76b05b48bd662a6f101c1b,results/thesis_grade_protocol/direct_tabular_autotune_v1/full_floor18_keys3/results/directv1_full_floor18_keys3_seed0_iris_binary_mlp_square_linear_score.json
full_floor18_keys3,0,mnist_pool16,linear_poly3,split_seed_0/mnist_pool16/linear_poly3,ok,SELECTED,2,6,synth_repair_scale_1_rescale_N13_Q7_S24_3278ebe978f2,SAFE,OBSERVED_VALIDATION,13,7,1,24,201,16,24,0,1,0,1,repair_scale_1,3,3,3,0,0,0.006258414996187733,241,8,187.79951645649268,182.298399,221.436262,sha256:3278ebe978f2bc0ae2fa6674e2857b0829044a0d0616a3d1e42fbd8905ab8599,sha256:afd5351d9b781a1fad2db90dc7bca0052521a41efd7694c0ade20974824dcb4e,sha256:5cccf8765df592fe00272dabc79d3e92b1f72479e274a36fdd3bad348019c834,results/thesis_grade_protocol/direct_tabular_autotune_v1/full_floor18_keys3/results/directv1_full_floor18_keys3_seed0_mnist_pool16_linear_poly3.json
full_floor18_keys3,0,mnist_pool16,mlp_square_linear_score,split_seed_0/mnist_pool16/mlp_square_linear_score,ok,SELECTED,1,3,synth_analysis_minimum_rescale_N13_Q6_S20_a9a3b0081a20,SAFE,OBSERVED_VALIDATION,13,6,1,20,153,64,18,2,3,0,1,analysis_minimum,3,3,3,0,0,0.00011187014440683374,246,3,238.23254100267727,232.60208,287.13771,sha256:a9a3b0081a209a995d82e494bdb8154ef9f13cd78bd7f74f94c8fa2c124d7426,sha256:edb34de653b4d4b756b3e497b1edc448b941926d02b32f3d93817db66bde9b78,sha256:53349d9c7215b3e89d24b955f699e8e5839bab24d1e1d7260ca08777474f8aa4,results/thesis_grade_protocol/direct_tabular_autotune_v1/full_floor18_keys3/results/directv1_full_floor18_keys3_seed0_mnist_pool16_mlp_square_linear_score.json
full_floor18_keys3,0,wdbc,linear_poly3,split_seed_0/wdbc/linear_poly3,ok,SELECTED,2,6,synth_repair_scale_1_rescale_N13_Q7_S24_d83530e1c9c4,SAFE,OBSERVED_VALIDATION,13,7,1,24,201,16,24,0,1,0,1,repair_scale_1,3,3,3,0,0,0.013719032146023519,84,1,125.94686503921571,122.688873,147.113559,sha256:d83530e1c9c41bce1e48d9608cfa9c1825f3e7bb8cf8fdfcca525772cbb41d7f,sha256:50d82e12fc96b3084084fba4f370487f7a20d16371905c21d7cb024f9e07f759,sha256:4daa0c410eb88a39520ea9d2b029d040f40278c834119f1ea347657b68dcc603,results/thesis_grade_protocol/direct_tabular_autotune_v1/full_floor18_keys3/results/directv1_full_floor18_keys3_seed0_wdbc_linear_poly3.json
full_floor18_keys3,0,wdbc,mlp_square_linear_score,split_seed_0/wdbc/mlp_square_linear_score,ok,SELECTED,1,3,synth_analysis_minimum_rescale_N13_Q6_S20_6d755fca5e14,SAFE,OBSERVED_VALIDATION,13,6,1,20,153,64,18,2,3,0,1,analysis_minimum,3,3,3,0,0,0.00010485017671285624,83,2,167.259231909804,160.723219,217.326764,sha256:6d755fca5e14dd3a4160412f12ed4908d74bd1c3b5d00a81fd39bce21d78b5c1,sha256:1893e664ba828fbeadfbd122a679d67b16824b736017e531d84aa3401d3752b4,sha256:d3bb010280bc860d2679ef327f6742d85695f9cb47afca80cdf9ffc50b69e469,results/thesis_grade_protocol/direct_tabular_autotune_v1/full_floor18_keys3/results/directv1_full_floor18_keys3_seed0_wdbc_mlp_square_linear_score.json
full_floor18_keys3,1,banknote,linear_poly3,split_seed_1/banknote/linear_poly3,ok,SELECTED,2,6,synth_repair_scale_1_rescale_N13_Q7_S24_cabfebc33906,SAFE,OBSERVED_VALIDATION,13,7,1,24,201,16,24,0,1,0,1,repair_scale_1,3,3,3,0,0,0.007817956426851236,205,0,91.758206913821,84.733364,135.629954,sha256:cabfebc33906e8a51ce7ec11730b152ab285a0999465881b3d7c0fc8f02ecbe2,sha256:d14e8e810a9b5b2b945f57cf8f53e4e12ee3b87a118262ba9cb796410c0083a4,sha256:b8343f24d2e663ef5c2159d243a2b48214476ce6a639cf079cf80aa3a459bf54,results/thesis_grade_protocol/direct_tabular_autotune_v1/full_floor18_keys3/results/directv1_full_floor18_keys3_seed1_banknote_linear_poly3.json
full_floor18_keys3,1,banknote,mlp_square_linear_score,split_seed_1/banknote/mlp_square_linear_score,ok,SELECTED,1,3,synth_analysis_minimum_rescale_N13_Q6_S20_9c960732c5c0,SAFE,OBSERVED_VALIDATION,13,6,1,20,153,64,18,2,3,0,1,analysis_minimum,3,3,3,0,0,0.0006984353140058186,205,0,132.95003948780476,124.924002,182.104089,sha256:9c960732c5c0dc54fd404877fc8ebd6fd9748fd538e69fe907e530bb6b8e6676,sha256:4f8ce6d8ca23d87fc4d3623b97f235f3836ca4c0964286f4a1c634427e1d8e31,sha256:4dd0c18a05ae62f427009faddd9a190419c56dbce2646dc4ed87a518e3437d78,results/thesis_grade_protocol/direct_tabular_autotune_v1/full_floor18_keys3/results/directv1_full_floor18_keys3_seed1_banknote_mlp_square_linear_score.json
full_floor18_keys3,1,digits_binary,linear_poly3,split_seed_1/digits_binary/linear_poly3,ok,SELECTED,2,6,synth_repair_scale_1_rescale_N13_Q7_S24_8d14b4c6f5fe,SAFE,OBSERVED_VALIDATION,13,7,1,24,201,16,24,0,1,0,1,repair_scale_1,3,3,3,0,0,0.0051754481771858485,266,4,134.27690412469147,126.033329,184.134064,sha256:8d14b4c6f5fee33aedb02503978267e75fe4d8a45285103e9b642647d8fde862,sha256:4732af06a200e574b79412c23f8a91a98989217b2dc0ffb6e5f48ddd4e9caa36,sha256:f07edb98e2fb06427da51d665844ceb5d7020158323b0f49f6c68033bd56634d,results/thesis_grade_protocol/direct_tabular_autotune_v1/full_floor18_keys3/results/directv1_full_floor18_keys3_seed1_digits_binary_linear_poly3.json
full_floor18_keys3,1,digits_binary,mlp_square_linear_score,split_seed_1/digits_binary/mlp_square_linear_score,ok,SELECTED,1,3,synth_analysis_minimum_rescale_N13_Q6_S20_8094986b7a00,SAFE,OBSERVED_VALIDATION,13,6,1,20,153,64,18,2,3,0,1,analysis_minimum,3,3,3,0,0,7.859055715436769e-05,256,14,178.16334889629638,167.28561,242.537966,sha256:8094986b7a00222aafeabfb398947d0b59c079e48b52d3505a4f1fd2ce1227fb,sha256:025eb7dea28322d4b60adcfff3b1ff48c3fb44aa57280d39eea813405a6561d5,sha256:a62ac7ab4b53478da5c03b5dadf2a0afbb7fbb5fd9fc9b5ba51d5db1e96b0972,results/thesis_grade_protocol/direct_tabular_autotune_v1/full_floor18_keys3/results/directv1_full_floor18_keys3_seed1_digits_binary_mlp_square_linear_score.json
full_floor18_keys3,1,iris_binary,linear_poly3,split_seed_1/iris_binary/linear_poly3,ok,SELECTED,1,3,synth_analysis_minimum_rescale_N13_Q7_S20_e069b1a71dbf,SAFE,OBSERVED_VALIDATION,13,7,1,20,173,44,18,2,3,0,1,analysis_minimum,3,3,3,0,0,0.01689783022811464,14,0,91.4627360238095,85.358878,125.433107,sha256:e069b1a71dbff15debc8f0289522e8127da33d32224b2465251606c3c91b9170,sha256:9d4cf49eb8f29c382a891665f15e69859f5d1419a4ae18552a3490fc78ec0ed1,sha256:cf8bb61c111a4915703b0f7130b2a51df0f7fce791b975f03cb5bbf9c3ee4402,results/thesis_grade_protocol/direct_tabular_autotune_v1/full_floor18_keys3/results/directv1_full_floor18_keys3_seed1_iris_binary_linear_poly3.json
full_floor18_keys3,1,iris_binary,mlp_square_linear_score,split_seed_1/iris_binary/mlp_square_linear_score,ok,SELECTED,1,3,synth_analysis_minimum_rescale_N13_Q6_S20_417fd14390cd,SAFE,OBSERVED_VALIDATION,13,6,1,20,153,64,18,2,3,0,1,analysis_minimum,3,3,3,0,0,0.00044610744379253164,14,0,129.43706152380952,125.336271,160.932913,sha256:417fd14390cd285d3481b36565f155138ff1867697b66b8837c6a9e8b50c2d74,sha256:177371ecf4239a1072c5b451b94e492d80cc143b260f1ee0383783bb838eadeb,sha256:d6685b39215f4e08127db7612449c5a7e7cd26be102a409d648121be555c9327,results/thesis_grade_protocol/direct_tabular_autotune_v1/full_floor18_keys3/results/directv1_full_floor18_keys3_seed1_iris_binary_mlp_square_linear_score.json
full_floor18_keys3,1,mnist_pool16,linear_poly3,split_seed_1/mnist_pool16/linear_poly3,ok,SELECTED,2,6,synth_repair_scale_1_rescale_N13_Q7_S24_44b57e556da9,SAFE,OBSERVED_VALIDATION,13,7,1,24,201,16,24,0,1,0,1,repair_scale_1,3,3,3,0,0,0.0059409872775259,239,10,206.30227307764358,195.932019,272.663712,sha256:44b57e556da9716d0b81f9eeda8c9cae29f5f39e5a99d32dc3c8444a789d9629,sha256:afd5351d9b781a1fad2db90dc7bca0052521a41efd7694c0ade20974824dcb4e,sha256:85aafeee9d61e0ca1ee59058bb918407abaa28ac670cf6a90de7fee1205b1500,results/thesis_grade_protocol/direct_tabular_autotune_v1/full_floor18_keys3/results/directv1_full_floor18_keys3_seed1_mnist_pool16_linear_poly3.json
full_floor18_keys3,1,mnist_pool16,mlp_square_linear_score,split_seed_1/mnist_pool16/mlp_square_linear_score,ok,SELECTED,1,3,synth_analysis_minimum_rescale_N13_Q6_S20_ef6827811dc9,SAFE,OBSERVED_VALIDATION,13,6,1,20,153,64,18,2,3,0,1,analysis_minimum,3,3,3,0,0,0.00016504170614095592,246,3,249.51933881526097,236.404486,328.470872,sha256:ef6827811dc96d45e72f991a8426edcb6e8bf243640d18da3b137aabffbfe99b,sha256:edb34de653b4d4b756b3e497b1edc448b941926d02b32f3d93817db66bde9b78,sha256:96f6446d1288df8b2b613868e797b86313a5603c2dfd7e1069630db7e4166589,results/thesis_grade_protocol/direct_tabular_autotune_v1/full_floor18_keys3/results/directv1_full_floor18_keys3_seed1_mnist_pool16_mlp_square_linear_score.json
full_floor18_keys3,1,wdbc,linear_poly3,split_seed_1/wdbc/linear_poly3,ok,SELECTED,2,6,synth_repair_scale_1_rescale_N13_Q7_S24_50f4079fb1f8,SAFE,OBSERVED_VALIDATION,13,7,1,24,201,16,24,0,1,0,1,repair_scale_1,3,3,3,0,0,0.013420963235342531,84,1,124.53170053333342,118.934217,159.509657,sha256:50f4079fb1f8977c511cf96d47b97334cda1cb1bbfa83e1316c2b148a7904234,sha256:50d82e12fc96b3084084fba4f370487f7a20d16371905c21d7cb024f9e07f759,sha256:ccb6c6d4c3d5f1c5b5f92ef2717505ce7b97b429d49cc4b028f51001e1396eea,results/thesis_grade_protocol/direct_tabular_autotune_v1/full_floor18_keys3/results/directv1_full_floor18_keys3_seed1_wdbc_linear_poly3.json
full_floor18_keys3,1,wdbc,mlp_square_linear_score,split_seed_1/wdbc/mlp_square_linear_score,ok,SELECTED,1,3,synth_analysis_minimum_rescale_N13_Q6_S20_cfec66f693fd,SAFE,OBSERVED_VALIDATION,13,6,1,20,153,64,18,2,3,0,1,analysis_minimum,3,3,3,0,0,0.0001593249614782466,81,4,167.86207147450992,161.646166,223.152607,sha256:cfec66f693fd6e3a650077a801c046229813e9ce15ecd23489784a9acc32e09e,sha256:1893e664ba828fbeadfbd122a679d67b16824b736017e531d84aa3401d3752b4,sha256:1fd7a713f642d2a43cf5db005a6b735b4581d6b03c92c2944bed0aba91e9a7d0,results/thesis_grade_protocol/direct_tabular_autotune_v1/full_floor18_keys3/results/directv1_full_floor18_keys3_seed1_wdbc_mlp_square_linear_score.json
full_floor18_keys3,2,banknote,linear_poly3,split_seed_2/banknote/linear_poly3,ok,SELECTED,2,6,synth_repair_scale_1_rescale_N13_Q7_S24_77b6cebc7ed5,SAFE,OBSERVED_VALIDATION,13,7,1,24,201,16,24,0,1,0,1,repair_scale_1,3,3,3,0,0,0.007692097860830971,205,0,89.50809298373981,85.326382,116.839095,sha256:77b6cebc7ed5494c7965c1e89db6e6f96dfc54fc7705d5e5dd5470c33f4d2c87,sha256:d14e8e810a9b5b2b945f57cf8f53e4e12ee3b87a118262ba9cb796410c0083a4,sha256:7b277493e2ddd6eec8b74cd9c09134d11a68d0ee85fa9d79b1c8a5b6955ecb09,results/thesis_grade_protocol/direct_tabular_autotune_v1/full_floor18_keys3/results/directv1_full_floor18_keys3_seed2_banknote_linear_poly3.json
full_floor18_keys3,2,banknote,mlp_square_linear_score,split_seed_2/banknote/mlp_square_linear_score,ok,SELECTED,1,3,synth_analysis_minimum_rescale_N13_Q6_S20_0a7f04d55af9,SAFE,OBSERVED_VALIDATION,13,6,1,20,153,64,18,2,3,0,1,analysis_minimum,3,3,3,0,0,0.0004711365381197541,205,0,133.42226755934962,127.090238,174.587308,sha256:0a7f04d55af9ce804c43fffeb4508aa454fddf0784e105ed6f1f9029300bdca5,sha256:4f8ce6d8ca23d87fc4d3623b97f235f3836ca4c0964286f4a1c634427e1d8e31,sha256:60026cef7fd567d132a83308915b59b70b3493ff0abaca3da4a556aa5176d83d,results/thesis_grade_protocol/direct_tabular_autotune_v1/full_floor18_keys3/results/directv1_full_floor18_keys3_seed2_banknote_mlp_square_linear_score.json
full_floor18_keys3,2,digits_binary,linear_poly3,split_seed_2/digits_binary/linear_poly3,ok,SELECTED,2,6,synth_repair_scale_1_rescale_N13_Q7_S24_24fcbcea0c1f,SAFE,OBSERVED_VALIDATION,13,7,1,24,201,16,24,0,1,0,1,repair_scale_1,3,3,3,0,0,0.0040373651630054574,263,7,129.20809461111105,122.880152,171.315782,sha256:24fcbcea0c1f5f4439df3ac613fa7ad37200fd4a5ef6f5af5dcdf46149f8af46,sha256:4732af06a200e574b79412c23f8a91a98989217b2dc0ffb6e5f48ddd4e9caa36,sha256:6e017e474d82682e11d9429192ef206bfa022e70ad038dd7e6a8c3706609a64a,results/thesis_grade_protocol/direct_tabular_autotune_v1/full_floor18_keys3/results/directv1_full_floor18_keys3_seed2_digits_binary_linear_poly3.json
full_floor18_keys3,2,digits_binary,mlp_square_linear_score,split_seed_2/digits_binary/mlp_square_linear_score,ok,SELECTED,1,3,synth_analysis_minimum_rescale_N13_Q6_S20_75879362be96,SAFE,OBSERVED_VALIDATION,13,6,1,20,153,64,18,2,3,0,1,analysis_minimum,3,3,3,0,0,0.00011097308564345099,249,21,176.6746916629632,168.144787,236.440924,sha256:75879362be961b35c5e4ef212d1aa7949775ec0cba5905a291b89cc0eab61fe7,sha256:025eb7dea28322d4b60adcfff3b1ff48c3fb44aa57280d39eea813405a6561d5,sha256:fd3581e95f8aaaa939e0317baf4b49bd0d73ade44e4c73438a69ac3b209f24e2,results/thesis_grade_protocol/direct_tabular_autotune_v1/full_floor18_keys3/results/directv1_full_floor18_keys3_seed2_digits_binary_mlp_square_linear_score.json
full_floor18_keys3,2,iris_binary,linear_poly3,split_seed_2/iris_binary/linear_poly3,ok,SELECTED,1,3,synth_analysis_minimum_rescale_N13_Q7_S20_b10765d6500e,SAFE,OBSERVED_VALIDATION,13,7,1,20,173,44,18,2,3,0,1,analysis_minimum,3,3,3,0,0,0.015710686791857054,14,0,86.36436923809522,82.383515,104.158077,sha256:b10765d6500eb092aacc04548ad1facd697d414bb9b0a6c0085e44acf4b15ca3,sha256:9d4cf49eb8f29c382a891665f15e69859f5d1419a4ae18552a3490fc78ec0ed1,sha256:5c8a4e7264996c7f4209076fc38e85215135c8e2ebdde8069d900ed759e90346,results/thesis_grade_protocol/direct_tabular_autotune_v1/full_floor18_keys3/results/directv1_full_floor18_keys3_seed2_iris_binary_linear_poly3.json
full_floor18_keys3,2,iris_binary,mlp_square_linear_score,split_seed_2/iris_binary/mlp_square_linear_score,ok,SELECTED,1,3,synth_analysis_minimum_rescale_N13_Q6_S20_125eaf89ec9a,SAFE,OBSERVED_VALIDATION,13,6,1,20,153,64,18,2,3,0,1,analysis_minimum,3,3,3,0,0,0.00016753926035351085,14,0,135.22600809523814,125.32761,167.644714,sha256:125eaf89ec9a212d02bc544c6efcdc2be09123b7deed655220e59afbb23334c9,sha256:177371ecf4239a1072c5b451b94e492d80cc143b260f1ee0383783bb838eadeb,sha256:718ca8ef31336b4301f780c65a1f15152483a35ac6779832144b80642ada06a7,results/thesis_grade_protocol/direct_tabular_autotune_v1/full_floor18_keys3/results/directv1_full_floor18_keys3_seed2_iris_binary_mlp_square_linear_score.json
full_floor18_keys3,2,mnist_pool16,linear_poly3,split_seed_2/mnist_pool16/linear_poly3,ok,SELECTED,2,6,synth_repair_scale_1_rescale_N13_Q7_S24_4df9265b02c0,SAFE,OBSERVED_VALIDATION,13,7,1,24,201,16,24,0,1,0,1,repair_scale_1,3,3,3,0,0,0.0067119990513530015,242,7,215.0572504551537,200.630516,306.596026,sha256:4df9265b02c098834455931bb995ca146691778f58f9a2f2cb824fd59790644e,sha256:afd5351d9b781a1fad2db90dc7bca0052521a41efd7694c0ade20974824dcb4e,sha256:612965f07387ec520524c47b4628f174fd9c43234c15d0ea95c86a60b3837a73,results/thesis_grade_protocol/direct_tabular_autotune_v1/full_floor18_keys3/results/directv1_full_floor18_keys3_seed2_mnist_pool16_linear_poly3.json
full_floor18_keys3,2,mnist_pool16,mlp_square_linear_score,split_seed_2/mnist_pool16/mlp_square_linear_score,ok,SELECTED,1,3,synth_analysis_minimum_rescale_N13_Q6_S20_a1a2f8ac0526,SAFE,OBSERVED_VALIDATION,13,6,1,20,153,64,18,2,3,0,1,analysis_minimum,3,3,3,0,0,0.00016501093415238755,246,3,253.48495272423025,239.600899,338.720311,sha256:a1a2f8ac0526babaf643de99a667f3c4a08f2a3d4ae44f8f17d1330514352ff3,sha256:edb34de653b4d4b756b3e497b1edc448b941926d02b32f3d93817db66bde9b78,sha256:e617ab0e7f4d05fbebea25dd475f9fdcf2145404367bbf43d3012141d1f48129,results/thesis_grade_protocol/direct_tabular_autotune_v1/full_floor18_keys3/results/directv1_full_floor18_keys3_seed2_mnist_pool16_mlp_square_linear_score.json
full_floor18_keys3,2,wdbc,linear_poly3,split_seed_2/wdbc/linear_poly3,ok,SELECTED,2,6,synth_repair_scale_1_rescale_N13_Q7_S24_0e8dd22d71bf,SAFE,OBSERVED_VALIDATION,13,7,1,24,201,16,24,0,1,0,1,repair_scale_1,3,3,3,0,0,0.008889786789531728,84,1,129.71871435294122,123.192022,174.454453,sha256:0e8dd22d71bf07aefd5a7cf5838b08001e6dcded10436684028341a161e2cd9b,sha256:50d82e12fc96b3084084fba4f370487f7a20d16371905c21d7cb024f9e07f759,sha256:cc9fe6aed90d078633e7c6f40f4d73656466cd6504a37055f57c6c8a461c1d87,results/thesis_grade_protocol/direct_tabular_autotune_v1/full_floor18_keys3/results/directv1_full_floor18_keys3_seed2_wdbc_linear_poly3.json
full_floor18_keys3,2,wdbc,mlp_square_linear_score,split_seed_2/wdbc/mlp_square_linear_score,ok,SELECTED,1,3,synth_analysis_minimum_rescale_N13_Q6_S20_1893fb70e490,SAFE,OBSERVED_VALIDATION,13,6,1,20,153,64,18,2,3,0,1,analysis_minimum,3,3,3,0,0,0.0011073325667461942,82,3,170.41404240784317,164.324468,224.234518,sha256:1893fb70e490788783b8647053db7564bac87b61c1dc679557ed7312ef0758f6,sha256:1893e664ba828fbeadfbd122a679d67b16824b736017e531d84aa3401d3752b4,sha256:9f6831f221724178f42d128e96b6aee5c7cc6862d16ebb703355ef81dd1b4415,results/thesis_grade_protocol/direct_tabular_autotune_v1/full_floor18_keys3/results/directv1_full_floor18_keys3_seed2_wdbc_mlp_square_linear_score.json
full_floor18_keys3,3,banknote,linear_poly3,split_seed_3/banknote/linear_poly3,ok,SELECTED,2,6,synth_repair_scale_1_rescale_N13_Q7_S24_52f43f9afafa,SAFE,OBSERVED_VALIDATION,13,7,1,24,201,16,24,0,1,0,1,repair_scale_1,3,3,3,0,0,0.0076993392313977616,205,0,85.70134980487799,79.523026,124.231613,sha256:52f43f9afafa289e7d3309c1dfb1b308d62c62021515fe37c0dc0308aff61f08,sha256:d14e8e810a9b5b2b945f57cf8f53e4e12ee3b87a118262ba9cb796410c0083a4,sha256:c6d0e6f1b1966b11e3410238909b056a0eabf23d405ddb4f909146adb0aae595,results/thesis_grade_protocol/direct_tabular_autotune_v1/full_floor18_keys3/results/directv1_full_floor18_keys3_seed3_banknote_linear_poly3.json
full_floor18_keys3,3,banknote,mlp_square_linear_score,split_seed_3/banknote/mlp_square_linear_score,ok,SELECTED,1,3,synth_analysis_minimum_rescale_N13_Q6_S20_d403feb5824c,SAFE,OBSERVED_VALIDATION,13,6,1,20,153,64,18,2,3,0,1,analysis_minimum,3,3,3,0,0,0.0006645398171066796,205,0,128.10138230569106,118.339906,181.706027,sha256:d403feb5824cc4a5347b8f058947886b0e1f379595fc5b7394eeac04bee0776d,sha256:4f8ce6d8ca23d87fc4d3623b97f235f3836ca4c0964286f4a1c634427e1d8e31,sha256:724adff9fd9f3b1161d89fa241a1143a477b6da1fc1e1419bb25d2d33a640990,results/thesis_grade_protocol/direct_tabular_autotune_v1/full_floor18_keys3/results/directv1_full_floor18_keys3_seed3_banknote_mlp_square_linear_score.json
full_floor18_keys3,3,digits_binary,linear_poly3,split_seed_3/digits_binary/linear_poly3,ok,SELECTED,2,6,synth_repair_scale_1_rescale_N13_Q7_S24_b7caada3de51,SAFE,OBSERVED_VALIDATION,13,7,1,24,201,16,24,0,1,0,1,repair_scale_1,3,3,3,0,0,0.005089506879679684,266,4,141.47255487530865,134.055259,200.123414,sha256:b7caada3de5167aae3e533a7dd36e5fda46b48e4e67445f78e7687e602327727,sha256:4732af06a200e574b79412c23f8a91a98989217b2dc0ffb6e5f48ddd4e9caa36,sha256:35eb9d0e8e50bf8d881e5fb4adb85e349e0f80f8a034c5c08faad09115630c0c,results/thesis_grade_protocol/direct_tabular_autotune_v1/full_floor18_keys3/results/directv1_full_floor18_keys3_seed3_digits_binary_linear_poly3.json
full_floor18_keys3,3,digits_binary,mlp_square_linear_score,split_seed_3/digits_binary/mlp_square_linear_score,ok,SELECTED,1,3,synth_analysis_minimum_rescale_N13_Q6_S20_bbfdc7e5ffb9,SAFE,OBSERVED_VALIDATION,13,6,1,20,153,64,18,2,3,0,1,analysis_minimum,3,3,3,0,0,7.078227575185725e-05,254,16,184.56675272222225,175.022855,247.417435,sha256:bbfdc7e5ffb952c4229b89ee17bd6fc690bbe837bfd1c987f7c2395d697fa37f,sha256:025eb7dea28322d4b60adcfff3b1ff48c3fb44aa57280d39eea813405a6561d5,sha256:8bf72a8efb62db52d4c66349c7eec07b99c5c74fd29be13865b4362f5fde3a88,results/thesis_grade_protocol/direct_tabular_autotune_v1/full_floor18_keys3/results/directv1_full_floor18_keys3_seed3_digits_binary_mlp_square_linear_score.json
full_floor18_keys3,3,iris_binary,linear_poly3,split_seed_3/iris_binary/linear_poly3,ok,SELECTED,1,3,synth_analysis_minimum_rescale_N13_Q7_S20_1245fee766ad,SAFE,OBSERVED_VALIDATION,13,7,1,20,173,44,18,2,3,0,1,analysis_minimum,3,3,3,0,0,0.01700509793323568,14,0,111.5670336904762,97.52285,186.011802,sha256:1245fee766ad1b63a2e50770a1b7bba877c2bac503a624732bb11055b2b22f55,sha256:9d4cf49eb8f29c382a891665f15e69859f5d1419a4ae18552a3490fc78ec0ed1,sha256:e196692a127fd58688d5574143c0bf253fc1e26634bffd6920587a346a9df925,results/thesis_grade_protocol/direct_tabular_autotune_v1/full_floor18_keys3/results/directv1_full_floor18_keys3_seed3_iris_binary_linear_poly3.json
full_floor18_keys3,3,iris_binary,mlp_square_linear_score,split_seed_3/iris_binary/mlp_square_linear_score,ok,SELECTED,1,3,synth_analysis_minimum_rescale_N13_Q6_S20_db84d5be9564,SAFE,OBSERVED_VALIDATION,13,6,1,20,153,64,18,2,3,0,1,analysis_minimum,3,3,3,0,0,0.0005493595412777719,14,0,138.00834483333333,126.569165,221.590993,sha256:db84d5be956443c33786d64553405cbcd0782a84f4c44e10e5c8e7803a647f79,sha256:177371ecf4239a1072c5b451b94e492d80cc143b260f1ee0383783bb838eadeb,sha256:fdca97bbff79689950caeaca8af2741b496bc525454c0334fe563bdc8c6f2a7e,results/thesis_grade_protocol/direct_tabular_autotune_v1/full_floor18_keys3/results/directv1_full_floor18_keys3_seed3_iris_binary_mlp_square_linear_score.json
full_floor18_keys3,3,mnist_pool16,linear_poly3,split_seed_3/mnist_pool16/linear_poly3,ok,SELECTED,2,6,synth_repair_scale_1_rescale_N13_Q7_S24_6b95ea1ec75b,SAFE,OBSERVED_VALIDATION,13,7,1,24,201,16,24,0,1,0,1,repair_scale_1,3,3,3,0,0,0.006673851749988802,243,6,246.02979069879493,232.161333,348.92915,sha256:6b95ea1ec75bf51a47e8589f007225173fa77dd53b36d00225abd6a54a5fed75,sha256:afd5351d9b781a1fad2db90dc7bca0052521a41efd7694c0ade20974824dcb4e,sha256:1cfef214cd0c336e4a63be779e20c749d24e65118e74c2e8549802b2a80ff5c9,results/thesis_grade_protocol/direct_tabular_autotune_v1/full_floor18_keys3/results/directv1_full_floor18_keys3_seed3_mnist_pool16_linear_poly3.json
full_floor18_keys3,3,mnist_pool16,mlp_square_linear_score,split_seed_3/mnist_pool16/mlp_square_linear_score,ok,SELECTED,1,3,synth_analysis_minimum_rescale_N13_Q6_S20_f4d2820335af,SAFE,OBSERVED_VALIDATION,13,6,1,20,153,64,18,2,3,0,1,analysis_minimum,3,3,3,0,0,0.00010351327576135771,248,1,293.8684140615796,276.444582,396.880517,sha256:f4d2820335af9612031438032f69a8d588192d080468f0054f1b0e6fec711fca,sha256:edb34de653b4d4b756b3e497b1edc448b941926d02b32f3d93817db66bde9b78,sha256:756d2da0f0d67b72594321a08b0a9cd4c6e3ee5435082bd413a49401c172d193,results/thesis_grade_protocol/direct_tabular_autotune_v1/full_floor18_keys3/results/directv1_full_floor18_keys3_seed3_mnist_pool16_mlp_square_linear_score.json
full_floor18_keys3,3,wdbc,linear_poly3,split_seed_3/wdbc/linear_poly3,ok,SELECTED,2,6,synth_repair_scale_1_rescale_N13_Q7_S24_7a9253ddb5f1,SAFE,OBSERVED_VALIDATION,13,7,1,24,201,16,24,0,1,0,1,repair_scale_1,3,3,3,0,0,0.00900273820177272,84,1,146.2646446666667,137.139176,206.743032,sha256:7a9253ddb5f1cfcb4c774f18b7547031f9a25666ac0c194706b47127e2055747,sha256:50d82e12fc96b3084084fba4f370487f7a20d16371905c21d7cb024f9e07f759,sha256:0cf75cd74c6ed131052f90b600212c6856e20e8327ac5a78cbb3a7aeaa3fef1c,results/thesis_grade_protocol/direct_tabular_autotune_v1/full_floor18_keys3/results/directv1_full_floor18_keys3_seed3_wdbc_linear_poly3.json
full_floor18_keys3,3,wdbc,mlp_square_linear_score,split_seed_3/wdbc/mlp_square_linear_score,ok,SELECTED,1,3,synth_analysis_minimum_rescale_N13_Q6_S20_85d1a36f9370,SAFE,OBSERVED_VALIDATION,13,6,1,20,153,64,18,2,3,0,1,analysis_minimum,3,3,3,0,0,0.00020469236336079222,81,4,203.75592296078426,191.846377,283.275697,sha256:85d1a36f93703e819438f27b4a47adf39b04c959de8aa25c010ec702d2b0430d,sha256:1893e664ba828fbeadfbd122a679d67b16824b736017e531d84aa3401d3752b4,sha256:7e782f435ae4e559db373ab3918a02422de221a42db0fc96da17a89e7dce5977,results/thesis_grade_protocol/direct_tabular_autotune_v1/full_floor18_keys3/results/directv1_full_floor18_keys3_seed3_wdbc_mlp_square_linear_score.json
full_floor18_keys3,4,banknote,linear_poly3,split_seed_4/banknote/linear_poly3,ok,SELECTED,2,6,synth_repair_scale_1_rescale_N13_Q7_S24_5b03bef84ce4,SAFE,OBSERVED_VALIDATION,13,7,1,24,201,16,24,0,1,0,1,repair_scale_1,3,3,3,0,0,0.0076912751725286,205,0,106.2797123430894,99.442928,156.5164,sha256:5b03bef84ce49b1f4b2ea932092920e2c261093d68f5640cea1cc9f43d39fb30,sha256:d14e8e810a9b5b2b945f57cf8f53e4e12ee3b87a118262ba9cb796410c0083a4,sha256:722c717824cf3220c3f868202a3c431526763d72f0cadbf6aa514ae94bf67b80,results/thesis_grade_protocol/direct_tabular_autotune_v1/full_floor18_keys3/results/directv1_full_floor18_keys3_seed4_banknote_linear_poly3.json
full_floor18_keys3,4,banknote,mlp_square_linear_score,split_seed_4/banknote/mlp_square_linear_score,ok,SELECTED,1,3,synth_analysis_minimum_rescale_N13_Q6_S20_5181717725fd,SAFE,OBSERVED_VALIDATION,13,6,1,20,153,64,18,2,3,0,1,analysis_minimum,3,3,3,0,0,0.0011939673128991135,205,0,158.6686363674796,149.078072,237.230316,sha256:5181717725fd5660732aa060a5b857f2225a8d939afcbc65f9cbb34d14379301,sha256:4f8ce6d8ca23d87fc4d3623b97f235f3836ca4c0964286f4a1c634427e1d8e31,sha256:b42315c6cd33153e0531eb767007b80bf40aa1438251c1ced3b998e4d796e1b0,results/thesis_grade_protocol/direct_tabular_autotune_v1/full_floor18_keys3/results/directv1_full_floor18_keys3_seed4_banknote_mlp_square_linear_score.json
full_floor18_keys3,4,digits_binary,linear_poly3,split_seed_4/digits_binary/linear_poly3,ok,SELECTED,2,6,synth_repair_scale_1_rescale_N13_Q7_S24_1a5f9eb0573f,SAFE,OBSERVED_VALIDATION,13,7,1,24,201,16,24,0,1,0,1,repair_scale_1,3,3,3,0,0,0.0051297891589501265,264,6,167.49041755432108,150.021902,283.476213,sha256:1a5f9eb0573fe29863505d901ba9a5b2c54dc7db1ff818102c6b6753ca8a9b46,sha256:4732af06a200e574b79412c23f8a91a98989217b2dc0ffb6e5f48ddd4e9caa36,sha256:f7c1d7760f711279e1122124dc5c438ca660801da11747a26e820e15356c7283,results/thesis_grade_protocol/direct_tabular_autotune_v1/full_floor18_keys3/results/directv1_full_floor18_keys3_seed4_digits_binary_linear_poly3.json
full_floor18_keys3,4,digits_binary,mlp_square_linear_score,split_seed_4/digits_binary/mlp_square_linear_score,ok,SELECTED,1,3,synth_analysis_minimum_rescale_N13_Q6_S20_0a724afc6c22,SAFE,OBSERVED_VALIDATION,13,6,1,20,153,64,18,2,3,0,1,analysis_minimum,3,3,3,0,0,8.24753499605313e-05,248,22,193.915889733333,174.845141,307.11522,sha256:0a724afc6c220232dca04222167e8d673cd1c3f990c4c26d609a02a8656f5513,sha256:025eb7dea28322d4b60adcfff3b1ff48c3fb44aa57280d39eea813405a6561d5,sha256:ec63dbf9d905eb025a2b53e158b484b6c121813760d41f53efe4965796fe7868,results/thesis_grade_protocol/direct_tabular_autotune_v1/full_floor18_keys3/results/directv1_full_floor18_keys3_seed4_digits_binary_mlp_square_linear_score.json
full_floor18_keys3,4,iris_binary,linear_poly3,split_seed_4/iris_binary/linear_poly3,ok,SELECTED,1,3,synth_analysis_minimum_rescale_N13_Q7_S20_6620abbbb624,SAFE,OBSERVED_VALIDATION,13,7,1,20,173,44,18,2,3,0,1,analysis_minimum,3,3,3,0,0,0.018132877964062932,14,0,75.27216211904762,72.562183,93.4568,sha256:6620abbbb6247d8bb5fdd57b42ac607e4bed6ec9dd10635c65ca1b7ca318bd49,sha256:9d4cf49eb8f29c382a891665f15e69859f5d1419a4ae18552a3490fc78ec0ed1,sha256:516bfef6c0e76a1b95b55cda770ca98496a8715d976d901e3042a2d2e4f5ba0c,results/thesis_grade_protocol/direct_tabular_autotune_v1/full_floor18_keys3/results/directv1_full_floor18_keys3_seed4_iris_binary_linear_poly3.json
full_floor18_keys3,4,iris_binary,mlp_square_linear_score,split_seed_4/iris_binary/mlp_square_linear_score,ok,SELECTED,1,3,synth_analysis_minimum_rescale_N13_Q6_S20_410391a92584,SAFE,OBSERVED_VALIDATION,13,6,1,20,153,64,18,2,3,0,1,analysis_minimum,3,3,3,0,0,0.0003333252003505649,14,0,151.54258197619052,126.836857,216.220467,sha256:410391a925846337eacde00aa72654951f9dc290c81bb7252e98e4423374513b,sha256:177371ecf4239a1072c5b451b94e492d80cc143b260f1ee0383783bb838eadeb,sha256:5079d568ca89ef90170f2af980d4a8edb3b11c1155778e82bc52779cfd2264a4,results/thesis_grade_protocol/direct_tabular_autotune_v1/full_floor18_keys3/results/directv1_full_floor18_keys3_seed4_iris_binary_mlp_square_linear_score.json
full_floor18_keys3,4,mnist_pool16,linear_poly3,split_seed_4/mnist_pool16/linear_poly3,ok,SELECTED,2,6,synth_repair_scale_1_rescale_N13_Q7_S24_bb6a1f909bb7,SAFE,OBSERVED_VALIDATION,13,7,1,24,201,16,24,0,1,0,1,repair_scale_1,3,3,3,0,0,0.006466742134100367,242,7,205.45056710843375,193.0547,287.153824,sha256:bb6a1f909bb7b2060c105d9efe293131d6b67099ab19c3f2d36c972ab334cf77,sha256:afd5351d9b781a1fad2db90dc7bca0052521a41efd7694c0ade20974824dcb4e,sha256:e9c5a25ab385c2a5a0237b936a6168968c40b91656d7fe9458aef0cb30e9fafe,results/thesis_grade_protocol/direct_tabular_autotune_v1/full_floor18_keys3/results/directv1_full_floor18_keys3_seed4_mnist_pool16_linear_poly3.json
full_floor18_keys3,4,mnist_pool16,mlp_square_linear_score,split_seed_4/mnist_pool16/mlp_square_linear_score,ok,SELECTED,1,3,synth_analysis_minimum_rescale_N13_Q6_S20_fc30b5ace58f,SAFE,OBSERVED_VALIDATION,13,6,1,20,153,64,18,2,3,0,1,analysis_minimum,3,3,3,0,0,0.00024032469634593934,247,2,238.14749210174026,228.7415,296.359155,sha256:fc30b5ace58fe20165a6648cbc19f5a1669ed3d76758b083faffe05ef8021ae1,sha256:edb34de653b4d4b756b3e497b1edc448b941926d02b32f3d93817db66bde9b78,sha256:b27cbc9e74a5d94fa494fc3353344c167c930cd00a75fe0556adac354c9f9ab5,results/thesis_grade_protocol/direct_tabular_autotune_v1/full_floor18_keys3/results/directv1_full_floor18_keys3_seed4_mnist_pool16_mlp_square_linear_score.json
full_floor18_keys3,4,wdbc,linear_poly3,split_seed_4/wdbc/linear_poly3,ok,SELECTED,2,6,synth_repair_scale_1_rescale_N13_Q7_S24_d84de52a7b18,SAFE,OBSERVED_VALIDATION,13,7,1,24,201,16,24,0,1,0,1,repair_scale_1,3,3,3,0,0,0.00881584745248043,83,2,123.04837326274507,117.916757,157.512163,sha256:d84de52a7b18d138a9c86c0f569bda9886e3006473328367307de8b31e286758,sha256:50d82e12fc96b3084084fba4f370487f7a20d16371905c21d7cb024f9e07f759,sha256:3695690e6012f4b3d6e4b803436c62f7eb6b10a584acf1a4ec3a5f3ea81dd59e,results/thesis_grade_protocol/direct_tabular_autotune_v1/full_floor18_keys3/results/directv1_full_floor18_keys3_seed4_wdbc_linear_poly3.json
full_floor18_keys3,4,wdbc,mlp_square_linear_score,split_seed_4/wdbc/mlp_square_linear_score,ok,SELECTED,1,3,synth_analysis_minimum_rescale_N13_Q6_S20_53fdc19676be,SAFE,OBSERVED_VALIDATION,13,6,1,20,153,64,18,2,3,0,1,analysis_minimum,3,3,3,0,0,0.0001350336437611066,83,2,167.55449556078432,157.249004,221.635369,sha256:53fdc19676be2ece0a157c069c96090968757f8fd46db2b8bb4fb7f00023f3a1,sha256:1893e664ba828fbeadfbd122a679d67b16824b736017e531d84aa3401d3752b4,sha256:6bcc6e7b0b4920daf7d5eaeae63e3a2772bebcadce40b2dd8b4f519f7916516b,results/thesis_grade_protocol/direct_tabular_autotune_v1/full_floor18_keys3/results/directv1_full_floor18_keys3_seed4_wdbc_mlp_square_linear_score.json
