timestamp,disk_total_bytes,disk_used_bytes,disk_free_bytes,inode_free,inode_total,resource_gate,memory_available_kib,swap_used_kib,docker_disk_usage_bytes,active_provider,active_stage,pid,process_rss_kib,workspace_size_bytes,completed_inputs,completed_keysets,heartbeat_age_seconds,raw_resource_ledger_sha256
2026-08-06T14:33:15+09:00,189906968576,67487444992,114242871296,10947321,11796480,GREEN,12569292,0,NOT_SEPARATELY_RECORDED,NONE,SERVICE_SURVIVAL_TEST,9763,NOT_SEPARATELY_RECORDED,NOT_SEPARATELY_RECORDED,NOT_SEPARATELY_RECORDED,NOT_SEPARATELY_RECORDED,NOT_SEPARATELY_RECORDED,sha256:3dd6e4a628b0a296e4dcf9bc65cdbaf89bf1e112f5c2ac5d1bdc2919ec051048
2026-08-06T14:48:15+09:00,189906968576,67552878592,114177437696,10944502,11796480,GREEN,12349684,0,NOT_SEPARATELY_RECORDED,corelab,PROVIDER_JOB,9763,NOT_SEPARATELY_RECORDED,NOT_SEPARATELY_RECORDED,NOT_SEPARATELY_RECORDED,NOT_SEPARATELY_RECORDED,NOT_SEPARATELY_RECORDED,sha256:3dd6e4a628b0a296e4dcf9bc65cdbaf89bf1e112f5c2ac5d1bdc2919ec051048
2026-08-06T15:03:15+09:00,189906968576,75092512768,106637803520,10448172,11796480,GREEN,9769752,324,NOT_SEPARATELY_RECORDED,heir,PROVIDER_JOB,9763,NOT_SEPARATELY_RECORDED,NOT_SEPARATELY_RECORDED,NOT_SEPARATELY_RECORDED,NOT_SEPARATELY_RECORDED,NOT_SEPARATELY_RECORDED,sha256:3dd6e4a628b0a296e4dcf9bc65cdbaf89bf1e112f5c2ac5d1bdc2919ec051048
2026-08-06T15:18:15+09:00,189906968576,75281612800,106448703488,10432257,11796480,GREEN,9619464,324,NOT_SEPARATELY_RECORDED,heir,PROVIDER_JOB,9763,NOT_SEPARATELY_RECORDED,NOT_SEPARATELY_RECORDED,NOT_SEPARATELY_RECORDED,NOT_SEPARATELY_RECORDED,NOT_SEPARATELY_RECORDED,sha256:3dd6e4a628b0a296e4dcf9bc65cdbaf89bf1e112f5c2ac5d1bdc2919ec051048
2026-08-06T15:33:15+09:00,189906968576,79070797824,102659518464,10413308,11796480,GREEN,9539516,1012420,NOT_SEPARATELY_RECORDED,heir,PROVIDER_JOB,9763,NOT_SEPARATELY_RECORDED,NOT_SEPARATELY_RECORDED,NOT_SEPARATELY_RECORDED,NOT_SEPARATELY_RECORDED,NOT_SEPARATELY_RECORDED,sha256:3dd6e4a628b0a296e4dcf9bc65cdbaf89bf1e112f5c2ac5d1bdc2919ec051048
2026-08-06T15:48:15+09:00,189906968576,81276825600,100453490688,10376923,11796480,GREEN,13071336,3170876,NOT_SEPARATELY_RECORDED,NONE,QUEUE_EXHAUSTED_QA,9763,NOT_SEPARATELY_RECORDED,NOT_SEPARATELY_RECORDED,NOT_SEPARATELY_RECORDED,NOT_SEPARATELY_RECORDED,NOT_SEPARATELY_RECORDED,sha256:3dd6e4a628b0a296e4dcf9bc65cdbaf89bf1e112f5c2ac5d1bdc2919ec051048
2026-08-06T15:50:59+09:00,189906968576,81272823808,100457492480,10376924,11796480,GREEN,13473304,1540336,NOT_SEPARATELY_RECORDED,NONE,MASTER_PREFLIGHT,45498,NOT_SEPARATELY_RECORDED,NOT_SEPARATELY_RECORDED,NOT_SEPARATELY_RECORDED,NOT_SEPARATELY_RECORDED,NOT_SEPARATELY_RECORDED,sha256:3dd6e4a628b0a296e4dcf9bc65cdbaf89bf1e112f5c2ac5d1bdc2919ec051048
2026-08-06T16:09:42+09:00,189906968576,81409953792,100320362496,10374178,11796480,GREEN,13095308,1595964,NOT_SEPARATELY_RECORDED,NONE,MASTER_PREFLIGHT,51707,NOT_SEPARATELY_RECORDED,NOT_SEPARATELY_RECORDED,NOT_SEPARATELY_RECORDED,NOT_SEPARATELY_RECORDED,NOT_SEPARATELY_RECORDED,sha256:3dd6e4a628b0a296e4dcf9bc65cdbaf89bf1e112f5c2ac5d1bdc2919ec051048
2026-08-06T16:24:42+09:00,189906968576,81505382400,100224933888,10372478,11796480,GREEN,12790992,1510064,NOT_SEPARATELY_RECORDED,corelab,PROVIDER_JOB,51707,NOT_SEPARATELY_RECORDED,NOT_SEPARATELY_RECORDED,NOT_SEPARATELY_RECORDED,NOT_SEPARATELY_RECORDED,NOT_SEPARATELY_RECORDED,sha256:3dd6e4a628b0a296e4dcf9bc65cdbaf89bf1e112f5c2ac5d1bdc2919ec051048
2026-08-06T16:39:42+09:00,189906968576,81511329792,100218986496,10372288,11796480,GREEN,12673992,1508464,NOT_SEPARATELY_RECORDED,corelab,PROVIDER_JOB,51707,NOT_SEPARATELY_RECORDED,NOT_SEPARATELY_RECORDED,NOT_SEPARATELY_RECORDED,NOT_SEPARATELY_RECORDED,NOT_SEPARATELY_RECORDED,sha256:3dd6e4a628b0a296e4dcf9bc65cdbaf89bf1e112f5c2ac5d1bdc2919ec051048
2026-08-06T16:54:42+09:00,189906968576,84592308224,97138008064,10354040,11796480,GREEN,12938024,1623096,NOT_SEPARATELY_RECORDED,corelab,PROVIDER_JOB,51707,NOT_SEPARATELY_RECORDED,NOT_SEPARATELY_RECORDED,NOT_SEPARATELY_RECORDED,NOT_SEPARATELY_RECORDED,NOT_SEPARATELY_RECORDED,sha256:3dd6e4a628b0a296e4dcf9bc65cdbaf89bf1e112f5c2ac5d1bdc2919ec051048
2026-08-06T17:09:42+09:00,189906968576,85932646400,95797669888,10331395,11796480,GREEN,13037948,1733064,NOT_SEPARATELY_RECORDED,NONE,QUEUE_EXHAUSTED_QA,51707,NOT_SEPARATELY_RECORDED,NOT_SEPARATELY_RECORDED,NOT_SEPARATELY_RECORDED,NOT_SEPARATELY_RECORDED,NOT_SEPARATELY_RECORDED,sha256:3dd6e4a628b0a296e4dcf9bc65cdbaf89bf1e112f5c2ac5d1bdc2919ec051048
2026-08-06T17:18:21+09:00,189906968576,92839911424,88890404864,9855031,11796480,GREEN,10258892,1902624,NOT_SEPARATELY_RECORDED,NONE,MASTER_PREFLIGHT,86444,NOT_SEPARATELY_RECORDED,NOT_SEPARATELY_RECORDED,NOT_SEPARATELY_RECORDED,NOT_SEPARATELY_RECORDED,NOT_SEPARATELY_RECORDED,sha256:3dd6e4a628b0a296e4dcf9bc65cdbaf89bf1e112f5c2ac5d1bdc2919ec051048
2026-08-06T17:18:59+09:00,189906968576,92840558592,88889757696,9854980,11796480,GREEN,10238176,1902580,NOT_SEPARATELY_RECORDED,NONE,MASTER_PREFLIGHT,86630,NOT_SEPARATELY_RECORDED,NOT_SEPARATELY_RECORDED,NOT_SEPARATELY_RECORDED,NOT_SEPARATELY_RECORDED,NOT_SEPARATELY_RECORDED,sha256:3dd6e4a628b0a296e4dcf9bc65cdbaf89bf1e112f5c2ac5d1bdc2919ec051048
2026-08-06T17:33:58+09:00,189906968576,93046853632,88683462656,9838654,11796480,GREEN,9927988,1926312,NOT_SEPARATELY_RECORDED,NONE,MASTER_PREFLIGHT,89962,NOT_SEPARATELY_RECORDED,NOT_SEPARATELY_RECORDED,NOT_SEPARATELY_RECORDED,NOT_SEPARATELY_RECORDED,NOT_SEPARATELY_RECORDED,sha256:3dd6e4a628b0a296e4dcf9bc65cdbaf89bf1e112f5c2ac5d1bdc2919ec051048
2026-08-06T17:48:58+09:00,189906968576,96785027072,84945289216,9829038,11796480,GREEN,10352396,2027832,NOT_SEPARATELY_RECORDED,NONE,QUEUE_EXHAUSTED_QA,89962,NOT_SEPARATELY_RECORDED,NOT_SEPARATELY_RECORDED,NOT_SEPARATELY_RECORDED,NOT_SEPARATELY_RECORDED,NOT_SEPARATELY_RECORDED,sha256:3dd6e4a628b0a296e4dcf9bc65cdbaf89bf1e112f5c2ac5d1bdc2919ec051048
2026-08-06T18:03:58+09:00,189906968576,96819392512,84910923776,9828390,11796480,GREEN,12892500,2019204,NOT_SEPARATELY_RECORDED,NONE,QUEUE_EXHAUSTED_QA,89962,NOT_SEPARATELY_RECORDED,NOT_SEPARATELY_RECORDED,NOT_SEPARATELY_RECORDED,NOT_SEPARATELY_RECORDED,NOT_SEPARATELY_RECORDED,sha256:3dd6e4a628b0a296e4dcf9bc65cdbaf89bf1e112f5c2ac5d1bdc2919ec051048
2026-08-06T18:18:58+09:00,189906968576,96816640000,84913676288,9828421,11796480,GREEN,12912612,2017484,NOT_SEPARATELY_RECORDED,NONE,QUEUE_EXHAUSTED_QA,89962,NOT_SEPARATELY_RECORDED,NOT_SEPARATELY_RECORDED,NOT_SEPARATELY_RECORDED,NOT_SEPARATELY_RECORDED,NOT_SEPARATELY_RECORDED,sha256:3dd6e4a628b0a296e4dcf9bc65cdbaf89bf1e112f5c2ac5d1bdc2919ec051048
2026-08-06T18:33:58+09:00,189906968576,97461075968,84269240320,9821985,11796480,GREEN,12700980,2017228,NOT_SEPARATELY_RECORDED,NONE,QUEUE_EXHAUSTED_QA,89962,NOT_SEPARATELY_RECORDED,NOT_SEPARATELY_RECORDED,NOT_SEPARATELY_RECORDED,NOT_SEPARATELY_RECORDED,NOT_SEPARATELY_RECORDED,sha256:3dd6e4a628b0a296e4dcf9bc65cdbaf89bf1e112f5c2ac5d1bdc2919ec051048
2026-08-06T18:48:58+09:00,189906968576,96825962496,84904353792,9827919,11796480,GREEN,12810748,2016816,NOT_SEPARATELY_RECORDED,NONE,QUEUE_EXHAUSTED_QA,89962,NOT_SEPARATELY_RECORDED,NOT_SEPARATELY_RECORDED,NOT_SEPARATELY_RECORDED,NOT_SEPARATELY_RECORDED,NOT_SEPARATELY_RECORDED,sha256:3dd6e4a628b0a296e4dcf9bc65cdbaf89bf1e112f5c2ac5d1bdc2919ec051048
2026-08-06T19:03:58+09:00,189906968576,97467875328,84262440960,9821478,11796480,GREEN,12586976,2016308,NOT_SEPARATELY_RECORDED,NONE,QUEUE_EXHAUSTED_QA,89962,NOT_SEPARATELY_RECORDED,NOT_SEPARATELY_RECORDED,NOT_SEPARATELY_RECORDED,NOT_SEPARATELY_RECORDED,NOT_SEPARATELY_RECORDED,sha256:3dd6e4a628b0a296e4dcf9bc65cdbaf89bf1e112f5c2ac5d1bdc2919ec051048
2026-08-06T19:18:51+09:00,189906968576,96995647488,84734668800,9824915,11796480,GREEN,12800448,2011540,NOT_SEPARATELY_RECORDED,NONE,MASTER_PREFLIGHT,121260,NOT_SEPARATELY_RECORDED,NOT_SEPARATELY_RECORDED,NOT_SEPARATELY_RECORDED,NOT_SEPARATELY_RECORDED,NOT_SEPARATELY_RECORDED,sha256:3dd6e4a628b0a296e4dcf9bc65cdbaf89bf1e112f5c2ac5d1bdc2919ec051048
2026-08-06T19:33:51+09:00,189906968576,96987676672,84742639616,9824918,11796480,GREEN,12916808,2000416,NOT_SEPARATELY_RECORDED,NONE,QUEUE_EXHAUSTED_QA,121260,NOT_SEPARATELY_RECORDED,NOT_SEPARATELY_RECORDED,NOT_SEPARATELY_RECORDED,NOT_SEPARATELY_RECORDED,NOT_SEPARATELY_RECORDED,sha256:3dd6e4a628b0a296e4dcf9bc65cdbaf89bf1e112f5c2ac5d1bdc2919ec051048
2026-08-06T19:48:51+09:00,189906968576,96989982720,84740333568,9824918,11796480,GREEN,12865200,2000228,NOT_SEPARATELY_RECORDED,NONE,QUEUE_EXHAUSTED_QA,121260,NOT_SEPARATELY_RECORDED,NOT_SEPARATELY_RECORDED,NOT_SEPARATELY_RECORDED,NOT_SEPARATELY_RECORDED,NOT_SEPARATELY_RECORDED,sha256:3dd6e4a628b0a296e4dcf9bc65cdbaf89bf1e112f5c2ac5d1bdc2919ec051048
2026-08-06T20:03:51+09:00,189906968576,96987742208,84742574080,9824917,11796480,GREEN,12830940,2000136,NOT_SEPARATELY_RECORDED,NONE,QUEUE_EXHAUSTED_QA,121260,NOT_SEPARATELY_RECORDED,NOT_SEPARATELY_RECORDED,NOT_SEPARATELY_RECORDED,NOT_SEPARATELY_RECORDED,NOT_SEPARATELY_RECORDED,sha256:3dd6e4a628b0a296e4dcf9bc65cdbaf89bf1e112f5c2ac5d1bdc2919ec051048
2026-08-06T20:18:51+09:00,189906968576,96988614656,84741701632,9824919,11796480,GREEN,12764180,1999948,NOT_SEPARATELY_RECORDED,NONE,QUEUE_EXHAUSTED_QA,121260,NOT_SEPARATELY_RECORDED,NOT_SEPARATELY_RECORDED,NOT_SEPARATELY_RECORDED,NOT_SEPARATELY_RECORDED,NOT_SEPARATELY_RECORDED,sha256:3dd6e4a628b0a296e4dcf9bc65cdbaf89bf1e112f5c2ac5d1bdc2919ec051048
2026-08-06T20:33:51+09:00,189906968576,96986718208,84743598080,9824916,11796480,GREEN,12703204,1999912,NOT_SEPARATELY_RECORDED,NONE,QUEUE_EXHAUSTED_QA,121260,NOT_SEPARATELY_RECORDED,NOT_SEPARATELY_RECORDED,NOT_SEPARATELY_RECORDED,NOT_SEPARATELY_RECORDED,NOT_SEPARATELY_RECORDED,sha256:3dd6e4a628b0a296e4dcf9bc65cdbaf89bf1e112f5c2ac5d1bdc2919ec051048
2026-08-06T20:48:51+09:00,189906968576,96987262976,84743053312,9824920,11796480,GREEN,12764612,1999896,NOT_SEPARATELY_RECORDED,NONE,QUEUE_EXHAUSTED_QA,121260,NOT_SEPARATELY_RECORDED,NOT_SEPARATELY_RECORDED,NOT_SEPARATELY_RECORDED,NOT_SEPARATELY_RECORDED,NOT_SEPARATELY_RECORDED,sha256:3dd6e4a628b0a296e4dcf9bc65cdbaf89bf1e112f5c2ac5d1bdc2919ec051048
2026-08-06T21:03:51+09:00,189906968576,96984739840,84745576448,9824919,11796480,GREEN,12733940,1999888,NOT_SEPARATELY_RECORDED,NONE,QUEUE_EXHAUSTED_QA,121260,NOT_SEPARATELY_RECORDED,NOT_SEPARATELY_RECORDED,NOT_SEPARATELY_RECORDED,NOT_SEPARATELY_RECORDED,NOT_SEPARATELY_RECORDED,sha256:3dd6e4a628b0a296e4dcf9bc65cdbaf89bf1e112f5c2ac5d1bdc2919ec051048
2026-08-06T21:18:51+09:00,189906968576,96991502336,84738813952,9824917,11796480,GREEN,12676028,1999640,NOT_SEPARATELY_RECORDED,NONE,QUEUE_EXHAUSTED_QA,121260,NOT_SEPARATELY_RECORDED,NOT_SEPARATELY_RECORDED,NOT_SEPARATELY_RECORDED,NOT_SEPARATELY_RECORDED,NOT_SEPARATELY_RECORDED,sha256:3dd6e4a628b0a296e4dcf9bc65cdbaf89bf1e112f5c2ac5d1bdc2919ec051048
2026-08-06T21:33:51+09:00,189906968576,96983814144,84746502144,9824918,11796480,GREEN,12786228,1999336,NOT_SEPARATELY_RECORDED,NONE,QUEUE_EXHAUSTED_QA,121260,NOT_SEPARATELY_RECORDED,NOT_SEPARATELY_RECORDED,NOT_SEPARATELY_RECORDED,NOT_SEPARATELY_RECORDED,NOT_SEPARATELY_RECORDED,sha256:3dd6e4a628b0a296e4dcf9bc65cdbaf89bf1e112f5c2ac5d1bdc2919ec051048
2026-08-06T21:48:51+09:00,189906968576,96990175232,84740141056,9824918,11796480,GREEN,12766920,1999332,NOT_SEPARATELY_RECORDED,NONE,QUEUE_EXHAUSTED_QA,121260,NOT_SEPARATELY_RECORDED,NOT_SEPARATELY_RECORDED,NOT_SEPARATELY_RECORDED,NOT_SEPARATELY_RECORDED,NOT_SEPARATELY_RECORDED,sha256:3dd6e4a628b0a296e4dcf9bc65cdbaf89bf1e112f5c2ac5d1bdc2919ec051048
2026-08-06T22:03:51+09:00,189906968576,96987574272,84742742016,9824917,11796480,GREEN,12720756,1999332,NOT_SEPARATELY_RECORDED,NONE,QUEUE_EXHAUSTED_QA,121260,NOT_SEPARATELY_RECORDED,NOT_SEPARATELY_RECORDED,NOT_SEPARATELY_RECORDED,NOT_SEPARATELY_RECORDED,NOT_SEPARATELY_RECORDED,sha256:3dd6e4a628b0a296e4dcf9bc65cdbaf89bf1e112f5c2ac5d1bdc2919ec051048
2026-08-06T22:18:51+09:00,189906968576,96988770304,84741545984,9824919,11796480,GREEN,12658756,1999300,NOT_SEPARATELY_RECORDED,NONE,QUEUE_EXHAUSTED_QA,121260,NOT_SEPARATELY_RECORDED,NOT_SEPARATELY_RECORDED,NOT_SEPARATELY_RECORDED,NOT_SEPARATELY_RECORDED,NOT_SEPARATELY_RECORDED,sha256:3dd6e4a628b0a296e4dcf9bc65cdbaf89bf1e112f5c2ac5d1bdc2919ec051048
2026-08-06T22:33:51+09:00,189906968576,96986685440,84743630848,9824916,11796480,GREEN,12637860,1999292,NOT_SEPARATELY_RECORDED,NONE,QUEUE_EXHAUSTED_QA,121260,NOT_SEPARATELY_RECORDED,NOT_SEPARATELY_RECORDED,NOT_SEPARATELY_RECORDED,NOT_SEPARATELY_RECORDED,NOT_SEPARATELY_RECORDED,sha256:3dd6e4a628b0a296e4dcf9bc65cdbaf89bf1e112f5c2ac5d1bdc2919ec051048
2026-08-06T22:48:51+09:00,189906968576,96987418624,84742897664,9824920,11796480,GREEN,12585500,1999292,NOT_SEPARATELY_RECORDED,NONE,QUEUE_EXHAUSTED_QA,121260,NOT_SEPARATELY_RECORDED,NOT_SEPARATELY_RECORDED,NOT_SEPARATELY_RECORDED,NOT_SEPARATELY_RECORDED,NOT_SEPARATELY_RECORDED,sha256:3dd6e4a628b0a296e4dcf9bc65cdbaf89bf1e112f5c2ac5d1bdc2919ec051048
2026-08-06T23:03:51+09:00,189906968576,96984838144,84745478144,9824919,11796480,GREEN,12819176,1999200,NOT_SEPARATELY_RECORDED,NONE,QUEUE_EXHAUSTED_QA,121260,NOT_SEPARATELY_RECORDED,NOT_SEPARATELY_RECORDED,NOT_SEPARATELY_RECORDED,NOT_SEPARATELY_RECORDED,NOT_SEPARATELY_RECORDED,sha256:3dd6e4a628b0a296e4dcf9bc65cdbaf89bf1e112f5c2ac5d1bdc2919ec051048
2026-08-06T23:18:51+09:00,189906968576,96991678464,84738637824,9824917,11796480,GREEN,12758396,1999196,NOT_SEPARATELY_RECORDED,NONE,QUEUE_EXHAUSTED_QA,121260,NOT_SEPARATELY_RECORDED,NOT_SEPARATELY_RECORDED,NOT_SEPARATELY_RECORDED,NOT_SEPARATELY_RECORDED,NOT_SEPARATELY_RECORDED,sha256:3dd6e4a628b0a296e4dcf9bc65cdbaf89bf1e112f5c2ac5d1bdc2919ec051048
2026-08-06T23:33:51+09:00,189906968576,96987967488,84742348800,9824918,11796480,GREEN,12642992,1999192,NOT_SEPARATELY_RECORDED,NONE,QUEUE_EXHAUSTED_QA,121260,NOT_SEPARATELY_RECORDED,NOT_SEPARATELY_RECORDED,NOT_SEPARATELY_RECORDED,NOT_SEPARATELY_RECORDED,NOT_SEPARATELY_RECORDED,sha256:3dd6e4a628b0a296e4dcf9bc65cdbaf89bf1e112f5c2ac5d1bdc2919ec051048
2026-08-06T23:48:51+09:00,189906968576,96990351360,84739964928,9824918,11796480,GREEN,12718708,1998444,NOT_SEPARATELY_RECORDED,NONE,QUEUE_EXHAUSTED_QA,121260,NOT_SEPARATELY_RECORDED,NOT_SEPARATELY_RECORDED,NOT_SEPARATELY_RECORDED,NOT_SEPARATELY_RECORDED,NOT_SEPARATELY_RECORDED,sha256:3dd6e4a628b0a296e4dcf9bc65cdbaf89bf1e112f5c2ac5d1bdc2919ec051048
2026-08-07T00:03:51+09:00,189906968576,96991731712,84738584576,9824915,11796480,GREEN,12787524,1996844,NOT_SEPARATELY_RECORDED,NONE,QUEUE_EXHAUSTED_QA,121260,NOT_SEPARATELY_RECORDED,NOT_SEPARATELY_RECORDED,NOT_SEPARATELY_RECORDED,NOT_SEPARATELY_RECORDED,NOT_SEPARATELY_RECORDED,sha256:3dd6e4a628b0a296e4dcf9bc65cdbaf89bf1e112f5c2ac5d1bdc2919ec051048
2026-08-07T00:18:51+09:00,189906968576,96992673792,84737642496,9824891,11796480,GREEN,12760348,1988272,NOT_SEPARATELY_RECORDED,NONE,QUEUE_EXHAUSTED_QA,121260,NOT_SEPARATELY_RECORDED,NOT_SEPARATELY_RECORDED,NOT_SEPARATELY_RECORDED,NOT_SEPARATELY_RECORDED,NOT_SEPARATELY_RECORDED,sha256:3dd6e4a628b0a296e4dcf9bc65cdbaf89bf1e112f5c2ac5d1bdc2919ec051048
2026-08-07T00:33:51+09:00,189906968576,96994635776,84735680512,9824888,11796480,GREEN,12658204,1988272,NOT_SEPARATELY_RECORDED,NONE,QUEUE_EXHAUSTED_QA,121260,NOT_SEPARATELY_RECORDED,NOT_SEPARATELY_RECORDED,NOT_SEPARATELY_RECORDED,NOT_SEPARATELY_RECORDED,NOT_SEPARATELY_RECORDED,sha256:3dd6e4a628b0a296e4dcf9bc65cdbaf89bf1e112f5c2ac5d1bdc2919ec051048
2026-08-07T00:48:51+09:00,189906968576,96991428608,84738887680,9824892,11796480,GREEN,12772208,1988272,NOT_SEPARATELY_RECORDED,NONE,QUEUE_EXHAUSTED_QA,121260,NOT_SEPARATELY_RECORDED,NOT_SEPARATELY_RECORDED,NOT_SEPARATELY_RECORDED,NOT_SEPARATELY_RECORDED,NOT_SEPARATELY_RECORDED,sha256:3dd6e4a628b0a296e4dcf9bc65cdbaf89bf1e112f5c2ac5d1bdc2919ec051048
2026-08-07T01:03:51+09:00,189906968576,96992849920,84737466368,9824891,11796480,GREEN,12731296,1988268,NOT_SEPARATELY_RECORDED,NONE,QUEUE_EXHAUSTED_QA,121260,NOT_SEPARATELY_RECORDED,NOT_SEPARATELY_RECORDED,NOT_SEPARATELY_RECORDED,NOT_SEPARATELY_RECORDED,NOT_SEPARATELY_RECORDED,sha256:3dd6e4a628b0a296e4dcf9bc65cdbaf89bf1e112f5c2ac5d1bdc2919ec051048
2026-08-07T01:18:51+09:00,189906968576,96995536896,84734779392,9824889,11796480,GREEN,12675848,1988268,NOT_SEPARATELY_RECORDED,NONE,QUEUE_EXHAUSTED_QA,121260,NOT_SEPARATELY_RECORDED,NOT_SEPARATELY_RECORDED,NOT_SEPARATELY_RECORDED,NOT_SEPARATELY_RECORDED,NOT_SEPARATELY_RECORDED,sha256:3dd6e4a628b0a296e4dcf9bc65cdbaf89bf1e112f5c2ac5d1bdc2919ec051048
2026-08-07T01:33:51+09:00,189906968576,96992034816,84738281472,9824890,11796480,GREEN,12614024,1988264,NOT_SEPARATELY_RECORDED,NONE,QUEUE_EXHAUSTED_QA,121260,NOT_SEPARATELY_RECORDED,NOT_SEPARATELY_RECORDED,NOT_SEPARATELY_RECORDED,NOT_SEPARATELY_RECORDED,NOT_SEPARATELY_RECORDED,sha256:3dd6e4a628b0a296e4dcf9bc65cdbaf89bf1e112f5c2ac5d1bdc2919ec051048
2026-08-07T01:48:51+09:00,189906968576,96993923072,84736393216,9824890,11796480,GREEN,12728580,1988260,NOT_SEPARATELY_RECORDED,NONE,QUEUE_EXHAUSTED_QA,121260,NOT_SEPARATELY_RECORDED,NOT_SEPARATELY_RECORDED,NOT_SEPARATELY_RECORDED,NOT_SEPARATELY_RECORDED,NOT_SEPARATELY_RECORDED,sha256:3dd6e4a628b0a296e4dcf9bc65cdbaf89bf1e112f5c2ac5d1bdc2919ec051048
2026-08-07T02:03:51+09:00,189906968576,96995708928,84734607360,9824889,11796480,GREEN,12745316,1988260,NOT_SEPARATELY_RECORDED,NONE,QUEUE_EXHAUSTED_QA,121260,NOT_SEPARATELY_RECORDED,NOT_SEPARATELY_RECORDED,NOT_SEPARATELY_RECORDED,NOT_SEPARATELY_RECORDED,NOT_SEPARATELY_RECORDED,sha256:3dd6e4a628b0a296e4dcf9bc65cdbaf89bf1e112f5c2ac5d1bdc2919ec051048
2026-08-07T02:18:51+09:00,189906968576,96992301056,84738015232,9824891,11796480,GREEN,12723028,1988252,NOT_SEPARATELY_RECORDED,NONE,QUEUE_EXHAUSTED_QA,121260,NOT_SEPARATELY_RECORDED,NOT_SEPARATELY_RECORDED,NOT_SEPARATELY_RECORDED,NOT_SEPARATELY_RECORDED,NOT_SEPARATELY_RECORDED,sha256:3dd6e4a628b0a296e4dcf9bc65cdbaf89bf1e112f5c2ac5d1bdc2919ec051048
2026-08-07T02:33:51+09:00,189906968576,96994795520,84735520768,9824888,11796480,GREEN,12741356,1988232,NOT_SEPARATELY_RECORDED,NONE,QUEUE_EXHAUSTED_QA,121260,NOT_SEPARATELY_RECORDED,NOT_SEPARATELY_RECORDED,NOT_SEPARATELY_RECORDED,NOT_SEPARATELY_RECORDED,NOT_SEPARATELY_RECORDED,sha256:3dd6e4a628b0a296e4dcf9bc65cdbaf89bf1e112f5c2ac5d1bdc2919ec051048
2026-08-07T02:48:51+09:00,189906968576,96991055872,84739260416,9824892,11796480,GREEN,12745312,1988232,NOT_SEPARATELY_RECORDED,NONE,QUEUE_EXHAUSTED_QA,121260,NOT_SEPARATELY_RECORDED,NOT_SEPARATELY_RECORDED,NOT_SEPARATELY_RECORDED,NOT_SEPARATELY_RECORDED,NOT_SEPARATELY_RECORDED,sha256:3dd6e4a628b0a296e4dcf9bc65cdbaf89bf1e112f5c2ac5d1bdc2919ec051048
2026-08-07T03:03:51+09:00,189906968576,96992993280,84737323008,9824891,11796480,GREEN,12759568,1988232,NOT_SEPARATELY_RECORDED,NONE,QUEUE_EXHAUSTED_QA,121260,NOT_SEPARATELY_RECORDED,NOT_SEPARATELY_RECORDED,NOT_SEPARATELY_RECORDED,NOT_SEPARATELY_RECORDED,NOT_SEPARATELY_RECORDED,sha256:3dd6e4a628b0a296e4dcf9bc65cdbaf89bf1e112f5c2ac5d1bdc2919ec051048
2026-08-07T03:18:51+09:00,189906968576,96995143680,84735172608,9824889,11796480,GREEN,12740736,1988228,NOT_SEPARATELY_RECORDED,NONE,QUEUE_EXHAUSTED_QA,121260,NOT_SEPARATELY_RECORDED,NOT_SEPARATELY_RECORDED,NOT_SEPARATELY_RECORDED,NOT_SEPARATELY_RECORDED,NOT_SEPARATELY_RECORDED,sha256:3dd6e4a628b0a296e4dcf9bc65cdbaf89bf1e112f5c2ac5d1bdc2919ec051048
2026-08-07T03:33:51+09:00,189906968576,96992010240,84738306048,9824890,11796480,GREEN,12764380,1988228,NOT_SEPARATELY_RECORDED,NONE,QUEUE_EXHAUSTED_QA,121260,NOT_SEPARATELY_RECORDED,NOT_SEPARATELY_RECORDED,NOT_SEPARATELY_RECORDED,NOT_SEPARATELY_RECORDED,NOT_SEPARATELY_RECORDED,sha256:3dd6e4a628b0a296e4dcf9bc65cdbaf89bf1e112f5c2ac5d1bdc2919ec051048
2026-08-07T03:48:51+09:00,189906968576,96993972224,84736344064,9824890,11796480,GREEN,12734132,1988156,NOT_SEPARATELY_RECORDED,NONE,QUEUE_EXHAUSTED_QA,121260,NOT_SEPARATELY_RECORDED,NOT_SEPARATELY_RECORDED,NOT_SEPARATELY_RECORDED,NOT_SEPARATELY_RECORDED,NOT_SEPARATELY_RECORDED,sha256:3dd6e4a628b0a296e4dcf9bc65cdbaf89bf1e112f5c2ac5d1bdc2919ec051048
2026-08-07T04:03:51+09:00,189906968576,96995844096,84734472192,9824889,11796480,GREEN,12747672,1988156,NOT_SEPARATELY_RECORDED,NONE,QUEUE_EXHAUSTED_QA,121260,NOT_SEPARATELY_RECORDED,NOT_SEPARATELY_RECORDED,NOT_SEPARATELY_RECORDED,NOT_SEPARATELY_RECORDED,NOT_SEPARATELY_RECORDED,sha256:3dd6e4a628b0a296e4dcf9bc65cdbaf89bf1e112f5c2ac5d1bdc2919ec051048
2026-08-07T04:18:51+09:00,189906968576,96992034816,84738281472,9824891,11796480,GREEN,12728764,1987140,NOT_SEPARATELY_RECORDED,NONE,QUEUE_EXHAUSTED_QA,121260,NOT_SEPARATELY_RECORDED,NOT_SEPARATELY_RECORDED,NOT_SEPARATELY_RECORDED,NOT_SEPARATELY_RECORDED,NOT_SEPARATELY_RECORDED,sha256:3dd6e4a628b0a296e4dcf9bc65cdbaf89bf1e112f5c2ac5d1bdc2919ec051048
2026-08-07T04:33:51+09:00,189906968576,96994910208,84735406080,9824888,11796480,GREEN,12641724,1987140,NOT_SEPARATELY_RECORDED,NONE,QUEUE_EXHAUSTED_QA,121260,NOT_SEPARATELY_RECORDED,NOT_SEPARATELY_RECORDED,NOT_SEPARATELY_RECORDED,NOT_SEPARATELY_RECORDED,NOT_SEPARATELY_RECORDED,sha256:3dd6e4a628b0a296e4dcf9bc65cdbaf89bf1e112f5c2ac5d1bdc2919ec051048
2026-08-07T04:48:51+09:00,189906968576,96990924800,84739391488,9824892,11796480,GREEN,12730528,1987140,NOT_SEPARATELY_RECORDED,NONE,QUEUE_EXHAUSTED_QA,121260,NOT_SEPARATELY_RECORDED,NOT_SEPARATELY_RECORDED,NOT_SEPARATELY_RECORDED,NOT_SEPARATELY_RECORDED,NOT_SEPARATELY_RECORDED,sha256:3dd6e4a628b0a296e4dcf9bc65cdbaf89bf1e112f5c2ac5d1bdc2919ec051048
2026-08-07T05:03:51+09:00,189906968576,96993169408,84737146880,9824891,11796480,GREEN,12728164,1987140,NOT_SEPARATELY_RECORDED,NONE,QUEUE_EXHAUSTED_QA,121260,NOT_SEPARATELY_RECORDED,NOT_SEPARATELY_RECORDED,NOT_SEPARATELY_RECORDED,NOT_SEPARATELY_RECORDED,NOT_SEPARATELY_RECORDED,sha256:3dd6e4a628b0a296e4dcf9bc65cdbaf89bf1e112f5c2ac5d1bdc2919ec051048
2026-08-07T05:18:51+09:00,189906968576,97020170240,84710146048,9824871,11796480,GREEN,12706620,1987088,NOT_SEPARATELY_RECORDED,NONE,QUEUE_EXHAUSTED_QA,121260,NOT_SEPARATELY_RECORDED,NOT_SEPARATELY_RECORDED,NOT_SEPARATELY_RECORDED,NOT_SEPARATELY_RECORDED,NOT_SEPARATELY_RECORDED,sha256:3dd6e4a628b0a296e4dcf9bc65cdbaf89bf1e112f5c2ac5d1bdc2919ec051048
2026-08-07T05:33:51+09:00,189906968576,97017184256,84713132032,9824872,11796480,GREEN,12629224,1987088,NOT_SEPARATELY_RECORDED,NONE,QUEUE_EXHAUSTED_QA,121260,NOT_SEPARATELY_RECORDED,NOT_SEPARATELY_RECORDED,NOT_SEPARATELY_RECORDED,NOT_SEPARATELY_RECORDED,NOT_SEPARATELY_RECORDED,sha256:3dd6e4a628b0a296e4dcf9bc65cdbaf89bf1e112f5c2ac5d1bdc2919ec051048
2026-08-07T05:48:51+09:00,189906968576,97018126336,84712189952,9824872,11796480,GREEN,12686316,1987088,NOT_SEPARATELY_RECORDED,NONE,QUEUE_EXHAUSTED_QA,121260,NOT_SEPARATELY_RECORDED,NOT_SEPARATELY_RECORDED,NOT_SEPARATELY_RECORDED,NOT_SEPARATELY_RECORDED,NOT_SEPARATELY_RECORDED,sha256:3dd6e4a628b0a296e4dcf9bc65cdbaf89bf1e112f5c2ac5d1bdc2919ec051048
2026-08-07T06:03:51+09:00,189906968576,97021018112,84709298176,9824871,11796480,GREEN,12638832,1987088,NOT_SEPARATELY_RECORDED,NONE,QUEUE_EXHAUSTED_QA,121260,NOT_SEPARATELY_RECORDED,NOT_SEPARATELY_RECORDED,NOT_SEPARATELY_RECORDED,NOT_SEPARATELY_RECORDED,NOT_SEPARATELY_RECORDED,sha256:3dd6e4a628b0a296e4dcf9bc65cdbaf89bf1e112f5c2ac5d1bdc2919ec051048
2026-08-07T06:18:51+09:00,189906968576,96860905472,84869410816,9824889,11796480,GREEN,12749828,1986656,NOT_SEPARATELY_RECORDED,NONE,QUEUE_EXHAUSTED_QA,121260,NOT_SEPARATELY_RECORDED,NOT_SEPARATELY_RECORDED,NOT_SEPARATELY_RECORDED,NOT_SEPARATELY_RECORDED,NOT_SEPARATELY_RECORDED,sha256:3dd6e4a628b0a296e4dcf9bc65cdbaf89bf1e112f5c2ac5d1bdc2919ec051048
2026-08-07T06:33:51+09:00,189906968576,96864030720,84866285568,9824886,11796480,GREEN,12716004,1986652,NOT_SEPARATELY_RECORDED,NONE,QUEUE_EXHAUSTED_QA,121260,NOT_SEPARATELY_RECORDED,NOT_SEPARATELY_RECORDED,NOT_SEPARATELY_RECORDED,NOT_SEPARATELY_RECORDED,NOT_SEPARATELY_RECORDED,sha256:3dd6e4a628b0a296e4dcf9bc65cdbaf89bf1e112f5c2ac5d1bdc2919ec051048
2026-08-07T06:48:51+09:00,189906968576,96859553792,84870762496,9824890,11796480,GREEN,12754808,1985516,NOT_SEPARATELY_RECORDED,NONE,QUEUE_EXHAUSTED_QA,121260,NOT_SEPARATELY_RECORDED,NOT_SEPARATELY_RECORDED,NOT_SEPARATELY_RECORDED,NOT_SEPARATELY_RECORDED,NOT_SEPARATELY_RECORDED,sha256:3dd6e4a628b0a296e4dcf9bc65cdbaf89bf1e112f5c2ac5d1bdc2919ec051048
2026-08-07T07:03:51+09:00,189906968576,96862261248,84868055040,9824889,11796480,GREEN,12727600,1984348,NOT_SEPARATELY_RECORDED,NONE,QUEUE_EXHAUSTED_QA,121260,NOT_SEPARATELY_RECORDED,NOT_SEPARATELY_RECORDED,NOT_SEPARATELY_RECORDED,NOT_SEPARATELY_RECORDED,NOT_SEPARATELY_RECORDED,sha256:3dd6e4a628b0a296e4dcf9bc65cdbaf89bf1e112f5c2ac5d1bdc2919ec051048
2026-08-07T07:18:51+09:00,189906968576,96863580160,84866736128,9824887,11796480,GREEN,12728416,1984332,NOT_SEPARATELY_RECORDED,NONE,QUEUE_EXHAUSTED_QA,121260,NOT_SEPARATELY_RECORDED,NOT_SEPARATELY_RECORDED,NOT_SEPARATELY_RECORDED,NOT_SEPARATELY_RECORDED,NOT_SEPARATELY_RECORDED,sha256:3dd6e4a628b0a296e4dcf9bc65cdbaf89bf1e112f5c2ac5d1bdc2919ec051048
2026-08-07T07:33:51+09:00,189906968576,96861339648,84868976640,9824888,11796480,GREEN,12623752,1984332,NOT_SEPARATELY_RECORDED,NONE,QUEUE_EXHAUSTED_QA,121260,NOT_SEPARATELY_RECORDED,NOT_SEPARATELY_RECORDED,NOT_SEPARATELY_RECORDED,NOT_SEPARATELY_RECORDED,NOT_SEPARATELY_RECORDED,sha256:3dd6e4a628b0a296e4dcf9bc65cdbaf89bf1e112f5c2ac5d1bdc2919ec051048
2026-08-07T07:48:51+09:00,189906968576,96862244864,84868071424,9824888,11796480,GREEN,12710372,1984332,NOT_SEPARATELY_RECORDED,NONE,QUEUE_EXHAUSTED_QA,121260,NOT_SEPARATELY_RECORDED,NOT_SEPARATELY_RECORDED,NOT_SEPARATELY_RECORDED,NOT_SEPARATELY_RECORDED,NOT_SEPARATELY_RECORDED,sha256:3dd6e4a628b0a296e4dcf9bc65cdbaf89bf1e112f5c2ac5d1bdc2919ec051048
2026-08-07T08:03:51+09:00,189906968576,96865148928,84865167360,9824887,11796480,GREEN,12732272,1984332,NOT_SEPARATELY_RECORDED,NONE,QUEUE_EXHAUSTED_QA,121260,NOT_SEPARATELY_RECORDED,NOT_SEPARATELY_RECORDED,NOT_SEPARATELY_RECORDED,NOT_SEPARATELY_RECORDED,NOT_SEPARATELY_RECORDED,sha256:3dd6e4a628b0a296e4dcf9bc65cdbaf89bf1e112f5c2ac5d1bdc2919ec051048
2026-08-07T08:18:51+09:00,189906968576,96860610560,84869705728,9824889,11796480,GREEN,12716304,1984332,NOT_SEPARATELY_RECORDED,NONE,QUEUE_EXHAUSTED_QA,121260,NOT_SEPARATELY_RECORDED,NOT_SEPARATELY_RECORDED,NOT_SEPARATELY_RECORDED,NOT_SEPARATELY_RECORDED,NOT_SEPARATELY_RECORDED,sha256:3dd6e4a628b0a296e4dcf9bc65cdbaf89bf1e112f5c2ac5d1bdc2919ec051048
2026-08-07T08:33:51+09:00,189906968576,96864235520,84866080768,9824886,11796480,GREEN,12608952,1984332,NOT_SEPARATELY_RECORDED,NONE,QUEUE_EXHAUSTED_QA,121260,NOT_SEPARATELY_RECORDED,NOT_SEPARATELY_RECORDED,NOT_SEPARATELY_RECORDED,NOT_SEPARATELY_RECORDED,NOT_SEPARATELY_RECORDED,sha256:3dd6e4a628b0a296e4dcf9bc65cdbaf89bf1e112f5c2ac5d1bdc2919ec051048
2026-08-07T08:48:51+09:00,189906968576,96859283456,84871032832,9824890,11796480,GREEN,12685812,1984328,NOT_SEPARATELY_RECORDED,NONE,QUEUE_EXHAUSTED_QA,121260,NOT_SEPARATELY_RECORDED,NOT_SEPARATELY_RECORDED,NOT_SEPARATELY_RECORDED,NOT_SEPARATELY_RECORDED,NOT_SEPARATELY_RECORDED,sha256:3dd6e4a628b0a296e4dcf9bc65cdbaf89bf1e112f5c2ac5d1bdc2919ec051048
2026-08-07T09:03:51+09:00,189906968576,96862507008,84867809280,9824889,11796480,GREEN,12707060,1984328,NOT_SEPARATELY_RECORDED,NONE,QUEUE_EXHAUSTED_QA,121260,NOT_SEPARATELY_RECORDED,NOT_SEPARATELY_RECORDED,NOT_SEPARATELY_RECORDED,NOT_SEPARATELY_RECORDED,NOT_SEPARATELY_RECORDED,sha256:3dd6e4a628b0a296e4dcf9bc65cdbaf89bf1e112f5c2ac5d1bdc2919ec051048
2026-08-07T09:18:51+09:00,189906968576,96863731712,84866584576,9824887,11796480,GREEN,12677692,1984328,NOT_SEPARATELY_RECORDED,NONE,QUEUE_EXHAUSTED_QA,121260,NOT_SEPARATELY_RECORDED,NOT_SEPARATELY_RECORDED,NOT_SEPARATELY_RECORDED,NOT_SEPARATELY_RECORDED,NOT_SEPARATELY_RECORDED,sha256:3dd6e4a628b0a296e4dcf9bc65cdbaf89bf1e112f5c2ac5d1bdc2919ec051048
2026-08-07T09:33:51+09:00,189906968576,96838012928,84892303360,9829262,11796480,GREEN,12602212,1984328,NOT_SEPARATELY_RECORDED,NONE,QUEUE_EXHAUSTED_QA,121260,NOT_SEPARATELY_RECORDED,NOT_SEPARATELY_RECORDED,NOT_SEPARATELY_RECORDED,NOT_SEPARATELY_RECORDED,NOT_SEPARATELY_RECORDED,sha256:3dd6e4a628b0a296e4dcf9bc65cdbaf89bf1e112f5c2ac5d1bdc2919ec051048
2026-08-07T09:48:51+09:00,189906968576,96838705152,84891611136,9829262,11796480,GREEN,12734096,1984308,NOT_SEPARATELY_RECORDED,NONE,QUEUE_EXHAUSTED_QA,121260,NOT_SEPARATELY_RECORDED,NOT_SEPARATELY_RECORDED,NOT_SEPARATELY_RECORDED,NOT_SEPARATELY_RECORDED,NOT_SEPARATELY_RECORDED,sha256:3dd6e4a628b0a296e4dcf9bc65cdbaf89bf1e112f5c2ac5d1bdc2919ec051048
2026-08-07T10:03:51+09:00,189906968576,96841789440,84888526848,9829261,11796480,GREEN,12707000,1984300,NOT_SEPARATELY_RECORDED,NONE,QUEUE_EXHAUSTED_QA,121260,NOT_SEPARATELY_RECORDED,NOT_SEPARATELY_RECORDED,NOT_SEPARATELY_RECORDED,NOT_SEPARATELY_RECORDED,NOT_SEPARATELY_RECORDED,sha256:3dd6e4a628b0a296e4dcf9bc65cdbaf89bf1e112f5c2ac5d1bdc2919ec051048
2026-08-07T10:18:51+09:00,189906968576,96836960256,84893356032,9829263,11796480,GREEN,12659380,1983192,NOT_SEPARATELY_RECORDED,NONE,QUEUE_EXHAUSTED_QA,121260,NOT_SEPARATELY_RECORDED,NOT_SEPARATELY_RECORDED,NOT_SEPARATELY_RECORDED,NOT_SEPARATELY_RECORDED,NOT_SEPARATELY_RECORDED,sha256:3dd6e4a628b0a296e4dcf9bc65cdbaf89bf1e112f5c2ac5d1bdc2919ec051048
2026-08-07T10:33:51+09:00,189906968576,96840884224,84889432064,9829260,11796480,GREEN,12693308,1983184,NOT_SEPARATELY_RECORDED,NONE,QUEUE_EXHAUSTED_QA,121260,NOT_SEPARATELY_RECORDED,NOT_SEPARATELY_RECORDED,NOT_SEPARATELY_RECORDED,NOT_SEPARATELY_RECORDED,NOT_SEPARATELY_RECORDED,sha256:3dd6e4a628b0a296e4dcf9bc65cdbaf89bf1e112f5c2ac5d1bdc2919ec051048
2026-08-07T10:48:51+09:00,189906968576,96835825664,84894490624,9829264,11796480,GREEN,12721080,1983184,NOT_SEPARATELY_RECORDED,NONE,QUEUE_EXHAUSTED_QA,121260,NOT_SEPARATELY_RECORDED,NOT_SEPARATELY_RECORDED,NOT_SEPARATELY_RECORDED,NOT_SEPARATELY_RECORDED,NOT_SEPARATELY_RECORDED,sha256:3dd6e4a628b0a296e4dcf9bc65cdbaf89bf1e112f5c2ac5d1bdc2919ec051048
2026-08-07T11:03:51+09:00,189906968576,96838967296,84891348992,9829263,11796480,GREEN,12722180,1983184,NOT_SEPARATELY_RECORDED,NONE,QUEUE_EXHAUSTED_QA,121260,NOT_SEPARATELY_RECORDED,NOT_SEPARATELY_RECORDED,NOT_SEPARATELY_RECORDED,NOT_SEPARATELY_RECORDED,NOT_SEPARATELY_RECORDED,sha256:3dd6e4a628b0a296e4dcf9bc65cdbaf89bf1e112f5c2ac5d1bdc2919ec051048
2026-08-07T11:18:51+09:00,189906968576,96839720960,84890595328,9829261,11796480,GREEN,12652132,1983180,NOT_SEPARATELY_RECORDED,NONE,QUEUE_EXHAUSTED_QA,121260,NOT_SEPARATELY_RECORDED,NOT_SEPARATELY_RECORDED,NOT_SEPARATELY_RECORDED,NOT_SEPARATELY_RECORDED,NOT_SEPARATELY_RECORDED,sha256:3dd6e4a628b0a296e4dcf9bc65cdbaf89bf1e112f5c2ac5d1bdc2919ec051048
2026-08-07T11:33:51+09:00,189906968576,96838074368,84892241920,9829262,11796480,GREEN,12671168,1983164,NOT_SEPARATELY_RECORDED,NONE,QUEUE_EXHAUSTED_QA,121260,NOT_SEPARATELY_RECORDED,NOT_SEPARATELY_RECORDED,NOT_SEPARATELY_RECORDED,NOT_SEPARATELY_RECORDED,NOT_SEPARATELY_RECORDED,sha256:3dd6e4a628b0a296e4dcf9bc65cdbaf89bf1e112f5c2ac5d1bdc2919ec051048
2026-08-07T11:48:51+09:00,189906968576,96837804032,84892512256,9829262,11796480,GREEN,12617512,1983164,NOT_SEPARATELY_RECORDED,NONE,QUEUE_EXHAUSTED_QA,121260,NOT_SEPARATELY_RECORDED,NOT_SEPARATELY_RECORDED,NOT_SEPARATELY_RECORDED,NOT_SEPARATELY_RECORDED,NOT_SEPARATELY_RECORDED,sha256:3dd6e4a628b0a296e4dcf9bc65cdbaf89bf1e112f5c2ac5d1bdc2919ec051048
2026-08-07T12:03:51+09:00,189906968576,96841932800,84888383488,9829261,11796480,GREEN,12597440,1983164,NOT_SEPARATELY_RECORDED,NONE,QUEUE_EXHAUSTED_QA,121260,NOT_SEPARATELY_RECORDED,NOT_SEPARATELY_RECORDED,NOT_SEPARATELY_RECORDED,NOT_SEPARATELY_RECORDED,NOT_SEPARATELY_RECORDED,sha256:3dd6e4a628b0a296e4dcf9bc65cdbaf89bf1e112f5c2ac5d1bdc2919ec051048
2026-08-07T12:18:51+09:00,189906968576,96836931584,84893384704,9829263,11796480,GREEN,12522120,1983164,NOT_SEPARATELY_RECORDED,NONE,QUEUE_EXHAUSTED_QA,121260,NOT_SEPARATELY_RECORDED,NOT_SEPARATELY_RECORDED,NOT_SEPARATELY_RECORDED,NOT_SEPARATELY_RECORDED,NOT_SEPARATELY_RECORDED,sha256:3dd6e4a628b0a296e4dcf9bc65cdbaf89bf1e112f5c2ac5d1bdc2919ec051048
2026-08-07T12:33:51+09:00,189906968576,96840966144,84889350144,9829260,11796480,GREEN,12580884,1981428,NOT_SEPARATELY_RECORDED,NONE,QUEUE_EXHAUSTED_QA,121260,NOT_SEPARATELY_RECORDED,NOT_SEPARATELY_RECORDED,NOT_SEPARATELY_RECORDED,NOT_SEPARATELY_RECORDED,NOT_SEPARATELY_RECORDED,sha256:3dd6e4a628b0a296e4dcf9bc65cdbaf89bf1e112f5c2ac5d1bdc2919ec051048
2026-08-07T12:48:51+09:00,189906968576,96835502080,84894814208,9829264,11796480,GREEN,12675352,1981428,NOT_SEPARATELY_RECORDED,NONE,QUEUE_EXHAUSTED_QA,121260,NOT_SEPARATELY_RECORDED,NOT_SEPARATELY_RECORDED,NOT_SEPARATELY_RECORDED,NOT_SEPARATELY_RECORDED,NOT_SEPARATELY_RECORDED,sha256:3dd6e4a628b0a296e4dcf9bc65cdbaf89bf1e112f5c2ac5d1bdc2919ec051048
2026-08-07T13:03:51+09:00,189906968576,96839200768,84891115520,9829263,11796480,GREEN,12650672,1981428,NOT_SEPARATELY_RECORDED,NONE,QUEUE_EXHAUSTED_QA,121260,NOT_SEPARATELY_RECORDED,NOT_SEPARATELY_RECORDED,NOT_SEPARATELY_RECORDED,NOT_SEPARATELY_RECORDED,NOT_SEPARATELY_RECORDED,sha256:3dd6e4a628b0a296e4dcf9bc65cdbaf89bf1e112f5c2ac5d1bdc2919ec051048
2026-08-07T13:18:51+09:00,189906968576,96839684096,84890632192,9829261,11796480,GREEN,12653644,1981384,NOT_SEPARATELY_RECORDED,NONE,QUEUE_EXHAUSTED_QA,121260,NOT_SEPARATELY_RECORDED,NOT_SEPARATELY_RECORDED,NOT_SEPARATELY_RECORDED,NOT_SEPARATELY_RECORDED,NOT_SEPARATELY_RECORDED,sha256:3dd6e4a628b0a296e4dcf9bc65cdbaf89bf1e112f5c2ac5d1bdc2919ec051048
2026-08-07T13:33:51+09:00,189906968576,96838328320,84891987968,9829262,11796480,GREEN,12606636,1981380,NOT_SEPARATELY_RECORDED,NONE,QUEUE_EXHAUSTED_QA,121260,NOT_SEPARATELY_RECORDED,NOT_SEPARATELY_RECORDED,NOT_SEPARATELY_RECORDED,NOT_SEPARATELY_RECORDED,NOT_SEPARATELY_RECORDED,sha256:3dd6e4a628b0a296e4dcf9bc65cdbaf89bf1e112f5c2ac5d1bdc2919ec051048
2026-08-07T13:48:51+09:00,189906968576,96838172672,84892143616,9829261,11796480,GREEN,12631448,1977552,NOT_SEPARATELY_RECORDED,NONE,QUEUE_EXHAUSTED_QA,121260,NOT_SEPARATELY_RECORDED,NOT_SEPARATELY_RECORDED,NOT_SEPARATELY_RECORDED,NOT_SEPARATELY_RECORDED,NOT_SEPARATELY_RECORDED,sha256:3dd6e4a628b0a296e4dcf9bc65cdbaf89bf1e112f5c2ac5d1bdc2919ec051048
2026-08-07T14:03:51+09:00,189906968576,96861794304,84868521984,9829219,11796480,GREEN,12513416,1977388,NOT_SEPARATELY_RECORDED,NONE,QUEUE_EXHAUSTED_QA,121260,NOT_SEPARATELY_RECORDED,NOT_SEPARATELY_RECORDED,NOT_SEPARATELY_RECORDED,NOT_SEPARATELY_RECORDED,NOT_SEPARATELY_RECORDED,sha256:3dd6e4a628b0a296e4dcf9bc65cdbaf89bf1e112f5c2ac5d1bdc2919ec051048
