run_id,split_seed,dataset_id,model_id,workload_id,outcome,trial_status,retuning_performed,candidate_id,log_n,q_prime_count,p_prime_count,log_default_scale,key_repeats_requested,key_repeats_completed,success_runs,decision_flips,error_violations,max_observed_error,v_cert,v_amb,mean_total_ms,median_total_ms,p95_total_ms,selection_contract_digest,selection_result_sha256,split_manifest_sha256,audit_csv_sha256,selection_result_path,split_manifest_path,audit_csv_path,result_path
full_floor18_keys3_locked_audit_keys3,1,banknote,linear_poly3,split_seed_1/banknote/linear_poly3,LOCKED_AUDIT_PASS,SAFE,False,synth_repair_scale_1_rescale_N13_Q7_S24_cabfebc33906,13,7,1,24,3,3,3,0,0,0.007665045371857693,207,0,83.81129573752008,79.482384,106.249883,sha256:cabfebc33906e8a51ce7ec11730b152ab285a0999465881b3d7c0fc8f02ecbe2,sha256:2c4d57ada948f66b721459cc5b5161d05ea8d47772235bb75db758fafe79498b,sha256:62882610d86fa2a74d3b5b37a5fb0c16952ff2689f9e56360b5ffbc90bc413fd,sha256:b91760a18d90c5bea9cf480af9bdc02ebd93faf7ee7324fa34e21cd184a54b1d,results/thesis_grade_protocol/direct_tabular_autotune_v1/full_floor18_keys3/results/directv1_full_floor18_keys3_seed1_banknote_linear_poly3.json,results/thesis_grade_protocol/tabular_splits_v1/split_seed_1/banknote/linear_poly3/split_manifest.json,results/thesis_grade_protocol/tabular_splits_v1/split_seed_1/banknote/linear_poly3/locked_audit_test.csv,results/thesis_grade_protocol/direct_tabular_autotune_v1/full_floor18_keys3/locked_audit/full_floor18_keys3_locked_audit_keys3/results/directv1_full_floor18_keys3_seed1_banknote_linear_poly3_locked_audit_keys3.json
full_floor18_keys3_locked_audit_keys3,1,banknote,mlp_square_linear_score,split_seed_1/banknote/mlp_square_linear_score,LOCKED_AUDIT_PASS,SAFE,False,synth_analysis_minimum_rescale_N13_Q6_S20_9c960732c5c0,13,6,1,20,3,3,3,0,0,0.0004656210067909283,207,0,125.66605003542676,119.452835,161.194489,sha256:9c960732c5c0dc54fd404877fc8ebd6fd9748fd538e69fe907e530bb6b8e6676,sha256:8b4417f6a60c88412fca7fd9d1a76699105d3efd27a4edbc8c7c1dca515dac08,sha256:1ff25588dc749cb0c51af4cd20f42f2bd9d3980bc006c9ead5bf8782394fc85e,sha256:360e26e14c567485f97d074477c89719466c8298326deda4e513d298fd9a8d75,results/thesis_grade_protocol/direct_tabular_autotune_v1/full_floor18_keys3/results/directv1_full_floor18_keys3_seed1_banknote_mlp_square_linear_score.json,results/thesis_grade_protocol/tabular_splits_v1/split_seed_1/banknote/mlp_square_linear_score/split_manifest.json,results/thesis_grade_protocol/tabular_splits_v1/split_seed_1/banknote/mlp_square_linear_score/locked_audit_test.csv,results/thesis_grade_protocol/direct_tabular_autotune_v1/full_floor18_keys3/locked_audit/full_floor18_keys3_locked_audit_keys3/results/directv1_full_floor18_keys3_seed1_banknote_mlp_square_linear_score_locked_audit_keys3.json
full_floor18_keys3_locked_audit_keys3,1,digits_binary,linear_poly3,split_seed_1/digits_binary/linear_poly3,LOCKED_AUDIT_PASS,SAFE,False,synth_repair_scale_1_rescale_N13_Q7_S24_8d14b4c6f5fe,13,7,1,24,3,3,3,0,0,0.0045315199950688445,264,6,124.64907626419743,117.948232,165.710689,sha256:8d14b4c6f5fee33aedb02503978267e75fe4d8a45285103e9b642647d8fde862,sha256:8885038eae3ed7dd1fb97f04013280b07a8877f6b96ef7a8cf6e82e344071c0a,sha256:635f0bc79149f57bcf80b2f994d617114ffe3c47ba0f98093e0264f5d13578de,sha256:5e4437a93ea0b4c125c28c0f6b278f399397203429e782738577f2dcfd5b4bae,results/thesis_grade_protocol/direct_tabular_autotune_v1/full_floor18_keys3/results/directv1_full_floor18_keys3_seed1_digits_binary_linear_poly3.json,results/thesis_grade_protocol/tabular_splits_v1/split_seed_1/digits_binary/linear_poly3/split_manifest.json,results/thesis_grade_protocol/tabular_splits_v1/split_seed_1/digits_binary/linear_poly3/locked_audit_test.csv,results/thesis_grade_protocol/direct_tabular_autotune_v1/full_floor18_keys3/locked_audit/full_floor18_keys3_locked_audit_keys3/results/directv1_full_floor18_keys3_seed1_digits_binary_linear_poly3_locked_audit_keys3.json
full_floor18_keys3_locked_audit_keys3,1,digits_binary,mlp_square_linear_score,split_seed_1/digits_binary/mlp_square_linear_score,LOCKED_AUDIT_PASS,SAFE,False,synth_analysis_minimum_rescale_N13_Q6_S20_8094986b7a00,13,6,1,20,3,3,3,0,0,0.00015438057432082264,249,21,165.06238808765434,157.330227,212.824295,sha256:8094986b7a00222aafeabfb398947d0b59c079e48b52d3505a4f1fd2ce1227fb,sha256:9c7feed15fedf004f0e53784aed6880e30f36825e0269d42cd3290964c4dbc40,sha256:47be99811a83fd44b7d5b07273895b616a1aea84464b6bc00a8387f2a6f7796b,sha256:5ab8f6012f10c07a3c85a4a5e3dbe1432c374948700aee0726362ddf8cbf4694,results/thesis_grade_protocol/direct_tabular_autotune_v1/full_floor18_keys3/results/directv1_full_floor18_keys3_seed1_digits_binary_mlp_square_linear_score.json,results/thesis_grade_protocol/tabular_splits_v1/split_seed_1/digits_binary/mlp_square_linear_score/split_manifest.json,results/thesis_grade_protocol/tabular_splits_v1/split_seed_1/digits_binary/mlp_square_linear_score/locked_audit_test.csv,results/thesis_grade_protocol/direct_tabular_autotune_v1/full_floor18_keys3/locked_audit/full_floor18_keys3_locked_audit_keys3/results/directv1_full_floor18_keys3_seed1_digits_binary_mlp_square_linear_score_locked_audit_keys3.json
full_floor18_keys3_locked_audit_keys3,1,iris_binary,linear_poly3,split_seed_1/iris_binary/linear_poly3,LOCKED_AUDIT_PASS,SAFE,False,synth_analysis_minimum_rescale_N13_Q7_S20_e069b1a71dbf,13,7,1,20,3,3,3,0,0,0.01505462336762653,16,0,81.71846316666668,79.390422,101.07133,sha256:e069b1a71dbff15debc8f0289522e8127da33d32224b2465251606c3c91b9170,sha256:1254f50f78b3dda83a140f43805787b24073cb979f8e933823903265b773491f,sha256:d583cf3dda8ace5ad6c597a16f812c2d98816a6b4a51745cbe28b474b02a2142,sha256:14ec2c341deb68d729f1510ad2741dfeb27005cd0d1545b122b8775d5816ceb4,results/thesis_grade_protocol/direct_tabular_autotune_v1/full_floor18_keys3/results/directv1_full_floor18_keys3_seed1_iris_binary_linear_poly3.json,results/thesis_grade_protocol/tabular_splits_v1/split_seed_1/iris_binary/linear_poly3/split_manifest.json,results/thesis_grade_protocol/tabular_splits_v1/split_seed_1/iris_binary/linear_poly3/locked_audit_test.csv,results/thesis_grade_protocol/direct_tabular_autotune_v1/full_floor18_keys3/locked_audit/full_floor18_keys3_locked_audit_keys3/results/directv1_full_floor18_keys3_seed1_iris_binary_linear_poly3_locked_audit_keys3.json
full_floor18_keys3_locked_audit_keys3,1,iris_binary,mlp_square_linear_score,split_seed_1/iris_binary/mlp_square_linear_score,LOCKED_AUDIT_PASS,SAFE,False,synth_analysis_minimum_rescale_N13_Q6_S20_417fd14390cd,13,6,1,20,3,3,3,0,0,0.0001577983537557337,16,0,124.14623712500001,123.196926,144.774896,sha256:417fd14390cd285d3481b36565f155138ff1867697b66b8837c6a9e8b50c2d74,sha256:b35e1cb5ff54b03f04dcb5923e071a1c86fab36d04c95ae0440ef79c80c33b8d,sha256:9c70d30e14832837a4e6b74e5fcd3b9348ca0458edc8fdb58c373b4abce28b2b,sha256:6e0e018c0844f7d27d320c92fe0077f03c0aa8b386f20a9372a114096d638cf2,results/thesis_grade_protocol/direct_tabular_autotune_v1/full_floor18_keys3/results/directv1_full_floor18_keys3_seed1_iris_binary_mlp_square_linear_score.json,results/thesis_grade_protocol/tabular_splits_v1/split_seed_1/iris_binary/mlp_square_linear_score/split_manifest.json,results/thesis_grade_protocol/tabular_splits_v1/split_seed_1/iris_binary/mlp_square_linear_score/locked_audit_test.csv,results/thesis_grade_protocol/direct_tabular_autotune_v1/full_floor18_keys3/locked_audit/full_floor18_keys3_locked_audit_keys3/results/directv1_full_floor18_keys3_seed1_iris_binary_mlp_square_linear_score_locked_audit_keys3.json
full_floor18_keys3_locked_audit_keys3,1,mnist_pool16,linear_poly3,split_seed_1/mnist_pool16/linear_poly3,LOCKED_AUDIT_PASS,SAFE,False,synth_repair_scale_1_rescale_N13_Q7_S24_44b57e556da9,13,7,1,24,3,3,3,0,0,0.00665935205669177,248,3,213.36602459096952,206.031593,274.623068,sha256:44b57e556da9716d0b81f9eeda8c9cae29f5f39e5a99d32dc3c8444a789d9629,sha256:14db16cb4d7fa68649751c1332310f8820f3ee0af505efdb279497b89c2c1f73,sha256:49239b15934e5e7a62c094c1c6068793ef8ee00d548f193632a3f7c3bbb4735f,sha256:5476d1e1799d9bf7cd21b0b910158574f2b183d7ce0f11c5aaf560cf0f1f54e0,results/thesis_grade_protocol/direct_tabular_autotune_v1/full_floor18_keys3/results/directv1_full_floor18_keys3_seed1_mnist_pool16_linear_poly3.json,results/thesis_grade_protocol/tabular_splits_v1/split_seed_1/mnist_pool16/linear_poly3/split_manifest.json,results/thesis_grade_protocol/tabular_splits_v1/split_seed_1/mnist_pool16/linear_poly3/locked_audit_test.csv,results/thesis_grade_protocol/direct_tabular_autotune_v1/full_floor18_keys3/locked_audit/full_floor18_keys3_locked_audit_keys3/results/directv1_full_floor18_keys3_seed1_mnist_pool16_linear_poly3_locked_audit_keys3.json
full_floor18_keys3_locked_audit_keys3,1,mnist_pool16,mlp_square_linear_score,split_seed_1/mnist_pool16/mlp_square_linear_score,LOCKED_AUDIT_PASS,SAFE,False,synth_analysis_minimum_rescale_N13_Q6_S20_ef6827811dc9,13,6,1,20,3,3,3,0,0,0.00017634766991703188,247,4,261.3301127915009,248.675063,341.611767,sha256:ef6827811dc96d45e72f991a8426edcb6e8bf243640d18da3b137aabffbfe99b,sha256:4c74985908cacd2b33ff00bb221e49f773befb93084257b6abf9d8d710119c1d,sha256:7a5ceddb5d878901dc7a39317f78a6e7173ce1fd35f2ff5c33bacbcd9e3d123f,sha256:082f12337abec03a27db67adbf34230c14f747191c9ef7d014ffae2b6579a2bb,results/thesis_grade_protocol/direct_tabular_autotune_v1/full_floor18_keys3/results/directv1_full_floor18_keys3_seed1_mnist_pool16_mlp_square_linear_score.json,results/thesis_grade_protocol/tabular_splits_v1/split_seed_1/mnist_pool16/mlp_square_linear_score/split_manifest.json,results/thesis_grade_protocol/tabular_splits_v1/split_seed_1/mnist_pool16/mlp_square_linear_score/locked_audit_test.csv,results/thesis_grade_protocol/direct_tabular_autotune_v1/full_floor18_keys3/locked_audit/full_floor18_keys3_locked_audit_keys3/results/directv1_full_floor18_keys3_seed1_mnist_pool16_mlp_square_linear_score_locked_audit_keys3.json
full_floor18_keys3_locked_audit_keys3,1,wdbc,linear_poly3,split_seed_1/wdbc/linear_poly3,LOCKED_AUDIT_PASS,SAFE,False,synth_repair_scale_1_rescale_N13_Q7_S24_50f4079fb1f8,13,7,1,24,3,3,3,0,0,0.008787151785526026,85,1,120.57126303100776,115.933806,154.720294,sha256:50f4079fb1f8977c511cf96d47b97334cda1cb1bbfa83e1316c2b148a7904234,sha256:feb9200167244e14b128e5f7bb8a21bccd825cdfb89c4ca48c317e4614ea9499,sha256:99995f1b629f656fb09f5d361850787758b176e391cef5944af05cddf652249a,sha256:f20c77b2a5dd006f6bebe843b72d1de5d6a56cd3dbf496220482c4b28980aed4,results/thesis_grade_protocol/direct_tabular_autotune_v1/full_floor18_keys3/results/directv1_full_floor18_keys3_seed1_wdbc_linear_poly3.json,results/thesis_grade_protocol/tabular_splits_v1/split_seed_1/wdbc/linear_poly3/split_manifest.json,results/thesis_grade_protocol/tabular_splits_v1/split_seed_1/wdbc/linear_poly3/locked_audit_test.csv,results/thesis_grade_protocol/direct_tabular_autotune_v1/full_floor18_keys3/locked_audit/full_floor18_keys3_locked_audit_keys3/results/directv1_full_floor18_keys3_seed1_wdbc_linear_poly3_locked_audit_keys3.json
full_floor18_keys3_locked_audit_keys3,1,wdbc,mlp_square_linear_score,split_seed_1/wdbc/mlp_square_linear_score,LOCKED_AUDIT_PASS,SAFE,False,synth_analysis_minimum_rescale_N13_Q6_S20_cfec66f693fd,13,6,1,20,3,3,3,0,0,0.0003971786484499029,84,2,171.58575146124028,161.504355,238.235753,sha256:cfec66f693fd6e3a650077a801c046229813e9ce15ecd23489784a9acc32e09e,sha256:a3e79baa87f4047d7a1fcb04d2ee4cd4306a86fa6b7db78cd6f0154e0ddd1d18,sha256:a22c6edbc35dec793284ea54c7297e00d9efaec43488a2e6925f0ce8b0f4fe13,sha256:a7b77071b650c3c0703ca8b110e9bfec0832a1f92003f020a12aa7cce4be77a4,results/thesis_grade_protocol/direct_tabular_autotune_v1/full_floor18_keys3/results/directv1_full_floor18_keys3_seed1_wdbc_mlp_square_linear_score.json,results/thesis_grade_protocol/tabular_splits_v1/split_seed_1/wdbc/mlp_square_linear_score/split_manifest.json,results/thesis_grade_protocol/tabular_splits_v1/split_seed_1/wdbc/mlp_square_linear_score/locked_audit_test.csv,results/thesis_grade_protocol/direct_tabular_autotune_v1/full_floor18_keys3/locked_audit/full_floor18_keys3_locked_audit_keys3/results/directv1_full_floor18_keys3_seed1_wdbc_mlp_square_linear_score_locked_audit_keys3.json
full_floor18_keys3_locked_audit_keys3,2,banknote,linear_poly3,split_seed_2/banknote/linear_poly3,LOCKED_AUDIT_PASS,SAFE,False,synth_repair_scale_1_rescale_N13_Q7_S24_77b6cebc7ed5,13,7,1,24,3,3,3,0,0,0.0071049666011052115,207,0,92.65255521094998,87.798988,124.36817,sha256:77b6cebc7ed5494c7965c1e89db6e6f96dfc54fc7705d5e5dd5470c33f4d2c87,sha256:268df27a63b169bb3db66e65e30f92eb0abd408c366a56be44110ea86fd433e9,sha256:13637b8f5442d20c48e2013f61d837db4032e7c20b77d23c5b0a4744e87b6deb,sha256:18986299d418e065e652ac1d56205c55ea8fd1f36d5e4b3f62b6917d0d3bafe4,results/thesis_grade_protocol/direct_tabular_autotune_v1/full_floor18_keys3/results/directv1_full_floor18_keys3_seed2_banknote_linear_poly3.json,results/thesis_grade_protocol/tabular_splits_v1/split_seed_2/banknote/linear_poly3/split_manifest.json,results/thesis_grade_protocol/tabular_splits_v1/split_seed_2/banknote/linear_poly3/locked_audit_test.csv,results/thesis_grade_protocol/direct_tabular_autotune_v1/full_floor18_keys3/locked_audit/full_floor18_keys3_locked_audit_keys3/results/directv1_full_floor18_keys3_seed2_banknote_linear_poly3_locked_audit_keys3.json
full_floor18_keys3_locked_audit_keys3,2,banknote,mlp_square_linear_score,split_seed_2/banknote/mlp_square_linear_score,LOCKED_AUDIT_PASS,SAFE,False,synth_analysis_minimum_rescale_N13_Q6_S20_0a7f04d55af9,13,6,1,20,3,3,3,0,0,0.0006945833828262415,207,0,138.2842405008051,129.208363,187.071381,sha256:0a7f04d55af9ce804c43fffeb4508aa454fddf0784e105ed6f1f9029300bdca5,sha256:93f314e50a6231f8fbd70a889f9ec337a2131ed6216e77aa72c436a22508c8dc,sha256:6fd2045fefc35f472f1d77cbd28c97f60a815b7086434024f49b30ec13e6e35c,sha256:75b9fd478054442348525ecb46d250affb49d799fb7992ce2203ad37e702e21c,results/thesis_grade_protocol/direct_tabular_autotune_v1/full_floor18_keys3/results/directv1_full_floor18_keys3_seed2_banknote_mlp_square_linear_score.json,results/thesis_grade_protocol/tabular_splits_v1/split_seed_2/banknote/mlp_square_linear_score/split_manifest.json,results/thesis_grade_protocol/tabular_splits_v1/split_seed_2/banknote/mlp_square_linear_score/locked_audit_test.csv,results/thesis_grade_protocol/direct_tabular_autotune_v1/full_floor18_keys3/locked_audit/full_floor18_keys3_locked_audit_keys3/results/directv1_full_floor18_keys3_seed2_banknote_mlp_square_linear_score_locked_audit_keys3.json
full_floor18_keys3_locked_audit_keys3,2,digits_binary,linear_poly3,split_seed_2/digits_binary/linear_poly3,LOCKED_AUDIT_PASS,SAFE,False,synth_repair_scale_1_rescale_N13_Q7_S24_24fcbcea0c1f,13,7,1,24,3,3,3,0,0,0.005187043853809414,267,3,124.86914680000002,119.145368,162.193593,sha256:24fcbcea0c1f5f4439df3ac613fa7ad37200fd4a5ef6f5af5dcdf46149f8af46,sha256:d2e0628ac7ce706662356c76b3ea5632ba8c4f7451c0dbe2b77bbe9d4f4c84b8,sha256:84c6934d831d7a0c02f5d56d1a293b4b36806b3456616e15f8a1aaea82289317,sha256:4baf786bbf5683b96a17d49c15441e198215b62e27d8f6c8b9afd64f3012bfa0,results/thesis_grade_protocol/direct_tabular_autotune_v1/full_floor18_keys3/results/directv1_full_floor18_keys3_seed2_digits_binary_linear_poly3.json,results/thesis_grade_protocol/tabular_splits_v1/split_seed_2/digits_binary/linear_poly3/split_manifest.json,results/thesis_grade_protocol/tabular_splits_v1/split_seed_2/digits_binary/linear_poly3/locked_audit_test.csv,results/thesis_grade_protocol/direct_tabular_autotune_v1/full_floor18_keys3/locked_audit/full_floor18_keys3_locked_audit_keys3/results/directv1_full_floor18_keys3_seed2_digits_binary_linear_poly3_locked_audit_keys3.json
full_floor18_keys3_locked_audit_keys3,2,digits_binary,mlp_square_linear_score,split_seed_2/digits_binary/mlp_square_linear_score,LOCKED_AUDIT_PASS,SAFE,False,synth_analysis_minimum_rescale_N13_Q6_S20_75879362be96,13,6,1,20,3,3,3,0,0,8.378636366224157e-05,256,14,166.54408698888895,155.968851,225.602004,sha256:75879362be961b35c5e4ef212d1aa7949775ec0cba5905a291b89cc0eab61fe7,sha256:3d26e52147c7517ffbdf4a64dfd9860fb2c49fbc51a8227efc7ac11cabd08846,sha256:c68ab2c4515f49a44ec0638736ca380174ccd80cfa2aafbeaf24d3f47132a8f1,sha256:fe285c03409dd3e50b6710caebf16fd5156ad9feb39c91b3b80f96de75cab957,results/thesis_grade_protocol/direct_tabular_autotune_v1/full_floor18_keys3/results/directv1_full_floor18_keys3_seed2_digits_binary_mlp_square_linear_score.json,results/thesis_grade_protocol/tabular_splits_v1/split_seed_2/digits_binary/mlp_square_linear_score/split_manifest.json,results/thesis_grade_protocol/tabular_splits_v1/split_seed_2/digits_binary/mlp_square_linear_score/locked_audit_test.csv,results/thesis_grade_protocol/direct_tabular_autotune_v1/full_floor18_keys3/locked_audit/full_floor18_keys3_locked_audit_keys3/results/directv1_full_floor18_keys3_seed2_digits_binary_mlp_square_linear_score_locked_audit_keys3.json
full_floor18_keys3_locked_audit_keys3,2,iris_binary,linear_poly3,split_seed_2/iris_binary/linear_poly3,LOCKED_AUDIT_PASS,SAFE,False,synth_analysis_minimum_rescale_N13_Q7_S20_b10765d6500e,13,7,1,20,3,3,3,0,0,0.016605513008516315,16,0,84.73215318750003,78.283995,128.571387,sha256:b10765d6500eb092aacc04548ad1facd697d414bb9b0a6c0085e44acf4b15ca3,sha256:1ac1e3b1e420b090208ed7803539a7bcca0f5751534598713c7dfc65d04b134f,sha256:3af66d9208d6bbf002ff08af32dfe7ca973932d6af29289ddf53b7608bd72e07,sha256:85f71415cfb9eb7574ee3e59df36396690957afd53ff1a4cea1a89ece6fa9d27,results/thesis_grade_protocol/direct_tabular_autotune_v1/full_floor18_keys3/results/directv1_full_floor18_keys3_seed2_iris_binary_linear_poly3.json,results/thesis_grade_protocol/tabular_splits_v1/split_seed_2/iris_binary/linear_poly3/split_manifest.json,results/thesis_grade_protocol/tabular_splits_v1/split_seed_2/iris_binary/linear_poly3/locked_audit_test.csv,results/thesis_grade_protocol/direct_tabular_autotune_v1/full_floor18_keys3/locked_audit/full_floor18_keys3_locked_audit_keys3/results/directv1_full_floor18_keys3_seed2_iris_binary_linear_poly3_locked_audit_keys3.json
full_floor18_keys3_locked_audit_keys3,2,iris_binary,mlp_square_linear_score,split_seed_2/iris_binary/mlp_square_linear_score,LOCKED_AUDIT_PASS,SAFE,False,synth_analysis_minimum_rescale_N13_Q6_S20_125eaf89ec9a,13,6,1,20,3,3,3,0,0,0.00024865125604989213,16,0,124.26401306249998,118.380873,164.985804,sha256:125eaf89ec9a212d02bc544c6efcdc2be09123b7deed655220e59afbb23334c9,sha256:499079e0f3ac12ace4ae5fddb516f1964ba83e5f6ccab67d430185a351f43439,sha256:c05cf24e87dc3adc34e77aaded75fde45d1b3ae1439834a0f36a210a0999bd33,sha256:24f4270ca8109860ef94b939cf733edbcf0fa0123d0fa9147542b40ee4037bb7,results/thesis_grade_protocol/direct_tabular_autotune_v1/full_floor18_keys3/results/directv1_full_floor18_keys3_seed2_iris_binary_mlp_square_linear_score.json,results/thesis_grade_protocol/tabular_splits_v1/split_seed_2/iris_binary/mlp_square_linear_score/split_manifest.json,results/thesis_grade_protocol/tabular_splits_v1/split_seed_2/iris_binary/mlp_square_linear_score/locked_audit_test.csv,results/thesis_grade_protocol/direct_tabular_autotune_v1/full_floor18_keys3/locked_audit/full_floor18_keys3_locked_audit_keys3/results/directv1_full_floor18_keys3_seed2_iris_binary_mlp_square_linear_score_locked_audit_keys3.json
full_floor18_keys3_locked_audit_keys3,2,mnist_pool16,linear_poly3,split_seed_2/mnist_pool16/linear_poly3,LOCKED_AUDIT_PASS,SAFE,False,synth_repair_scale_1_rescale_N13_Q7_S24_4df9265b02c0,13,7,1,24,3,3,3,0,0,0.005988028102251186,245,6,206.15444485126153,190.629278,303.100947,sha256:4df9265b02c098834455931bb995ca146691778f58f9a2f2cb824fd59790644e,sha256:aa599cdcf06ae648014ba5bbf60c7f759ba35946e05530b37a5eb953300cb2f0,sha256:eebfab067ef70f20cd9a6ff0dd830e3c4c09110dd5af34795efa2d6409de3ffd,sha256:665f1683d38698145d16caee520d2372462728639a8a1629d51f9f4adb499c9a,results/thesis_grade_protocol/direct_tabular_autotune_v1/full_floor18_keys3/results/directv1_full_floor18_keys3_seed2_mnist_pool16_linear_poly3.json,results/thesis_grade_protocol/tabular_splits_v1/split_seed_2/mnist_pool16/linear_poly3/split_manifest.json,results/thesis_grade_protocol/tabular_splits_v1/split_seed_2/mnist_pool16/linear_poly3/locked_audit_test.csv,results/thesis_grade_protocol/direct_tabular_autotune_v1/full_floor18_keys3/locked_audit/full_floor18_keys3_locked_audit_keys3/results/directv1_full_floor18_keys3_seed2_mnist_pool16_linear_poly3_locked_audit_keys3.json
full_floor18_keys3_locked_audit_keys3,2,mnist_pool16,mlp_square_linear_score,split_seed_2/mnist_pool16/mlp_square_linear_score,LOCKED_AUDIT_PASS,SAFE,False,synth_analysis_minimum_rescale_N13_Q6_S20_a1a2f8ac0526,13,6,1,20,3,3,3,0,0,0.000308157461087033,247,4,252.4838607423634,233.183893,365.178108,sha256:a1a2f8ac0526babaf643de99a667f3c4a08f2a3d4ae44f8f17d1330514352ff3,sha256:3894b1962ea186282254146d16fb52315d470fe288bd41992852bd00b5f11b0d,sha256:17cc244ad876c4c5118d97e146ac47ac3b8216ce8bfb91bc4fcc55f1bb9f5c48,sha256:d37886a5498da2b64f54199ec1b8dd618cc81a9f505108fb6d48ec07f54c1fb0,results/thesis_grade_protocol/direct_tabular_autotune_v1/full_floor18_keys3/results/directv1_full_floor18_keys3_seed2_mnist_pool16_mlp_square_linear_score.json,results/thesis_grade_protocol/tabular_splits_v1/split_seed_2/mnist_pool16/mlp_square_linear_score/split_manifest.json,results/thesis_grade_protocol/tabular_splits_v1/split_seed_2/mnist_pool16/mlp_square_linear_score/locked_audit_test.csv,results/thesis_grade_protocol/direct_tabular_autotune_v1/full_floor18_keys3/locked_audit/full_floor18_keys3_locked_audit_keys3/results/directv1_full_floor18_keys3_seed2_mnist_pool16_mlp_square_linear_score_locked_audit_keys3.json
full_floor18_keys3_locked_audit_keys3,2,wdbc,linear_poly3,split_seed_2/wdbc/linear_poly3,LOCKED_AUDIT_PASS,SAFE,False,synth_repair_scale_1_rescale_N13_Q7_S24_0e8dd22d71bf,13,7,1,24,3,3,3,0,0,0.013560196572616368,85,1,124.03850873255818,115.707091,186.362295,sha256:0e8dd22d71bf07aefd5a7cf5838b08001e6dcded10436684028341a161e2cd9b,sha256:761a61242e4d5271e85201abb13f0603eec09d0025a788a8a9a225d8fc4e45ce,sha256:fc91d42f9146fde42c89402e2297a4f45f9dc582d7bb5b7c6d0ef8853aae92c8,sha256:ec0f3dbe8dbf73a269bc2967c96b6b9a56f9e4e8a0526fa6bc092592454a8542,results/thesis_grade_protocol/direct_tabular_autotune_v1/full_floor18_keys3/results/directv1_full_floor18_keys3_seed2_wdbc_linear_poly3.json,results/thesis_grade_protocol/tabular_splits_v1/split_seed_2/wdbc/linear_poly3/split_manifest.json,results/thesis_grade_protocol/tabular_splits_v1/split_seed_2/wdbc/linear_poly3/locked_audit_test.csv,results/thesis_grade_protocol/direct_tabular_autotune_v1/full_floor18_keys3/locked_audit/full_floor18_keys3_locked_audit_keys3/results/directv1_full_floor18_keys3_seed2_wdbc_linear_poly3_locked_audit_keys3.json
full_floor18_keys3_locked_audit_keys3,2,wdbc,mlp_square_linear_score,split_seed_2/wdbc/mlp_square_linear_score,LOCKED_AUDIT_PASS,SAFE,False,synth_analysis_minimum_rescale_N13_Q6_S20_1893fb70e490,13,6,1,20,3,3,3,0,0,0.0002997097497521306,83,3,167.02115291860466,157.535308,237.016449,sha256:1893fb70e490788783b8647053db7564bac87b61c1dc679557ed7312ef0758f6,sha256:924899837922cf148ccb5102c0e71f3ae0caa7718bd717da80296618ab896a72,sha256:a23432cf0c5b823506b3d3f06fc46c07998a4977885128e420a7b8cbcdd5dc22,sha256:2828ad349a983e3aa9cc89971b56c87e4195aa9e582984d59c7b1a82aa17ae8b,results/thesis_grade_protocol/direct_tabular_autotune_v1/full_floor18_keys3/results/directv1_full_floor18_keys3_seed2_wdbc_mlp_square_linear_score.json,results/thesis_grade_protocol/tabular_splits_v1/split_seed_2/wdbc/mlp_square_linear_score/split_manifest.json,results/thesis_grade_protocol/tabular_splits_v1/split_seed_2/wdbc/mlp_square_linear_score/locked_audit_test.csv,results/thesis_grade_protocol/direct_tabular_autotune_v1/full_floor18_keys3/locked_audit/full_floor18_keys3_locked_audit_keys3/results/directv1_full_floor18_keys3_seed2_wdbc_mlp_square_linear_score_locked_audit_keys3.json
