row_id,label,plain_z,ckks_z,z_error,plain_y,ckks_y,y_error,error_budget,error_usage,error_violation,plain_decision,ckks_decision,decision_flip,plain_correct,ckks_correct,encode_encrypt_ms,model_eval_ms,polynomial_eval_ms,eval_only_ms,decrypt_decode_ms,total_eval_ms,initial_level,z_level,y_level,z_degree,y_degree
0,1,0.0250838524,0.0000000000,0.0250838524,0.5049415189,-0.0000000000,0.5049415189,0.0010000000,504.9415189270,true,true,false,true,true,false,93.8444180000,79.6378760000,0.5646890000,80.2025650000,1.2051310000,175.2549200000,2,0,0,1,1
1,1,-0.0035887911,0.0000000000,0.0035887911,0.4992930082,0.0000000000,0.4992930082,0.0010000000,499.2930081520,true,false,false,false,false,false,62.7630740000,77.2308650000,0.7086300000,77.9394950000,1.2006630000,141.9064870000,2,0,0,1,1
2,0,-0.0536061180,0.0000000000,0.0536061180,0.4894395948,0.0000000000,0.4894395948,0.0010000000,489.4395947520,true,false,false,false,true,true,76.9746630000,56.7645520000,0.6049750000,57.3695270000,1.2532720000,135.5996560000,2,0,0,1,1
3,0,-0.0160762347,-0.0000000000,0.0160762347,0.4968329818,-0.0000000000,0.4968329818,0.0010000000,496.8329817670,true,false,false,false,true,true,73.4783980000,97.4206490000,0.8790590000,98.2997080000,4.8371080000,176.6186700000,2,0,0,1,1
5,0,-0.0442281113,-0.0000000000,0.0442281113,0.4912870621,0.0000000000,0.4912870621,0.0010000000,491.2870620700,true,false,false,false,true,true,86.9309870000,86.6342480000,0.5499520000,87.1842000000,1.1176380000,175.2362500000,2,0,0,1,1
7,0,-0.0499976953,0.0000000000,0.0499976953,0.4901504540,0.0000000000,0.4901504540,0.0010000000,490.1504540240,true,false,false,false,true,true,72.6220800000,58.4053660000,0.5606220000,58.9659880000,1.1474530000,132.7380760000,2,0,0,1,1
8,0,0.0034657098,0.0000000000,0.0034657098,0.5006827448,0.0000000000,0.5006827448,0.0010000000,500.6827448250,true,true,false,true,false,true,64.8897400000,81.7581550000,0.8190670000,82.5772220000,1.8083240000,149.2789730000,2,0,0,1,1
9,1,-0.0183517919,-0.0000000000,0.0183517919,0.4963846970,-0.0000000000,0.4963846970,0.0010000000,496.3846969880,true,false,false,false,false,false,75.6182980000,54.2190540000,1.7182650000,55.9373190000,2.3556200000,133.9146540000,2,0,0,1,1
10,1,0.0073841600,0.0000000000,0.0073841600,0.5014546795,-0.0000000000,0.5014546795,0.0010000000,501.4546795140,true,true,false,true,true,false,62.8810100000,57.7176010000,0.6048150000,58.3224160000,1.1399090000,122.3477030000,2,0,0,1,1
12,0,-0.0112542324,-0.0000000000,0.0112542324,0.4977829162,0.0000000000,0.4977829162,0.0010000000,497.7829162200,true,false,false,false,true,true,67.9277820000,64.4979900000,0.5608120000,65.0588020000,1.1299310000,134.1196700000,2,0,0,1,1
15,1,0.0988893379,-0.0000000000,0.0988893379,0.5194811996,-0.0000000000,0.5194811996,0.0010000000,519.4811995650,true,true,false,true,true,false,65.4912830000,58.8767000000,0.7457200000,59.6224200000,1.1473430000,126.2636020000,2,0,0,1,1
16,0,-0.0486688507,-0.0000000000,0.0486688507,0.4904122364,-0.0000000000,0.4904122364,0.0010000000,490.4122364200,true,false,false,false,true,true,66.4799490000,62.2293420000,0.6494290000,62.8787710000,1.4430980000,130.8054050000,2,0,0,1,1
17,1,0.0657332713,0.0000000000,0.0657332713,0.5129494544,0.0000000000,0.5129494544,0.0010000000,512.9494544400,true,true,false,true,true,false,61.8288410000,55.8884180000,1.0725830000,56.9610010000,1.1431160000,119.9356710000,2,0,0,1,1
18,1,0.0878281263,0.0000000000,0.0878281263,0.5173021409,0.0000000000,0.5173021409,0.0010000000,517.3021408880,true,true,false,true,true,false,59.1073140000,59.4314170000,0.5985340000,60.0299510000,1.1345190000,120.2739460000,2,0,0,1,1
19,0,-0.0252634659,-0.0000000000,0.0252634659,0.4950230972,0.0000000000,0.4950230972,0.0010000000,495.0230972130,true,false,false,false,true,true,65.8893510000,57.9705950000,0.5583780000,58.5289730000,1.1310930000,125.5520310000,2,0,0,1,1
22,1,0.0511559047,0.0000000000,0.0511559047,0.5100777132,0.0000000000,0.5100777132,0.0010000000,510.0777132260,true,true,false,true,true,false,65.7402510000,56.8296840000,0.5760210000,57.4057050000,1.1346990000,124.2829490000,2,0,0,1,1
24,1,0.0409249705,0.0000000000,0.0409249705,0.5080622192,0.0000000000,0.5080622192,0.0010000000,508.0622191890,true,true,false,true,true,false,67.5195000000,58.3817270000,1.2119700000,59.5936970000,1.4604610000,128.5772030000,2,0,0,1,1
25,1,0.0445427352,-0.0000000000,0.0445427352,0.5087749188,-0.0000000000,0.5087749188,0.0010000000,508.7749188260,true,true,false,true,true,false,63.9854480000,60.5919090000,0.5586980000,61.1506070000,1.1261030000,126.2654650000,2,0,0,1,1
26,0,0.0029258630,-0.0000000000,0.0029258630,0.5005763950,0.0000000000,0.5005763950,0.0010000000,500.5763950180,true,true,false,true,false,true,74.3976980000,55.0759180000,0.5676160000,55.6435340000,1.2720570000,131.3159930000,2,0,0,1,1
28,1,0.0547109332,0.0000000000,0.0547109332,0.5107780538,-0.0000000000,0.5107780538,0.0010000000,510.7780538460,true,true,false,true,true,false,76.3241730000,61.0553790000,0.5550420000,61.6104210000,1.1956640000,139.1333430000,2,0,0,1,1
29,1,0.0074758413,-0.0000000000,0.0074758413,0.5014727407,-0.0000000000,0.5014727407,0.0010000000,501.4727407440,true,true,false,true,true,false,66.2420420000,57.6151730000,0.5575760000,58.1727490000,1.2584320000,125.6761490000,2,0,0,1,1
32,0,-0.0192894461,-0.0000000000,0.0192894461,0.4961999791,-0.0000000000,0.4961999791,0.0010000000,496.1999791200,true,false,false,false,true,true,72.0968140000,62.2339960000,1.1128180000,63.3468140000,1.2568080000,136.7039550000,2,0,0,1,1
33,0,0.0001250424,-0.0000000000,0.0001250424,0.5000246333,-0.0000000000,0.5000246333,0.0010000000,500.0246333440,true,true,false,true,false,true,68.4049310000,62.5345450000,0.5494610000,63.0840060000,1.1209540000,132.6130370000,2,0,0,1,1
35,0,-0.0056787023,0.0000000000,0.0056787023,0.4988812957,-0.0000000000,0.4988812957,0.0010000000,498.8812956550,true,false,false,false,true,true,63.6763670000,61.7394820000,1.9242610000,63.6637430000,1.5237500000,128.8677790000,2,0,0,1,1
37,0,-0.0473080997,-0.0000000000,0.0473080997,0.4906803044,-0.0000000000,0.4906803044,0.0010000000,490.6803043670,true,false,false,false,true,true,86.8699780000,79.7053140000,1.5790730000,81.2843870000,1.2550260000,169.4135790000,2,0,0,1,1
38,1,0.0639228300,0.0000000000,0.0639228300,0.5125927975,-0.0000000000,0.5125927975,0.0010000000,512.5927975060,true,true,false,true,true,false,70.7857590000,70.8229050000,0.6374160000,71.4603210000,1.2107120000,143.4600780000,2,0,0,1,1
39,0,-0.0263832491,-0.0000000000,0.0263832491,0.4948024999,-0.0000000000,0.4948024999,0.0010000000,494.8024999260,true,false,false,false,true,true,75.0932730000,89.5429850000,0.8661150000,90.4091000000,1.5890430000,167.0942110000,2,0,0,1,1
40,1,0.0112365686,0.0000000000,0.0112365686,0.5022136040,-0.0000000000,0.5022136040,0.0010000000,502.2136040180,true,true,false,true,true,false,87.8646310000,85.6713840000,0.5816120000,86.2529960000,1.2496450000,175.3699560000,2,0,0,1,1
43,0,-0.0410070035,0.0000000000,0.0410070035,0.4919216203,-0.0000000000,0.4919216203,0.0010000000,491.9216203160,true,false,false,false,true,true,71.7077510000,70.6924140000,0.5577670000,71.2501810000,1.1686930000,144.1299010000,2,0,0,1,1
47,1,0.0126230634,-0.0000000000,0.0126230634,0.5024867435,-0.0000000000,0.5024867435,0.0010000000,502.4867434820,true,true,false,true,true,false,64.5250100000,80.6489600000,0.7289680000,81.3779280000,6.6794350000,152.5858290000,2,0,0,1,1
50,1,0.0178909068,0.0000000000,0.0178909068,0.5035245086,-0.0000000000,0.5035245086,0.0010000000,503.5245086330,true,true,false,true,true,false,71.6499060000,76.7817470000,0.7004450000,77.4821920000,1.2026170000,150.3380300000,2,0,0,1,1
51,0,-0.1008437501,-0.0000000000,0.1008437501,0.4801337812,-0.0000000000,0.4801337812,0.0010000000,480.1337812270,true,false,false,false,true,true,63.1500200000,57.0479180000,0.5606020000,57.6085200000,1.1224270000,121.8834820000,2,0,0,1,1
52,1,0.0852752904,-0.0000000000,0.0852752904,0.5167992322,0.0000000000,0.5167992322,0.0010000000,516.7992322050,true,true,false,true,true,false,66.8070070000,65.8734650000,0.6328180000,66.5062830000,1.8598100000,135.1758850000,2,0,0,1,1
54,0,-0.0386972391,-0.0000000000,0.0386972391,0.4923766439,-0.0000000000,0.4923766439,0.0010000000,492.3766438920,true,false,false,false,true,true,74.2240880000,75.4562190000,0.8643070000,76.3205260000,1.1353000000,151.6833910000,2,0,0,1,1
55,1,0.1919910371,-0.0000000000,0.1919910371,0.5378222343,0.0000000000,0.5378222343,0.0010000000,537.8222343040,true,true,false,true,true,false,67.0485910000,52.0376400000,0.5552120000,52.5928520000,1.3916210000,121.0357300000,2,0,0,1,1
59,0,0.0135564952,-0.0000000000,0.0135564952,0.5026706295,-0.0000000000,0.5026706295,0.0010000000,502.6706295490,true,true,false,true,false,true,59.7496390000,58.3218140000,0.6844440000,59.0062580000,3.1231410000,121.8813830000,2,0,0,1,1
62,1,0.0062541712,-0.0000000000,0.0062541712,0.5012320717,0.0000000000,0.5012320717,0.0010000000,501.2320717250,true,true,false,true,true,false,64.8989970000,53.3320350000,0.6331580000,53.9651930000,1.3790480000,120.2472160000,2,0,0,1,1
63,0,-0.0506788334,-0.0000000000,0.0506788334,0.4900162698,-0.0000000000,0.4900162698,0.0010000000,490.0162698110,true,false,false,false,true,true,63.1169720000,53.8293140000,0.5534390000,54.3827530000,1.1415520000,118.6431700000,2,0,0,1,1
64,1,0.1259197414,0.0000000000,0.1259197414,0.5248061891,-0.0000000000,0.5248061891,0.0010000000,524.8061890610,true,true,false,true,true,false,99.1208740000,79.0579080000,0.7322640000,79.7901720000,1.1585250000,180.0717550000,2,0,0,1,1
65,0,-0.0709727390,-0.0000000000,0.0709727390,0.4860183704,0.0000000000,0.4860183704,0.0010000000,486.0183704260,true,false,false,false,true,true,63.8290290000,62.6983770000,0.6620720000,63.3604490000,1.1559590000,128.3483530000,2,0,0,1,1
67,0,-0.0436797047,-0.0000000000,0.0436797047,0.4913950982,-0.0000000000,0.4913950982,0.0010000000,491.3950981670,true,false,false,false,true,true,73.2174080000,70.6214950000,0.5776040000,71.1990990000,1.3383330000,145.7584160000,2,0,0,1,1
74,1,0.0614798980,-0.0000000000,0.0614798980,0.5121115399,0.0000000000,0.5121115399,0.0010000000,512.1115399100,true,true,false,true,true,false,68.0445900000,70.5846770000,0.5873520000,71.1720290000,1.2279150000,140.4467280000,2,0,0,1,1
76,1,-0.0118844070,0.0000000000,0.0118844070,0.4976587718,-0.0000000000,0.4976587718,0.0010000000,497.6587718280,true,false,false,false,false,false,63.8276970000,61.8262810000,0.5613730000,62.3876540000,1.1332270000,127.3508120000,2,0,0,1,1
77,0,-0.0593680366,0.0000000000,0.0593680366,0.4883044968,-0.0000000000,0.4883044968,0.0010000000,488.3044967960,true,false,false,false,true,true,69.4472820000,68.8301950000,0.5682560000,69.3984510000,1.1227870000,139.9716060000,2,0,0,1,1
78,1,0.0631995103,0.0000000000,0.0631995103,0.5124503035,0.0000000000,0.5124503035,0.0010000000,512.4503035270,true,true,false,true,true,false,61.4077100000,53.5802110000,0.5797280000,54.1599390000,1.1199920000,116.6904460000,2,0,0,1,1
80,0,-0.0333452482,-0.0000000000,0.0333452482,0.4934309861,0.0000000000,0.4934309861,0.0010000000,493.4309861000,true,false,false,false,true,true,60.9494010000,57.3352130000,0.5546110000,57.8898240000,1.1118370000,119.9535850000,2,0,0,1,1
81,1,0.0156989925,0.0000000000,0.0156989925,0.5030927015,0.0000000000,0.5030927015,0.0010000000,503.0927015190,true,true,false,true,true,false,67.7649950000,53.5037330000,0.5525070000,54.0562400000,1.1372340000,122.9616550000,2,0,0,1,1
85,1,0.0114263626,0.0000000000,0.0114263626,0.5022509934,0.0000000000,0.5022509934,0.0010000000,502.2509934420,true,true,false,true,true,false,60.4441920000,58.0711330000,1.7390240000,59.8101570000,1.5434560000,121.8005200000,2,0,0,1,1
87,0,-0.0480388042,-0.0000000000,0.0480388042,0.4905363556,0.0000000000,0.4905363556,0.0010000000,490.5363555710,true,false,false,false,true,true,60.2940310000,62.9372460000,0.5695290000,63.5067750000,4.2079010000,128.0121020000,2,0,0,1,1
88,0,-0.0368206841,0.0000000000,0.0368206841,0.4927463252,-0.0000000000,0.4927463252,0.0010000000,492.7463252390,true,false,false,false,true,true,71.7897590000,64.7779800000,0.5586580000,65.3366380000,2.6624160000,139.7914080000,2,0,0,1,1
89,1,0.1302776276,-0.0000000000,0.1302776276,0.5256646926,0.0000000000,0.5256646926,0.0010000000,525.6646926300,true,true,false,true,true,false,71.2636370000,60.8971680000,2.7649030000,63.6620710000,1.7556350000,136.6834560000,2,0,0,1,1
91,1,0.1269207712,-0.0000000000,0.1269207712,0.5250033919,-0.0000000000,0.5250033919,0.0010000000,525.0033919200,true,true,false,true,true,false,78.0159180000,58.2622830000,0.7256620000,58.9879450000,1.3371390000,138.3440680000,2,0,0,1,1
92,1,0.0289406368,0.0000000000,0.0289406368,0.5057013054,0.0000000000,0.5057013054,0.0010000000,505.7013054430,true,true,false,true,true,false,68.8170140000,59.9731380000,0.5907690000,60.5639070000,1.1689140000,130.5532720000,2,0,0,1,1
93,0,-0.0549385390,0.0000000000,0.0549385390,0.4891771078,0.0000000000,0.4891771078,0.0010000000,489.1771078270,true,false,false,false,true,true,74.8905720000,68.8555970000,2.8175480000,71.6731450000,1.3142760000,147.8817100000,2,0,0,1,1
98,0,-0.0408682362,-0.0000000000,0.0408682362,0.4919489575,0.0000000000,0.4919489575,0.0010000000,491.9489574690,true,false,false,false,true,true,66.2943800000,79.2566970000,0.5574560000,79.8141530000,1.1223960000,147.2340750000,2,0,0,1,1
100,0,-0.0475332866,-0.0000000000,0.0475332866,0.4906359425,-0.0000000000,0.4906359425,0.0010000000,490.6359425330,true,false,false,false,true,true,72.5041950000,93.6611940000,0.5517550000,94.2129490000,1.1226170000,167.8429660000,2,0,0,1,1
101,1,0.0525618450,-0.0000000000,0.0525618450,0.5103546835,-0.0000000000,0.5103546835,0.0010000000,510.3546834740,true,true,false,true,true,false,71.2065390000,75.7776780000,0.5603720000,76.3380500000,1.5702170000,149.1175600000,2,0,0,1,1
112,0,-0.0512338766,-0.0000000000,0.0512338766,0.4899069263,-0.0000000000,0.4899069263,0.0010000000,489.9069263120,true,false,false,false,true,true,76.1412150000,88.1595480000,0.5666230000,88.7261710000,1.1381960000,166.0082680000,2,0,0,1,1
113,1,0.0231851193,0.0000000000,0.0231851193,0.5045674685,0.0000000000,0.5045674685,0.0010000000,504.5674685090,true,true,false,true,true,false,65.7399860000,63.1805670000,0.6753080000,63.8558750000,1.1446280000,130.7433530000,2,0,0,1,1
115,1,0.0138883936,-0.0000000000,0.0138883936,0.5027360135,0.0000000000,0.5027360135,0.0010000000,502.7360135410,true,true,false,true,true,false,72.7962420000,69.3253730000,0.6290400000,69.9544130000,1.1685030000,143.9219540000,2,0,0,1,1
116,1,0.0758631962,-0.0000000000,0.0758631962,0.5149450497,0.0000000000,0.5149450497,0.0010000000,514.9450496610,true,true,false,true,true,false,70.7823590000,58.7803140000,0.6353320000,59.4156460000,1.1689940000,131.3690430000,2,0,0,1,1
121,0,-0.0580797600,0.0000000000,0.0580797600,0.4885582873,-0.0000000000,0.4885582873,0.0010000000,488.5582872870,true,false,false,false,true,true,58.6757840000,52.9766380000,0.6959160000,53.6725540000,3.3967440000,115.7478470000,2,0,0,1,1
122,0,-0.0061436173,0.0000000000,0.0061436173,0.4987897074,-0.0000000000,0.4987897074,0.0010000000,498.7897073970,true,false,false,false,true,true,78.2018960000,68.2961370000,0.7209330000,69.0170700000,1.3842080000,148.6057290000,2,0,0,1,1
126,1,0.0723519747,0.0000000000,0.0723519747,0.5142533390,-0.0000000000,0.5142533390,0.0010000000,514.2533390150,true,true,false,true,true,false,76.1925170000,65.6029220000,0.6748960000,66.2778180000,1.6113530000,144.0845850000,2,0,0,1,1
129,0,-0.1028194084,-0.0000000000,0.1028194084,0.4797445765,-0.0000000000,0.4797445765,0.0010000000,479.7445765490,true,false,false,false,true,true,97.3136640000,206.6003100000,0.5653710000,207.1656810000,6.1651190000,310.6475290000,2,0,0,1,1
131,1,0.0639017605,-0.0000000000,0.0639017605,0.5125886468,0.0000000000,0.5125886468,0.0010000000,512.5886468200,true,true,false,true,true,false,62.9676220000,58.9209590000,0.9637980000,59.8847570000,2.0883990000,124.9449770000,2,0,0,1,1
132,0,-0.0325678641,0.0000000000,0.0325678641,0.4935841308,0.0000000000,0.4935841308,0.0010000000,493.5841307740,true,false,false,false,true,true,92.9394990000,60.6331360000,0.5953870000,61.2285230000,1.4897650000,155.6604830000,2,0,0,1,1
133,0,-0.0109438311,0.0000000000,0.0109438311,0.4978440653,-0.0000000000,0.4978440653,0.0010000000,497.8440652800,true,false,false,false,true,true,66.1386300000,62.6064390000,0.7946910000,63.4011300000,1.4365960000,130.9796720000,2,0,0,1,1
135,0,0.0122719149,-0.0000000000,0.0122719149,0.5024175672,-0.0000000000,0.5024175672,0.0010000000,502.4175672340,true,true,false,true,false,true,83.7163260000,60.1878110000,0.5680460000,60.7558570000,1.1290190000,145.6041180000,2,0,0,1,1
137,1,0.0475507885,-0.0000000000,0.0475507885,0.5093675053,0.0000000000,0.5093675053,0.0010000000,509.3675053420,true,true,false,true,true,false,64.5678000000,56.5344640000,0.6247320000,57.1591960000,1.4353840000,123.1651670000,2,0,0,1,1
139,1,0.0324734040,0.0000000000,0.0324734040,0.5063972606,0.0000000000,0.5063972606,0.0010000000,506.3972605820,true,true,false,true,true,false,59.4373930000,64.4087970000,1.0202450000,65.4290420000,1.9615310000,126.8305800000,2,0,0,1,1
140,1,0.0774452593,0.0000000000,0.0774452593,0.5152567161,-0.0000000000,0.5152567161,0.0010000000,515.2567160810,true,true,false,true,true,false,69.0564490000,51.5822720000,1.3398350000,52.9221070000,1.3400350000,123.3210940000,2,0,0,1,1
141,0,-0.1430064623,0.0000000000,0.1430064623,0.4718277269,0.0000000000,0.4718277269,0.0010000000,471.8277269270,true,false,false,false,true,true,59.5931050000,53.7627830000,0.5637580000,54.3265410000,1.1244400000,115.0465610000,2,0,0,1,1
142,0,-0.0430808135,0.0000000000,0.0430808135,0.4915130797,-0.0000000000,0.4915130797,0.0010000000,491.5130797480,true,false,false,false,true,true,65.0583110000,63.2815520000,0.5546310000,63.8361830000,1.1523430000,130.0495320000,2,0,0,1,1
146,0,-0.0387046136,0.0000000000,0.0387046136,0.4923751911,-0.0000000000,0.4923751911,0.0010000000,492.3751911140,true,false,false,false,true,true,62.2908070000,60.0573260000,2.3906620000,62.4479880000,1.1885700000,125.9312920000,2,0,0,1,1
149,0,-0.0354209663,0.0000000000,0.0354209663,0.4930220696,-0.0000000000,0.4930220696,0.0010000000,493.0220696420,true,false,false,false,true,true,69.1572480000,53.3225820000,0.5534380000,53.8760200000,1.1241090000,124.1594420000,2,0,0,1,1
150,0,-0.0259834413,-0.0000000000,0.0259834413,0.4948812621,-0.0000000000,0.4948812621,0.0010000000,494.8812620560,true,false,false,false,true,true,64.2245560000,60.7823270000,0.5618740000,61.3442010000,1.1747050000,126.7468380000,2,0,0,1,1
152,1,0.0880006214,-0.0000000000,0.0880006214,0.5173361224,-0.0000000000,0.5173361224,0.0010000000,517.3361224060,true,true,false,true,true,false,62.2895400000,60.7240920000,0.5622650000,61.2863570000,1.1275460000,124.7061680000,2,0,0,1,1
153,1,-0.0117711610,0.0000000000,0.0117711610,0.4976810813,0.0000000000,0.4976810813,0.0010000000,497.6810812760,true,false,false,false,false,false,71.1836060000,55.7884550000,0.5522460000,56.3407010000,1.1306210000,128.6572530000,2,0,0,1,1
154,0,-0.0440703563,-0.0000000000,0.0440703563,0.4913181398,0.0000000000,0.4913181398,0.0010000000,491.3181398040,true,false,false,false,true,true,62.8380190000,54.7108330000,0.6936820000,55.4045150000,1.2376320000,119.4837830000,2,0,0,1,1
157,1,0.0861167111,-0.0000000000,0.0861167111,0.5169649921,-0.0000000000,0.5169649921,0.0010000000,516.9649920890,true,true,false,true,true,false,68.0433830000,52.2791290000,0.7003550000,52.9794840000,1.6446870000,122.6708190000,2,0,0,1,1
158,0,-0.0030404364,-0.0000000000,0.0030404364,0.4994010340,0.0000000000,0.4994010340,0.0010000000,499.4010340230,true,false,false,false,true,true,61.5760120000,65.3754110000,0.7220150000,66.0974260000,1.3856100000,129.0617630000,2,0,0,1,1
160,1,0.0979310337,-0.0000000000,0.0979310337,0.5192924136,-0.0000000000,0.5192924136,0.0010000000,519.2924136430,true,true,false,true,true,false,62.3212340000,56.9085720000,0.8379820000,57.7465540000,1.3610040000,121.4314480000,2,0,0,1,1
161,0,-0.0208678177,-0.0000000000,0.0208678177,0.4958890399,-0.0000000000,0.4958890399,0.0010000000,495.8890399090,true,false,false,false,true,true,94.2242800000,86.8757650000,0.6098240000,87.4855890000,1.1585940000,182.8721900000,2,0,0,1,1
162,1,0.0032181454,-0.0000000000,0.0032181454,0.5006339746,0.0000000000,0.5006339746,0.0010000000,500.6339746350,true,true,false,true,true,false,88.9130920000,62.2817520000,0.6600990000,62.9418510000,1.3430210000,153.2015700000,2,0,0,1,1
165,0,-0.0495841035,-0.0000000000,0.0495841035,0.4902319316,0.0000000000,0.4902319316,0.0010000000,490.2319316130,true,false,false,false,true,true,80.8019760000,53.2182610000,0.5731560000,53.7914170000,1.1771390000,135.7730570000,2,0,0,1,1
166,1,0.0937514002,0.0000000000,0.0937514002,0.5184690258,0.0000000000,0.5184690258,0.0010000000,518.4690258410,true,true,false,true,true,false,60.0545110000,58.2225530000,0.5606920000,58.7832450000,1.7147380000,120.5551390000,2,0,0,1,1
167,0,-0.0335645898,0.0000000000,0.0335645898,0.4933877758,0.0000000000,0.4933877758,0.0010000000,493.3877758040,true,false,false,false,true,true,82.5721580000,77.2349930000,0.5541090000,77.7891020000,1.1298500000,161.4944070000,2,0,0,1,1
168,0,-0.0370816888,-0.0000000000,0.0370816888,0.4926949073,0.0000000000,0.4926949073,0.0010000000,492.6949073070,true,false,false,false,true,true,73.4673370000,76.0416680000,0.5735260000,76.6151940000,1.1432260000,151.2287620000,2,0,0,1,1
169,1,0.0629249787,0.0000000000,0.0629249787,0.5123962208,0.0000000000,0.5123962208,0.0010000000,512.3962207950,true,true,false,true,true,false,69.1079050000,56.8660020000,0.5843470000,57.4503490000,3.3124670000,129.8742470000,2,0,0,1,1
173,1,0.0826987852,0.0000000000,0.0826987852,0.5162916607,0.0000000000,0.5162916607,0.0010000000,516.2916606890,true,true,false,true,true,false,67.2172420000,55.6143130000,0.6875010000,56.3018140000,1.6547150000,125.1769670000,2,0,0,1,1
174,1,0.0280338899,-0.0000000000,0.0280338899,0.5055226763,0.0000000000,0.5055226763,0.0010000000,505.5226763100,true,true,false,true,true,false,60.3466090000,62.8904330000,0.6768100000,63.5672430000,1.3790380000,125.2964960000,2,0,0,1,1
176,0,-0.0603129561,-0.0000000000,0.0603129561,0.4881183477,-0.0000000000,0.4881183477,0.0010000000,488.1183476560,true,false,false,false,true,true,58.1886600000,53.5639350000,0.6431470000,54.2070820000,1.1254820000,113.5238090000,2,0,0,1,1
178,0,-0.0021716353,-0.0000000000,0.0021716353,0.4995721878,0.0000000000,0.4995721878,0.0010000000,499.5721878490,true,false,false,false,true,true,59.4550710000,55.5793720000,0.7287880000,56.3081600000,1.5008060000,117.2663110000,2,0,0,1,1
179,1,0.0077173633,0.0000000000,0.0077173633,0.5015203206,0.0000000000,0.5015203206,0.0010000000,501.5203205670,true,true,false,true,true,false,78.4528780000,62.1941460000,0.5590290000,62.7531750000,1.1327560000,142.3410230000,2,0,0,1,1
183,1,0.0579976731,0.0000000000,0.0579976731,0.5114255416,0.0000000000,0.5114255416,0.0010000000,511.4255416030,true,true,false,true,true,false,62.0710800000,67.2159350000,0.9790870000,68.1950220000,1.7910810000,132.0596080000,2,0,0,1,1
185,0,-0.0605299949,0.0000000000,0.0605299949,0.4880755910,0.0000000000,0.4880755910,0.0010000000,488.0755909970,true,false,false,false,true,true,62.7749310000,55.1063090000,0.5899570000,55.6962660000,1.1399900000,119.6137420000,2,0,0,1,1
186,1,0.0771043300,-0.0000000000,0.0771043300,0.5151895530,-0.0000000000,0.5151895530,0.0010000000,515.1895530180,true,true,false,true,true,false,58.0655690000,57.9274640000,0.5609630000,58.4884270000,1.1414520000,117.6979920000,2,0,0,1,1
189,1,-0.0188888723,-0.0000000000,0.0188888723,0.4962788922,-0.0000000000,0.4962788922,0.0010000000,496.2788921620,true,false,false,false,false,false,64.0511510000,59.9194770000,2.0070620000,61.9265390000,1.5516110000,127.5336590000,2,0,0,1,1
190,0,-0.0299500242,0.0000000000,0.0299500242,0.4940998452,-0.0000000000,0.4940998452,0.0010000000,494.0998452420,true,false,false,false,true,true,77.7198420000,134.5566000000,0.5650800000,135.1216800000,1.1752760000,214.0195530000,2,0,0,1,1
191,0,-0.0480112134,-0.0000000000,0.0480112134,0.4905417910,-0.0000000000,0.4905417910,0.0010000000,490.5417909650,true,false,false,false,true,true,90.4680010000,65.6106230000,0.6726720000,66.2832950000,1.1577420000,157.9120540000,2,0,0,1,1
192,0,-0.0443806276,0.0000000000,0.0443806276,0.4912570164,-0.0000000000,0.4912570164,0.0010000000,491.2570163710,true,false,false,false,true,true,78.7173840000,80.8775880000,1.1618400000,82.0394280000,1.7591910000,162.5201120000,2,0,0,1,1
194,0,-0.0094106283,0.0000000000,0.0094106283,0.4981461062,-0.0000000000,0.4981461062,0.0010000000,498.1461062160,true,false,false,false,true,true,95.0328330000,55.9900330000,0.5631170000,56.5531500000,1.1214040000,152.7102320000,2,0,0,1,1
196,0,-0.0062107349,0.0000000000,0.0062107349,0.4987764852,-0.0000000000,0.4987764852,0.0010000000,498.7764852300,true,false,false,false,true,true,74.5000350000,60.0532890000,0.5497520000,60.6030410000,1.1282270000,136.2346680000,2,0,0,1,1
197,0,-0.0784309388,-0.0000000000,0.0784309388,0.4845491050,-0.0000000000,0.4845491050,0.0010000000,484.5491050500,true,false,false,false,true,true,67.1807940000,55.6256390000,0.5559530000,56.1815920000,1.1260630000,124.4903030000,2,0,0,1,1
198,0,-0.0103742925,0.0000000000,0.0103742925,0.4979562644,-0.0000000000,0.4979562644,0.0010000000,497.9562643750,true,false,false,false,true,true,65.8729250000,59.5338880000,0.5654820000,60.0993700000,1.1170760000,127.0919960000,2,0,0,1,1
199,1,-0.0104782628,0.0000000000,0.0104782628,0.4979357822,0.0000000000,0.4979357822,0.0010000000,497.9357822200,true,false,false,false,false,false,60.1388790000,51.7153410000,0.5716730000,52.2870140000,1.1334070000,113.5621150000,2,0,0,1,1
203,1,0.0643284591,-0.0000000000,0.0643284591,0.5126727064,0.0000000000,0.5126727064,0.0010000000,512.6727064450,true,true,false,true,true,false,60.7387750000,55.5387660000,0.6215060000,56.1602720000,1.3459850000,118.2488610000,2,0,0,1,1
204,1,0.1194840131,0.0000000000,0.1194840131,0.5235383506,0.0000000000,0.5235383506,0.0010000000,523.5383505830,true,true,false,true,true,false,60.7200750000,57.9700340000,0.5650310000,58.5350650000,1.7668060000,121.0251710000,2,0,0,1,1
208,0,-0.0191139997,-0.0000000000,0.0191139997,0.4962345421,0.0000000000,0.4962345421,0.0010000000,496.2345420630,true,false,false,false,true,true,68.5214860000,52.7360360000,1.4735550000,54.2095910000,1.1647660000,123.8994800000,2,0,0,1,1
209,1,0.0765896555,0.0000000000,0.0765896555,0.5150881621,-0.0000000000,0.5150881621,0.0010000000,515.0881621420,true,true,false,true,true,false,67.5673600000,59.7755370000,0.5816020000,60.3571390000,1.1384060000,129.0661200000,2,0,0,1,1
212,0,-0.0327741748,-0.0000000000,0.0327741748,0.4935434876,-0.0000000000,0.4935434876,0.0010000000,493.5434875570,true,false,false,false,true,true,81.5768760000,68.6468500000,0.5833640000,69.2302140000,1.3011010000,152.1108770000,2,0,0,1,1
213,1,0.0200072532,0.0000000000,0.0200072532,0.5039414289,-0.0000000000,0.5039414289,0.0010000000,503.9414288780,true,true,false,true,true,false,74.0665210000,78.1134710000,0.5620750000,78.6755460000,1.1513310000,153.8961330000,2,0,0,1,1
215,0,-0.1400048129,-0.0000000000,0.1400048129,0.4724190519,0.0000000000,0.4724190519,0.0010000000,472.4190518590,true,false,false,false,true,true,83.9713340000,64.0733580000,0.5897270000,64.6630850000,1.1546070000,149.7918410000,2,0,0,1,1
218,0,0.0135558706,-0.0000000000,0.0135558706,0.5026705065,0.0000000000,0.5026705065,0.0010000000,502.6705065050,true,true,false,true,false,true,62.2568130000,59.6972050000,0.5755500000,60.2727550000,1.1901230000,123.7228990000,2,0,0,1,1
222,0,-0.0662083990,0.0000000000,0.0662083990,0.4869569454,-0.0000000000,0.4869569454,0.0010000000,486.9569454040,true,false,false,false,true,true,92.6135080000,73.7319490000,0.5617940000,74.2937430000,1.1348700000,168.0451160000,2,0,0,1,1
225,0,-0.0647263568,0.0000000000,0.0647263568,0.4872489077,0.0000000000,0.4872489077,0.0010000000,487.2489077180,true,false,false,false,true,true,73.3345770000,72.3552190000,0.9562650000,73.3114840000,1.4729640000,148.1223020000,2,0,0,1,1
228,0,-0.0559094541,-0.0000000000,0.0559094541,0.4889858375,-0.0000000000,0.4889858375,0.0010000000,488.9858375330,true,false,false,false,true,true,76.4988360000,71.4829030000,0.5576160000,72.0405190000,1.2216330000,149.7635620000,2,0,0,1,1
229,0,-0.0475775482,0.0000000000,0.0475775482,0.4906272230,0.0000000000,0.4906272230,0.0010000000,490.6272230130,true,false,false,false,true,true,68.7941260000,59.6656360000,0.5675950000,60.2332310000,1.1608580000,130.1906410000,2,0,0,1,1
231,0,-0.0429587573,-0.0000000000,0.0429587573,0.4915371248,-0.0000000000,0.4915371248,0.0010000000,491.5371248140,true,false,false,false,true,true,72.4923920000,73.2092990000,1.0109270000,74.2202260000,1.8203510000,148.5362650000,2,0,0,1,1
232,0,-0.0180295007,0.0000000000,0.0180295007,0.4964481884,0.0000000000,0.4964481884,0.0010000000,496.4481883620,true,false,false,false,true,true,68.2304040000,60.8337390000,0.5544510000,61.3881900000,1.1395890000,130.7610970000,2,0,0,1,1
233,0,-0.0111982541,0.0000000000,0.0111982541,0.4977939439,-0.0000000000,0.4977939439,0.0010000000,497.7939439480,true,false,false,false,true,true,69.7843940000,57.3151500000,0.5551420000,57.8702920000,1.1211040000,128.7786560000,2,0,0,1,1
236,0,-0.0374053697,0.0000000000,0.0374053697,0.4926311422,-0.0000000000,0.4926311422,0.0010000000,492.6311421720,true,false,false,false,true,true,66.7227440000,59.4351630000,0.7809050000,60.2160680000,1.8468570000,128.7892660000,2,0,0,1,1
241,0,-0.1110577050,-0.0000000000,0.1110577050,0.4781216321,0.0000000000,0.4781216321,0.0010000000,478.1216321100,true,false,false,false,true,true,63.3413740000,54.6812670000,2.5509020000,57.2321690000,1.5726510000,122.1493800000,2,0,0,1,1
245,0,-0.0687270037,0.0000000000,0.0687270037,0.4864607803,-0.0000000000,0.4864607803,0.0010000000,486.4607802690,true,false,false,false,true,true,62.7896840000,60.6293100000,0.5535990000,61.1829090000,1.1276060000,125.1026520000,2,0,0,1,1
249,1,0.0352151968,0.0000000000,0.0352151968,0.5069373938,0.0000000000,0.5069373938,0.0010000000,506.9373937730,true,true,false,true,true,false,65.7938620000,60.6541970000,2.0449280000,62.6991250000,1.7421900000,130.2387920000,2,0,0,1,1
251,1,0.1172595933,-0.0000000000,0.1172595933,0.5231001399,0.0000000000,0.5231001399,0.0010000000,523.1001398840,true,true,false,true,true,false,69.9988010000,62.0645180000,0.5671150000,62.6316330000,1.1315740000,133.7647930000,2,0,0,1,1
253,1,0.0521678421,0.0000000000,0.0521678421,0.5102770649,0.0000000000,0.5102770649,0.0010000000,510.2770648860,true,true,false,true,true,false,64.8470700000,59.7055910000,0.5591890000,60.2647800000,1.2505260000,126.3652520000,2,0,0,1,1
255,1,0.1416251121,0.0000000000,0.1416251121,0.5279001471,0.0000000000,0.5279001471,0.0010000000,527.9001470890,true,true,false,true,true,false,67.3723940000,58.3184070000,0.9070120000,59.2254190000,1.3936460000,127.9946440000,2,0,0,1,1
258,1,0.0246995734,0.0000000000,0.0246995734,0.5048658160,0.0000000000,0.5048658160,0.0010000000,504.8658159690,true,true,false,true,true,false,70.3902030000,60.1404320000,0.5836960000,60.7241280000,2.2773680000,133.3956960000,2,0,0,1,1
262,1,0.1104789815,0.0000000000,0.1104789815,0.5217643594,-0.0000000000,0.5217643594,0.0010000000,521.7643593550,true,true,false,true,true,false,68.1265850000,55.2625330000,0.5592400000,55.8217730000,1.1347090000,125.0871140000,2,0,0,1,1
263,1,0.0629817031,-0.0000000000,0.0629817031,0.5124073955,-0.0000000000,0.5124073955,0.0010000000,512.4073955090,true,true,false,true,true,false,62.8690820000,54.3827020000,0.7484740000,55.1311760000,1.1426240000,119.1460890000,2,0,0,1,1
264,1,0.0445553130,0.0000000000,0.0445553130,0.5087773967,-0.0000000000,0.5087773967,0.0010000000,508.7773966600,true,true,false,true,true,false,67.2612550000,68.9792690000,0.6174090000,69.5966780000,1.5247460000,138.3849730000,2,0,0,1,1
265,0,-0.0126367131,0.0000000000,0.0126367131,0.4975105675,0.0000000000,0.4975105675,0.0010000000,497.5105675250,true,false,false,false,true,true,68.6396120000,67.7518120000,0.6466630000,68.3984750000,1.1598560000,138.2012190000,2,0,0,1,1
266,0,0.0206375022,0.0000000000,0.0206375022,0.5040655879,-0.0000000000,0.5040655879,0.0010000000,504.0655879330,true,true,false,true,false,true,67.7431400000,58.1953360000,0.6074100000,58.8027460000,1.1796540000,127.7282440000,2,0,0,1,1
267,0,-0.0000229400,-0.0000000000,0.0000229400,0.4999954808,0.0000000000,0.4999954808,0.0010000000,499.9954808210,true,false,false,false,true,true,66.1300630000,71.6046110000,0.9050090000,72.5096200000,1.7713740000,140.4140420000,2,0,0,1,1
268,0,-0.0430808135,-0.0000000000,0.0430808135,0.4915130797,-0.0000000000,0.4915130797,0.0010000000,491.5130797480,true,false,false,false,true,true,79.3812950000,68.9474380000,0.7222350000,69.6696730000,1.2769960000,150.3310310000,2,0,0,1,1
270,0,-0.0761396880,-0.0000000000,0.0761396880,0.4850004815,-0.0000000000,0.4850004815,0.0010000000,485.0004814600,true,false,false,false,true,true,69.6531860000,55.6000360000,0.7495870000,56.3496230000,1.4398820000,127.4459860000,2,0,0,1,1
271,1,0.0123627004,0.0000000000,0.0123627004,0.5024354520,0.0000000000,0.5024354520,0.0010000000,502.4354519810,true,true,false,true,true,false,68.1326650000,57.1388490000,0.5623550000,57.7012040000,1.1267450000,126.9644320000,2,0,0,1,1
272,1,0.1162484915,-0.0000000000,0.1162484915,0.5229009528,-0.0000000000,0.5229009528,0.0010000000,522.9009528250,true,true,false,true,true,false,63.3793600000,56.9265450000,0.5493210000,57.4758660000,1.3491320000,122.2074440000,2,0,0,1,1
275,0,-0.0437992381,0.0000000000,0.0437992381,0.4913715501,-0.0000000000,0.4913715501,0.0010000000,491.3715500960,true,false,false,false,true,true,67.9301410000,63.9817010000,0.5559730000,64.5376740000,1.1279770000,133.5988370000,2,0,0,1,1
278,0,-0.0815280531,0.0000000000,0.0815280531,0.4839389735,-0.0000000000,0.4839389735,0.0010000000,483.9389735380,true,false,false,false,true,true,87.8101930000,60.2045820000,0.6723920000,60.8769740000,1.1458000000,149.8363840000,2,0,0,1,1
279,1,0.0799583705,0.0000000000,0.0799583705,0.5157517990,-0.0000000000,0.5157517990,0.0010000000,515.7517989870,true,true,false,true,true,false,65.4831830000,66.3939970000,0.5723740000,66.9663710000,1.1152530000,133.5669720000,2,0,0,1,1
281,0,-0.0239217747,0.0000000000,0.0239217747,0.4952874104,-0.0000000000,0.4952874104,0.0010000000,495.2874103760,true,false,false,false,true,true,83.8869500000,73.7873580000,0.5884640000,74.3758220000,12.3099220000,170.5762400000,2,0,0,1,1
282,1,0.1158320516,-0.0000000000,0.1158320516,0.5228189142,-0.0000000000,0.5228189142,0.0010000000,522.8189141700,true,true,false,true,true,false,85.2570320000,63.5556560000,0.5593390000,64.1149950000,1.1308320000,150.5057950000,2,0,0,1,1
283,0,0.0137890761,0.0000000000,0.0137890761,0.5027164480,0.0000000000,0.5027164480,0.0010000000,502.7164479910,true,true,false,true,false,true,91.3894200000,62.9264460000,0.5679760000,63.4944220000,1.1443770000,156.0310040000,2,0,0,1,1
284,0,-0.0438467808,0.0000000000,0.0438467808,0.4913621842,-0.0000000000,0.4913621842,0.0010000000,491.3621841810,true,false,false,false,true,true,80.9120370000,66.7925860000,0.5685770000,67.3611630000,2.7829430000,151.0593700000,2,0,0,1,1
288,1,0.0127567774,-0.0000000000,0.0127567774,0.5025130851,-0.0000000000,0.5025130851,0.0010000000,502.5130851410,true,true,false,true,true,false,69.0471860000,57.2548120000,0.6435330000,57.8983450000,1.2550960000,128.2037130000,2,0,0,1,1
290,0,-0.0320962620,-0.0000000000,0.0320962620,0.4936770364,-0.0000000000,0.4936770364,0.0010000000,493.6770363960,true,false,false,false,true,true,70.8407920000,62.6579520000,1.1174970000,63.7754490000,2.5804030000,137.1994490000,2,0,0,1,1
291,0,-0.0461773003,-0.0000000000,0.0461773003,0.4909030718,0.0000000000,0.4909030718,0.0010000000,490.9030718340,true,false,false,false,true,true,68.5797640000,66.2297390000,0.5516860000,66.7814250000,1.2031580000,136.5669220000,2,0,0,1,1
294,0,-0.0424936142,-0.0000000000,0.0424936142,0.4916287580,-0.0000000000,0.4916287580,0.0010000000,491.6287580070,true,false,false,false,true,true,67.1882780000,55.8853960000,0.9154180000,56.8008140000,2.9379690000,126.9299070000,2,0,0,1,1
296,1,0.0241194726,0.0000000000,0.0241194726,0.5047515361,0.0000000000,0.5047515361,0.0010000000,504.7515361060,true,true,false,true,true,false,62.7734580000,61.1017960000,0.5500930000,61.6518890000,1.1287680000,125.5567900000,2,0,0,1,1
297,0,-0.0511515427,-0.0000000000,0.0511515427,0.4899231461,0.0000000000,0.4899231461,0.0010000000,489.9231460860,true,false,false,false,true,true,66.5356740000,56.1672150000,2.3654790000,58.5326940000,1.1830300000,126.2551960000,2,0,0,1,1
300,1,0.0158061008,0.0000000000,0.0158061008,0.5031138019,-0.0000000000,0.5031138019,0.0010000000,503.1138018580,true,true,false,true,true,false,75.2015210000,62.8620190000,0.6247220000,63.4867410000,1.5688850000,140.2605840000,2,0,0,1,1
302,1,0.0497760151,0.0000000000,0.0497760151,0.5098058750,0.0000000000,0.5098058750,0.0010000000,509.8058749800,true,true,false,true,true,false,64.3919460000,62.8331660000,0.6716700000,63.5048360000,1.1568310000,129.0562580000,2,0,0,1,1
304,0,-0.0450000012,-0.0000000000,0.0450000012,0.4911349998,0.0000000000,0.4911349998,0.0010000000,491.1349997590,true,false,false,false,true,true,67.3747170000,58.8063440000,0.5632970000,59.3696410000,1.2708750000,128.0181490000,2,0,0,1,1
307,1,0.0825598513,-0.0000000000,0.0825598513,0.5162642907,-0.0000000000,0.5162642907,0.0010000000,516.2642906990,true,true,false,true,true,false,64.3821570000,61.4775210000,0.5502330000,62.0277540000,1.1332370000,127.5454520000,2,0,0,1,1
308,0,-0.0465006411,0.0000000000,0.0465006411,0.4908393737,0.0000000000,0.4908393737,0.0010000000,490.8393737070,true,false,false,false,true,true,66.7964720000,60.6435520000,0.5534590000,61.1970110000,1.4766010000,129.4721970000,2,0,0,1,1
312,1,0.0979314107,-0.0000000000,0.0979314107,0.5192924879,-0.0000000000,0.5192924879,0.0010000000,519.2924879140,true,true,false,true,true,false,68.9479310000,65.6714020000,0.5848980000,66.2563000000,1.4615730000,136.6687780000,2,0,0,1,1
314,1,0.0016734397,-0.0000000000,0.0016734397,0.5003296676,-0.0000000000,0.5003296676,0.0010000000,500.3296676160,true,true,false,true,true,false,93.9665270000,61.7006400000,0.5735960000,62.2742360000,1.1532950000,157.3975640000,2,0,0,1,1
315,1,0.0251435293,0.0000000000,0.0251435293,0.5049532753,-0.0000000000,0.5049532753,0.0010000000,504.9532752790,true,true,false,true,true,false,70.5416410000,60.4954430000,0.6005970000,61.0960400000,1.3167210000,132.9575190000,2,0,0,1,1
317,1,0.0102381540,0.0000000000,0.0102381540,0.5020169163,0.0000000000,0.5020169163,0.0010000000,502.0169163340,true,true,false,true,true,false,72.8920660000,64.7520460000,0.7014660000,65.4535120000,1.1947320000,139.5429160000,2,0,0,1,1
318,0,-0.0258863818,-0.0000000000,0.0258863818,0.4949003828,-0.0000000000,0.4949003828,0.0010000000,494.9003827770,true,false,false,false,true,true,68.3746510000,67.3092310000,0.7255320000,68.0347630000,1.8113640000,138.2240230000,2,0,0,1,1
321,1,0.0508862083,0.0000000000,0.0508862083,0.5100245830,-0.0000000000,0.5100245830,0.0010000000,510.0245830340,true,true,false,true,true,false,63.5639020000,57.2056140000,0.7865560000,57.9921700000,1.1446480000,122.7039360000,2,0,0,1,1
324,1,0.0858168499,-0.0000000000,0.0858168499,0.5169059194,-0.0000000000,0.5169059194,0.0010000000,516.9059194270,true,true,false,true,true,false,72.3245820000,53.6476980000,0.5737970000,54.2214950000,1.2779080000,127.8265890000,2,0,0,1,1
327,0,-0.1063190865,-0.0000000000,0.1063190865,0.4790551400,0.0000000000,0.4790551400,0.0010000000,479.0551399610,true,false,false,false,true,true,67.2871540000,60.0313520000,0.7682020000,60.7995540000,1.6751840000,129.7657590000,2,0,0,1,1
328,1,0.0050332919,0.0000000000,0.0050332919,0.5009915585,-0.0000000000,0.5009915585,0.0010000000,500.9915585110,true,true,false,true,true,false,73.8835330000,66.1118830000,0.5673040000,66.6791870000,1.3221920000,141.8889100000,2,0,0,1,1
329,0,-0.0107421557,0.0000000000,0.0107421557,0.4978837953,-0.0000000000,0.4978837953,0.0010000000,497.8837953260,true,false,false,false,true,true,68.4689710000,59.4686860000,1.2874660000,60.7561520000,1.2223540000,130.4509840000,2,0,0,1,1
336,0,-0.0407525283,-0.0000000000,0.0407525283,0.4919717519,-0.0000000000,0.4919717519,0.0010000000,491.9717519300,true,false,false,false,true,true,67.5320520000,65.8520720000,0.9077030000,66.7597750000,1.3130340000,135.6071460000,2,0,0,1,1
338,1,0.0744564016,-0.0000000000,0.0744564016,0.5146679111,0.0000000000,0.5146679111,0.0010000000,514.6679111160,true,true,false,true,true,false,70.1980110000,62.5455110000,4.6211070000,67.1666180000,1.1531940000,138.5215000000,2,0,0,1,1
339,0,-0.0640884547,-0.0000000000,0.0640884547,0.4873745744,0.0000000000,0.4873745744,0.0010000000,487.3745744210,true,false,false,false,true,true,82.3684610000,73.2690090000,0.7619100000,74.0309190000,1.9639760000,158.3673130000,2,0,0,1,1
341,0,-0.0903488070,0.0000000000,0.0903488070,0.4822012850,-0.0000000000,0.4822012850,0.0010000000,482.2012850260,true,false,false,false,true,true,72.6883500000,61.1011550000,0.5661420000,61.6672970000,1.2591630000,135.6180170000,2,0,0,1,1
342,0,-0.0377122525,0.0000000000,0.0377122525,0.4925706863,0.0000000000,0.4925706863,0.0010000000,492.5706862640,true,false,false,false,true,true,64.9410660000,54.1206800000,0.5616540000,54.6823340000,1.2588420000,120.8863000000,2,0,0,1,1
347,1,0.0128211405,-0.0000000000,0.0128211405,0.5025257647,0.0000000000,0.5025257647,0.0010000000,502.5257646870,true,true,false,true,true,false,59.7753220000,56.3521320000,0.5581580000,56.9102900000,1.1382960000,117.8268730000,2,0,0,1,1
349,1,0.0253229236,0.0000000000,0.0253229236,0.5049886160,0.0000000000,0.5049886160,0.0010000000,504.9886159550,true,true,false,true,true,false,58.8630850000,76.6534760000,0.6370050000,77.2904810000,1.1538460000,137.3107880000,2,0,0,1,1
350,1,0.1001180898,0.0000000000,0.1001180898,0.5197232637,0.0000000000,0.5197232637,0.0010000000,519.7232636880,true,true,false,true,true,false,79.6109510000,66.2908890000,0.5506830000,66.8415720000,1.2849610000,147.7415330000,2,0,0,1,1
352,1,0.0370678605,0.0000000000,0.0370678605,0.5073023685,0.0000000000,0.5073023685,0.0010000000,507.3023685190,true,true,false,true,true,false,68.4215880000,73.4747450000,0.5628460000,74.0375910000,1.1726910000,143.6349360000,2,0,0,1,1
353,0,-0.0383571919,0.0000000000,0.0383571919,0.4924436332,-0.0000000000,0.4924436332,0.0010000000,492.4436331990,true,false,false,false,true,true,66.3008430000,63.3462830000,0.9208580000,64.2671410000,1.7574080000,132.3296500000,2,0,0,1,1
355,1,0.0429056285,-0.0000000000,0.0429056285,0.5084524088,0.0000000000,0.5084524088,0.0010000000,508.4524088170,true,true,false,true,true,false,86.8598350000,53.4281290000,0.7875980000,54.2157270000,2.3126300000,143.3907180000,2,0,0,1,1
357,1,0.0044641456,-0.0000000000,0.0044641456,0.5008794367,0.0000000000,0.5008794367,0.0010000000,500.8794366830,true,true,false,true,true,false,59.6196450000,57.9783590000,0.5557630000,58.5341220000,1.1402800000,119.2967620000,2,0,0,1,1
358,1,0.0365670754,-0.0000000000,0.0365670754,0.5072037139,0.0000000000,0.5072037139,0.0010000000,507.2037138520,true,true,false,true,true,false,64.6126700000,51.8375110000,0.5742180000,52.4117290000,1.1573620000,118.1857670000,2,0,0,1,1
361,0,-0.0559484156,-0.0000000000,0.0559484156,0.4889781621,-0.0000000000,0.4889781621,0.0010000000,488.9781621360,true,false,false,false,true,true,70.0717300000,54.1784540000,0.5558240000,54.7342780000,1.1342480000,125.9433200000,2,0,0,1,1
362,1,0.0105350247,0.0000000000,0.0105350247,0.5020753999,0.0000000000,0.5020753999,0.0010000000,502.0753998580,true,true,false,true,true,false,66.3693660000,57.8642050000,0.7435550000,58.6077600000,1.8414060000,126.8211080000,2,0,0,1,1
365,1,0.0436037516,0.0000000000,0.0436037516,0.5085899391,0.0000000000,0.5085899391,0.0010000000,508.5899390590,true,true,false,true,true,false,61.3768530000,54.9845660000,0.5624760000,55.5470420000,1.1197620000,118.0463210000,2,0,0,1,1
366,1,0.2007813297,0.0000000000,0.2007813297,0.5395539220,0.0000000000,0.5395539220,0.0010000000,539.5539219590,true,true,false,true,true,false,57.9385250000,53.6304700000,0.7687320000,54.3992020000,1.2471010000,113.5878740000,2,0,0,1,1
367,1,0.0846919664,0.0000000000,0.0846919664,0.5166843174,-0.0000000000,0.5166843174,0.0010000000,516.6843173890,true,true,false,true,true,false,68.9603440000,64.2375760000,0.6519130000,64.8894890000,1.1385970000,134.9916460000,2,0,0,1,1
369,0,-0.0392918476,-0.0000000000,0.0392918476,0.4922595060,-0.0000000000,0.4922595060,0.0010000000,492.2595060230,true,false,false,false,true,true,65.7576730000,64.0028800000,0.5469870000,64.5498670000,1.2487430000,131.5584980000,2,0,0,1,1
373,0,0.0082735942,-0.0000000000,0.0082735942,0.5016298981,-0.0000000000,0.5016298981,0.0010000000,501.6298980610,true,true,false,true,false,true,60.8290350000,52.3032850000,3.0343440000,55.3376290000,1.9848350000,118.1569680000,2,0,0,1,1
374,0,-0.0582146417,0.0000000000,0.0582146417,0.4885317156,-0.0000000000,0.4885317156,0.0010000000,488.5317155890,true,false,false,false,true,true,62.5439980000,57.8305580000,5.7542490000,63.5848070000,1.4532070000,127.5865790000,2,0,0,1,1
376,1,0.0829132238,-0.0000000000,0.0829132238,0.5163339051,0.0000000000,0.5163339051,0.0010000000,516.3339050850,true,true,false,true,true,false,65.5555000000,54.6329120000,0.5575560000,55.1904680000,1.1315340000,121.8804260000,2,0,0,1,1
378,1,0.0509752280,0.0000000000,0.0509752280,0.5100421199,-0.0000000000,0.5100421199,0.0010000000,510.0421199110,true,true,false,true,true,false,66.6047680000,66.7729340000,0.5689180000,67.3418520000,4.6579010000,138.6078970000,2,0,0,1,1
381,1,-0.0273083857,0.0000000000,0.0273083857,0.4946202480,0.0000000000,0.4946202480,0.0010000000,494.6202480220,true,false,false,false,false,false,65.1192100000,60.3701280000,0.5577070000,60.9278350000,1.1252210000,127.1750220000,2,0,0,1,1
386,1,0.0433679777,0.0000000000,0.0433679777,0.5085434916,-0.0000000000,0.5085434916,0.0010000000,508.5434916140,true,true,false,true,true,false,65.7781070000,56.6818710000,0.5549210000,57.2367920000,1.1166560000,124.1340800000,2,0,0,1,1
388,1,0.0904858030,0.0000000000,0.0904858030,0.5178257032,0.0000000000,0.5178257032,0.0010000000,517.8257031900,true,true,false,true,true,false,69.3738250000,57.9229560000,0.7953120000,58.7182680000,2.2869410000,130.3811580000,2,0,0,1,1
389,1,0.1013451179,-0.0000000000,0.1013451179,0.5199649882,-0.0000000000,0.5199649882,0.0010000000,519.9649882290,true,true,false,true,true,false,63.5839990000,58.9535800000,0.5493710000,59.5029510000,1.1180080000,124.2068720000,2,0,0,1,1
391,1,0.0321805134,-0.0000000000,0.0321805134,0.5063395611,0.0000000000,0.5063395611,0.0010000000,506.3395611460,true,true,false,true,true,false,63.2848580000,56.3141420000,0.5600510000,56.8741930000,1.1268740000,121.2880590000,2,0,0,1,1
398,1,0.0398658248,0.0000000000,0.0398658248,0.5078535675,-0.0000000000,0.5078535675,0.0010000000,507.8535674930,true,true,false,true,true,false,76.9401040000,57.6021390000,0.9400040000,58.5421430000,1.3954490000,136.8807210000,2,0,0,1,1
399,0,-0.0431014630,-0.0000000000,0.0431014630,0.4915090118,0.0000000000,0.4915090118,0.0010000000,491.5090117810,true,false,false,false,true,true,64.9534300000,54.9177310000,0.5583180000,55.4760490000,1.3729470000,121.8048090000,2,0,0,1,1
402,1,-0.0085683986,-0.0000000000,0.0085683986,0.4983120255,-0.0000000000,0.4983120255,0.0010000000,498.3120254720,true,false,false,false,false,false,60.2940110000,52.5562140000,0.5545910000,53.1108050000,1.1310630000,114.5389540000,2,0,0,1,1
403,0,-0.0321489095,0.0000000000,0.0321489095,0.4936666648,-0.0000000000,0.4936666648,0.0010000000,493.6666648250,true,false,false,false,true,true,69.5493590000,64.2330720000,0.5579170000,64.7909890000,1.1308020000,135.4744270000,2,0,0,1,1
406,1,0.0204469494,-0.0000000000,0.0204469494,0.5040280490,0.0000000000,0.5040280490,0.0010000000,504.0280490360,true,true,false,true,true,false,70.8700830000,77.0516740000,0.5539800000,77.6056540000,1.1272560000,149.6049850000,2,0,0,1,1
407,0,0.0079930814,-0.0000000000,0.0079930814,0.5015746370,0.0000000000,0.5015746370,0.0010000000,501.5746370350,true,true,false,true,false,true,83.4693370000,67.7092360000,0.5700590000,68.2792950000,1.1430150000,152.8947040000,2,0,0,1,1
410,1,0.0079284517,0.0000000000,0.0079284517,0.5015619050,-0.0000000000,0.5015619050,0.0010000000,501.5619049910,true,true,false,true,true,false,64.8975250000,57.4788820000,0.5587190000,58.0376010000,2.2564040000,125.1952370000,2,0,0,1,1
414,0,-0.0288966163,-0.0000000000,0.0288966163,0.4943073666,-0.0000000000,0.4943073666,0.0010000000,494.3073665840,true,false,false,false,true,true,74.6248190000,52.5568610000,0.7171960000,53.2740570000,1.3461870000,129.2474560000,2,0,0,1,1
415,0,-0.0359839341,-0.0000000000,0.0359839341,0.4929111650,0.0000000000,0.4929111650,0.0010000000,492.9111649860,true,false,false,false,true,true,60.3994980000,54.5513890000,0.6287300000,55.1801190000,1.6352990000,117.2181510000,2,0,0,1,1
416,1,-0.0236433989,-0.0000000000,0.0236433989,0.4953422504,-0.0000000000,0.4953422504,0.0010000000,495.3422504200,true,false,false,false,false,false,71.5345050000,54.2073230000,0.5541800000,54.7615030000,1.3826250000,127.6812570000,2,0,0,1,1
417,1,0.0337637034,-0.0000000000,0.0337637034,0.5066514496,0.0000000000,0.5066514496,0.0010000000,506.6514495750,true,true,false,true,true,false,66.6926990000,92.7872440000,0.5473880000,93.3346320000,2.2072520000,162.2371860000,2,0,0,1,1
420,0,-0.0425215916,-0.0000000000,0.0425215916,0.4916232465,0.0000000000,0.4916232465,0.0010000000,491.6232464550,true,false,false,false,true,true,63.6875490000,56.9751220000,0.7076380000,57.6827600000,1.1348700000,122.5084940000,2,0,0,1,1
422,0,0.0164666630,0.0000000000,0.0164666630,0.5032439326,0.0000000000,0.5032439326,0.0010000000,503.2439326100,true,true,false,true,false,true,60.0460540000,55.0344600000,0.6721310000,55.7065910000,1.3979030000,117.1531040000,2,0,0,1,1
423,0,-0.0113589412,-0.0000000000,0.0113589412,0.4977622886,0.0000000000,0.4977622886,0.0010000000,497.7622885810,true,false,false,false,true,true,62.0186420000,57.6936350000,0.7830790000,58.4767140000,1.3219810000,121.8210330000,2,0,0,1,1
425,1,0.0129363240,0.0000000000,0.0129363240,0.5025484558,0.0000000000,0.5025484558,0.0010000000,502.5484558350,true,true,false,true,true,false,71.0123210000,56.8074670000,0.8686600000,57.6761270000,1.1184790000,129.8207430000,2,0,0,1,1
426,1,0.0449270757,-0.0000000000,0.0449270757,0.5088506339,-0.0000000000,0.5088506339,0.0010000000,508.8506339080,true,true,false,true,true,false,69.4564850000,65.5669850000,0.5646890000,66.1316740000,1.1242800000,136.7149650000,2,0,0,1,1
427,0,-0.0516580283,-0.0000000000,0.0516580283,0.4898233684,-0.0000000000,0.4898233684,0.0010000000,489.8233684250,true,false,false,false,true,true,66.1537020000,57.8830110000,0.7144610000,58.5974720000,2.5462480000,127.2998060000,2,0,0,1,1
432,0,-0.0045909290,0.0000000000,0.0045909290,0.4990955870,0.0000000000,0.4990955870,0.0010000000,499.0955869950,true,false,false,false,true,true,63.2563050000,66.9485430000,0.5535090000,67.5020520000,1.1275260000,131.8884370000,2,0,0,1,1
433,1,0.3140140361,-0.0000000000,0.3140140361,0.5618607651,0.0000000000,0.5618607651,0.0010000000,561.8607651030,true,true,false,true,true,false,61.9211790000,54.1494140000,0.5927320000,54.7421460000,1.1387570000,117.8051280000,2,0,0,1,1
434,0,-0.0266878465,0.0000000000,0.0266878465,0.4947424942,-0.0000000000,0.4947424942,0.0010000000,494.7424942360,true,false,false,false,true,true,56.9529100000,53.9873390000,1.3757170000,55.3630560000,1.1293590000,113.4475700000,2,0,0,1,1
435,0,-0.0519449742,-0.0000000000,0.0519449742,0.4897668401,-0.0000000000,0.4897668401,0.0010000000,489.7668400730,true,false,false,false,true,true,60.8177780000,63.2133190000,0.5552820000,63.7686010000,1.1184990000,125.7082040000,2,0,0,1,1
436,0,-0.0628051262,-0.0000000000,0.0628051262,0.4876273901,-0.0000000000,0.4876273901,0.0010000000,487.6273901350,true,false,false,false,true,true,64.9054750000,60.5280180000,1.1053950000,61.6334130000,1.1307820000,127.6727260000,2,0,0,1,1
440,0,-0.0289392842,-0.0000000000,0.0289392842,0.4942989610,-0.0000000000,0.4942989610,0.0010000000,494.2989610040,true,false,false,false,true,true,68.8058190000,65.1724550000,0.7388270000,65.9112820000,1.3640800000,136.0838460000,2,0,0,1,1
443,1,0.0833814448,-0.0000000000,0.0833814448,0.5164261446,-0.0000000000,0.5164261446,0.0010000000,516.4261446190,true,true,false,true,true,false,71.8742020000,57.8564460000,0.7287980000,58.5852440000,1.3281930000,131.7902930000,2,0,0,1,1
444,1,0.1015169312,-0.0000000000,0.1015169312,0.5199988355,-0.0000000000,0.5199988355,0.0010000000,519.9988354520,true,true,false,true,true,false,64.1813310000,61.3026790000,1.4923000000,62.7949790000,1.4142940000,128.3946610000,2,0,0,1,1
445,0,-0.0503960237,-0.0000000000,0.0503960237,0.4900719833,0.0000000000,0.4900719833,0.0010000000,490.0719833270,true,false,false,false,true,true,62.7194920000,59.5236450000,0.5614340000,60.0850790000,1.1487560000,123.9573630000,2,0,0,1,1
450,1,0.0863201995,-0.0000000000,0.0863201995,0.5170050793,-0.0000000000,0.5170050793,0.0010000000,517.0050793060,true,true,false,true,true,false,62.3553490000,60.9121360000,0.5462050000,61.4583410000,1.3947370000,125.2110210000,2,0,0,1,1
452,0,-0.0413086787,-0.0000000000,0.0413086787,0.4918621903,-0.0000000000,0.4918621903,0.0010000000,491.8621902950,true,false,false,false,true,true,63.5804120000,60.0851130000,0.6974690000,60.7825820000,1.1773090000,125.5432780000,2,0,0,1,1
454,1,0.0105781456,0.0000000000,0.0105781456,0.5020838947,-0.0000000000,0.5020838947,0.0010000000,502.0838946880,true,true,false,true,true,false,70.6828580000,61.0015230000,0.5578370000,61.5593600000,1.1418830000,133.3867050000,2,0,0,1,1
458,0,-0.0405274920,-0.0000000000,0.0405274920,0.4920160841,0.0000000000,0.4920160841,0.0010000000,492.0160840760,true,false,false,false,true,true,71.1194600000,64.1356510000,2.3718410000,66.5074920000,2.2015620000,139.8324500000,2,0,0,1,1
459,0,-0.0534186140,-0.0000000000,0.0534186140,0.4894765330,0.0000000000,0.4894765330,0.0010000000,489.4765330380,true,false,false,false,true,true,62.7624980000,68.3173520000,0.5939350000,68.9112870000,1.4461340000,133.1225820000,2,0,0,1,1
460,1,0.0146906605,0.0000000000,0.0146906605,0.5028940601,0.0000000000,0.5028940601,0.0010000000,502.8940601270,true,true,false,true,true,false,76.0758680000,66.4281820000,0.5489500000,66.9771320000,1.1200220000,144.1755770000,2,0,0,1,1
461,0,-0.0461119791,-0.0000000000,0.0461119791,0.4909159401,-0.0000000000,0.4909159401,0.0010000000,490.9159401080,true,false,false,false,true,true,66.3423310000,59.4613480000,0.5705910000,60.0319390000,1.1327160000,127.5095000000,2,0,0,1,1
462,1,0.0942554093,-0.0000000000,0.0942554093,0.5185683156,-0.0000000000,0.5185683156,0.0010000000,518.5683156310,true,true,false,true,true,false,66.5580640000,61.0232000000,1.4123760000,62.4355760000,3.0435470000,132.0401520000,2,0,0,1,1
463,0,-0.0533602553,0.0000000000,0.0533602553,0.4894880297,0.0000000000,0.4894880297,0.0010000000,489.4880297020,true,false,false,false,true,true,66.4113650000,60.5944440000,0.5564540000,61.1508980000,1.1301510000,128.6946390000,2,0,0,1,1
464,0,-0.0468201028,0.0000000000,0.0468201028,0.4907764397,-0.0000000000,0.4907764397,0.0010000000,490.7764397460,true,false,false,false,true,true,87.5566820000,67.9801490000,0.7433110000,68.7234600000,1.2886180000,157.5717460000,2,0,0,1,1
465,1,0.0172495996,0.0000000000,0.0172495996,0.5033981711,-0.0000000000,0.5033981711,0.0010000000,503.3981711260,true,true,false,true,true,false,87.2409700000,67.6209550000,0.5659220000,68.1868770000,1.1433360000,156.5732770000,2,0,0,1,1
466,0,-0.0449711106,0.0000000000,0.0449711106,0.4911406912,-0.0000000000,0.4911406912,0.0010000000,491.1406912200,true,false,false,false,true,true,77.0667760000,70.9368340000,0.5634370000,71.5002710000,2.1381620000,150.7083950000,2,0,0,1,1
467,1,0.1142046236,-0.0000000000,0.1142046236,0.5224983108,0.0000000000,0.5224983108,0.0010000000,522.4983108400,true,true,false,true,true,false,96.4719880000,70.5838710000,0.9807800000,71.5646510000,6.5983330000,174.6387790000,2,0,0,1,1
468,0,-0.0602919660,-0.0000000000,0.0602919660,0.4881224827,0.0000000000,0.4881224827,0.0010000000,488.1224827070,true,false,false,false,true,true,64.2571980000,63.3454510000,1.2565330000,64.6019840000,1.1362830000,129.9999840000,2,0,0,1,1
469,0,-0.0089412261,-0.0000000000,0.0089412261,0.4982385785,0.0000000000,0.4982385785,0.0010000000,498.2385784590,true,false,false,false,true,true,71.2333300000,90.4023330000,0.8969530000,91.2992860000,1.1625010000,163.6979520000,2,0,0,1,1
470,1,0.0636418579,0.0000000000,0.0636418579,0.5125374460,0.0000000000,0.5125374460,0.0010000000,512.5374460100,true,true,false,true,true,false,62.9690610000,74.6867250000,0.6081810000,75.2949060000,1.2945190000,139.5615710000,2,0,0,1,1
471,0,-0.0329142620,-0.0000000000,0.0329142620,0.4935158904,-0.0000000000,0.4935158904,0.0010000000,493.5158903860,true,false,false,false,true,true,69.9584230000,53.2116950000,0.9679360000,54.1796310000,1.1892010000,125.3300210000,2,0,0,1,1
473,0,-0.0473942606,-0.0000000000,0.0473942606,0.4906633307,-0.0000000000,0.4906633307,0.0010000000,490.6633306530,true,false,false,false,true,true,64.9481240000,65.4882280000,0.5571550000,66.0453830000,1.2681090000,132.2642730000,2,0,0,1,1
474,0,-0.0365622767,-0.0000000000,0.0365622767,0.4927972315,0.0000000000,0.4927972315,0.0010000000,492.7972314870,true,false,false,false,true,true,63.9364560000,58.4541460000,0.5953170000,59.0494630000,1.1566910000,124.1464270000,2,0,0,1,1
475,1,0.0668288737,0.0000000000,0.0668288737,0.5131652881,-0.0000000000,0.5131652881,0.0010000000,513.1652881160,true,true,false,true,true,false,72.0906190000,61.5560990000,0.7405700000,62.2966690000,1.6625350000,136.0524570000,2,0,0,1,1
478,1,-0.0284890491,-0.0000000000,0.0284890491,0.4943876573,-0.0000000000,0.4943876573,0.0010000000,494.3876573180,true,false,false,false,false,false,66.5612860000,68.2791510000,2.9726030000,71.2517540000,2.3722420000,140.1890590000,2,0,0,1,1
479,1,0.0348425852,0.0000000000,0.0348425852,0.5068639893,-0.0000000000,0.5068639893,0.0010000000,506.8639892890,true,true,false,true,true,false,64.8387650000,56.7163060000,0.5562740000,57.2725800000,1.1339880000,123.2479880000,2,0,0,1,1
480,1,0.1163954619,0.0000000000,0.1163954619,0.5229299060,-0.0000000000,0.5229299060,0.0010000000,522.9299059980,true,true,false,true,true,false,78.8171110000,56.1090270000,0.5541400000,56.6631670000,1.1250320000,136.6074230000,2,0,0,1,1
484,0,-0.0377734343,0.0000000000,0.0377734343,0.4925586335,-0.0000000000,0.4925586335,0.0010000000,492.5586334520,true,false,false,false,true,true,64.0950540000,54.5167080000,0.6550400000,55.1717480000,4.6434940000,123.9134010000,2,0,0,1,1
485,1,0.0164382628,-0.0000000000,0.0164382628,0.5032383378,-0.0000000000,0.5032383378,0.0010000000,503.2383377680,true,true,false,true,true,false,79.0332370000,59.4624450000,0.5564540000,60.0188990000,1.1237890000,140.1781990000,2,0,0,1,1
489,1,0.0897115076,0.0000000000,0.0897115076,0.5176731670,-0.0000000000,0.5176731670,0.0010000000,517.6731669960,true,true,false,true,true,false,67.5287320000,60.4600660000,0.5991540000,61.0592200000,1.7521390000,130.3439980000,2,0,0,1,1
492,1,0.0073265396,0.0000000000,0.0073265396,0.5014433283,0.0000000000,0.5014433283,0.0010000000,501.4433282920,true,true,false,true,true,false,70.9806160000,52.7533990000,0.5604320000,53.3138310000,1.1543660000,125.4513380000,2,0,0,1,1
493,0,-0.0449390952,0.0000000000,0.0449390952,0.4911469983,0.0000000000,0.4911469983,0.0010000000,491.1469982540,true,false,false,false,true,true,65.9044590000,56.0552460000,0.5527180000,56.6079640000,1.1381760000,123.6530930000,2,0,0,1,1
495,1,0.0004462468,-0.0000000000,0.0004462468,0.5000879106,0.0000000000,0.5000879106,0.0010000000,500.0879106190,true,true,false,true,true,false,86.7140060000,68.8236770000,0.7404190000,69.5640960000,1.6591130000,157.9402820000,2,0,0,1,1
498,1,0.0621621899,0.0000000000,0.0621621899,0.5122459514,0.0000000000,0.5122459514,0.0010000000,512.2459514200,true,true,false,true,true,false,63.5521380000,63.8882760000,0.5520260000,64.4403020000,1.1901130000,129.1856400000,2,0,0,1,1
501,1,0.0338126636,-0.0000000000,0.0338126636,0.5066610947,0.0000000000,0.5066610947,0.0010000000,506.6610947220,true,true,false,true,true,false,63.6802650000,58.3251550000,0.5534080000,58.8785630000,1.1180290000,123.6796030000,2,0,0,1,1
503,1,0.0668622451,-0.0000000000,0.0668622451,0.5131718623,0.0000000000,0.5131718623,0.0010000000,513.1718622930,true,true,false,true,true,false,63.2099930000,53.7931300000,0.5666740000,54.3598040000,1.1316840000,118.7040450000,2,0,0,1,1
504,0,-0.0058266736,-0.0000000000,0.0058266736,0.4988521453,-0.0000000000,0.4988521453,0.0010000000,498.8521453000,true,false,false,false,true,true,60.4145360000,62.0271230000,0.5536290000,62.5807520000,1.1335970000,124.1321520000,2,0,0,1,1
506,0,-0.0364181534,0.0000000000,0.0364181534,0.4928256238,0.0000000000,0.4928256238,0.0010000000,492.8256237780,true,false,false,false,true,true,62.4492250000,52.3958780000,0.6028310000,52.9987090000,1.1477740000,116.5983530000,2,0,0,1,1
508,0,-0.0507511490,-0.0000000000,0.0507511490,0.4900020236,0.0000000000,0.4900020236,0.0010000000,490.0020236430,true,false,false,false,true,true,63.7551350000,62.6637970000,0.6323770000,63.2961740000,4.0850260000,131.1391610000,2,0,0,1,1
512,1,0.0859738401,-0.0000000000,0.0859738401,0.5169368465,-0.0000000000,0.5169368465,0.0010000000,516.9368464990,true,true,false,true,true,false,71.8404540000,56.2602950000,0.5560230000,56.8163180000,1.1453500000,129.8049780000,2,0,0,1,1
514,0,-0.0566934563,0.0000000000,0.0566934563,0.4888313891,-0.0000000000,0.4888313891,0.0010000000,488.8313891160,true,false,false,false,true,true,64.8755980000,56.8878180000,0.5519660000,57.4397840000,1.1383760000,123.4562030000,2,0,0,1,1
517,0,-0.0753947004,0.0000000000,0.0753947004,0.4851472440,-0.0000000000,0.4851472440,0.0010000000,485.1472440220,true,false,false,false,true,true,63.6680970000,65.5186450000,0.5761610000,66.0948060000,1.2370810000,131.0023890000,2,0,0,1,1
518,0,-0.0371949148,0.0000000000,0.0371949148,0.4926726018,-0.0000000000,0.4926726018,0.0010000000,492.6726017800,true,false,false,false,true,true,72.1793500000,87.2610070000,0.5680860000,87.8290930000,1.2043600000,161.2154780000,2,0,0,1,1
521,0,-0.0811847108,-0.0000000000,0.0811847108,0.4840066120,0.0000000000,0.4840066120,0.0010000000,484.0066119680,true,false,false,false,true,true,65.0777880000,74.7120370000,0.6654790000,75.3775160000,1.1633630000,141.6219840000,2,0,0,1,1
523,1,0.0776824715,-0.0000000000,0.0776824715,0.5153034469,0.0000000000,0.5153034469,0.0010000000,515.3034468790,true,true,false,true,true,false,67.1273790000,95.2883220000,1.3428800000,96.6312020000,1.8006490000,165.5628070000,2,0,0,1,1
528,1,0.1321802707,0.0000000000,0.1321802707,0.5260395133,0.0000000000,0.5260395133,0.0010000000,526.0395133250,true,true,false,true,true,false,97.7904710000,71.5169670000,0.7512200000,72.2681870000,1.3889660000,171.4495900000,2,0,0,1,1
529,0,-0.0614244022,-0.0000000000,0.0614244022,0.4878993928,-0.0000000000,0.4878993928,0.0010000000,487.8993927690,true,false,false,false,true,true,77.5423440000,70.6456260000,0.6645970000,71.3102230000,2.9980570000,151.8532290000,2,0,0,1,1
530,1,0.0702785604,0.0000000000,0.0702785604,0.5138448764,-0.0000000000,0.5138448764,0.0010000000,513.8448763950,true,true,false,true,true,false,75.7986270000,67.2364840000,0.5540400000,67.7905240000,3.8498350000,147.4416800000,2,0,0,1,1
534,0,-0.0521535295,0.0000000000,0.0521535295,0.4897257547,0.0000000000,0.4897257547,0.0010000000,489.7257546970,true,false,false,false,true,true,91.4550530000,67.0268450000,0.5610030000,67.5878480000,1.1508000000,160.1965470000,2,0,0,1,1
535,1,0.0138569273,0.0000000000,0.0138569273,0.5027298147,0.0000000000,0.5027298147,0.0010000000,502.7298146690,true,true,false,true,true,false,72.6583040000,63.5618480000,0.7163040000,64.2781520000,1.4911780000,138.4315920000,2,0,0,1,1
538,1,0.0704344412,0.0000000000,0.0704344412,0.5138755849,0.0000000000,0.5138755849,0.0010000000,513.8755849160,true,true,false,true,true,false,58.9831710000,51.5955960000,0.5736270000,52.1692230000,1.1295900000,112.2850990000,2,0,0,1,1
539,1,0.0080330654,0.0000000000,0.0080330654,0.5015825139,-0.0000000000,0.5015825139,0.0010000000,501.5825138840,true,true,false,true,true,false,60.7281800000,58.0314140000,0.5406340000,58.5720480000,1.1926480000,120.4951010000,2,0,0,1,1
