row_id,label,raw_logit,scaled_logit,polynomial_score,plaintext_decision,x_0,x_1,x_2,x_3,x_4,x_5,x_6,x_7
0,1,3.069376384873,0.142054974235,0.527973363465,True,-0.926097628365,-0.662595998471,-0.402342990831,0.384571114090,-0.675040306343,1.110114593399,1.192256379491,-0.083129335880
1,1,-0.516245884043,-0.023892571832,0.495293217906,False,0.261279685848,-1.016111775245,-0.402342990831,0.209297042150,-0.675040306343,-1.056677400238,-0.365123095745,-0.083129335880
2,0,-7.235817473835,-0.334883616711,0.434178152329,False,-1.875999479736,1.635256550557,4.639353103625,-1.543443677253,-0.675040306343,-1.056677400238,-0.988074885840,-0.083129335880
5,0,-0.441055210220,-0.020412643699,0.495978743213,False,-0.451146702680,-0.485838110085,-0.402342990831,0.910393329911,-0.675040306343,-1.056677400238,-1.143812833363,-0.083129335880
9,1,-2.961683415730,-0.137070795027,0.473007354745,False,-0.451146702680,1.635256550557,1.173187038686,1.085667401851,-0.675040306343,-1.056677400238,0.102090746825,-0.083129335880
11,1,3.383235952085,0.156580828070,0.530831067213,True,0.023804223006,-1.016111775245,-0.402342990831,0.910393329911,0.465451178970,1.419656306776,-1.143812833363,-0.083129335880
19,0,-0.379153606404,-0.017547752063,0.496543114457,False,-0.451146702680,-1.016111775245,-0.402342990831,0.209297042150,-0.675040306343,-1.056677400238,-0.832336938316,-0.083129335880
20,1,-0.235367885290,-0.010893150493,0.497854054523,False,0.498755148691,0.397951331849,-0.087236984928,1.085667401851,0.180328307642,-0.592364830173,0.569304589396,-0.083129335880
21,1,3.184868299275,0.147400099390,0.529025009456,True,-1.401048554050,-1.016111775245,-0.402342990831,-0.842347389492,2.176188406941,0.800572880022,0.725042536920,-0.083129335880
22,1,2.955453040086,0.136782444646,0.526935905105,True,-2.825901331107,0.397951331849,-0.402342990831,-1.718717749193,2.746434149597,1.419656306776,1.347994327014,-0.083129335880
25,1,2.467022068297,0.114177185332,0.522486951659,True,0.973706074376,-1.016111775245,-0.402342990831,0.559845186030,-0.389917435015,1.419656306776,-0.832336938316,-0.083129335880
26,0,-1.153848441170,-0.053401697944,0.489480474656,False,0.498755148691,-1.016111775245,-0.402342990831,-0.667073317552,-0.675040306343,-1.056677400238,0.102090746825,-0.083129335880
27,0,-2.806113915960,-0.129870823922,0.474424209516,False,0.023804223006,1.812014438944,2.118505056397,0.384571114090,1.035696921627,-0.282823116796,0.413566641873,-0.083129335880
28,1,2.207837049423,0.102181745033,0.520125536209,True,0.498755148691,-0.662595998471,-0.402342990831,1.085667401851,0.465451178970,0.800572880022,-1.143812833363,-0.083129335880
31,0,-2.569667620397,-0.118927763114,0.476577959035,False,0.736230611534,-1.016111775245,-0.402342990831,-1.718717749193,-0.675040306343,-1.056677400238,-1.143812833363,-0.083129335880
33,0,-1.171759923602,-0.054230666065,0.489317196747,False,0.261279685848,0.574709220236,-0.402342990831,1.085667401851,-0.675040306343,-1.056677400238,0.102090746825,-0.083129335880
36,1,1.612479731283,0.074627786872,0.514700011514,True,0.498755148691,-0.485838110085,-0.402342990831,0.559845186030,0.465451178970,0.800572880022,-1.143812833363,-0.083129335880
38,1,1.944931304176,0.090014104384,0.517729861193,True,0.498755148691,-0.839353886858,-0.402342990831,1.085667401851,1.320819792955,0.181489453269,-1.143812833363,-0.083129335880
40,1,1.127650217331,0.052189207996,0.510280705381,True,-0.213671239837,0.221193443463,-0.402342990831,0.735119257971,-0.675040306343,0.955343736711,-1.143812833363,-0.083129335880
41,1,2.352793661056,0.108890537032,0.521446271270,True,0.261279685848,-0.132322333311,-0.402342990831,1.085667401851,-0.675040306343,1.419656306776,-0.520861043269,-0.083129335880
42,1,9.871763227653,0.456878823290,0.589623655827,True,0.261279685848,-1.016111775245,-0.402342990831,0.384571114090,-0.389917435015,1.419656306776,1.192256379491,6.063551558329
43,0,-2.257826684222,-0.104495334308,0.479418983194,False,0.973706074376,0.751467108623,-0.402342990831,0.910393329911,-0.675040306343,-1.056677400238,-1.143812833363,-0.083129335880
44,1,0.409184711024,0.018937633022,0.503730686539,True,0.973706074376,-0.662595998471,-0.402342990831,-1.192895533372,-0.675040306343,0.800572880022,0.725042536920,-0.083129335880
45,1,3.067369528129,0.141962094135,0.527955088562,True,0.973706074376,-1.016111775245,-0.402342990831,0.735119257971,-0.104794563686,1.419656306776,0.102090746825,-0.083129335880
48,0,-0.855366175441,-0.039587526838,0.492201505375,False,0.498755148691,-0.485838110085,-0.402342990831,0.910393329911,-0.675040306343,-1.056677400238,-1.143812833363,-0.083129335880
49,0,3.950829502782,0.182849840765,0.535996964977,True,0.736230611534,-0.839353886858,-0.402342990831,1.085667401851,1.891065535612,0.955343736711,1.347994327014,-0.083129335880
50,1,1.953524820017,0.090411824155,0.517808173146,True,0.973706074376,-1.016111775245,-0.087236984928,-0.316525173671,-0.675040306343,1.419656306776,0.569304589396,-0.083129335880
52,1,2.521126942207,0.116681233550,0.522979848778,True,0.498755148691,-0.839353886858,-0.402342990831,1.085667401851,1.320819792955,0.645802023334,-1.143812833363,-0.083129335880
55,1,9.334797449390,0.432027306164,0.584786831887,True,0.498755148691,-0.839353886858,-0.402342990831,0.384571114090,0.465451178970,1.264885450087,0.102090746825,6.063551558329
58,0,-2.399359836642,-0.111045683890,0.478129477555,False,0.973706074376,0.751467108623,-0.402342990831,0.735119257971,-0.675040306343,-1.056677400238,-1.143812833363,-0.083129335880
61,0,-3.315371743134,-0.153439978841,0.469786774426,False,0.023804223006,1.458498662170,1.803399050493,1.085667401851,-0.675040306343,-0.592364830173,-1.143812833363,-0.083129335880
62,1,0.413979459229,0.019159540584,0.503774401362,True,-0.926097628365,-0.132322333311,-0.402342990831,-0.842347389492,-0.675040306343,0.181489453269,1.192256379491,-0.083129335880
63,0,-3.857386092745,-0.178525150815,0.464853304554,False,-0.213671239837,1.104982885396,1.488293044590,0.034022970210,-0.104794563686,-1.056677400238,-1.143812833363,-0.083129335880
65,0,-3.167926319323,-0.146616001181,0.471129254545,False,-0.688622165522,1.635256550557,-0.087236984928,0.209297042150,-0.675040306343,-1.056677400238,-1.143812833363,-0.083129335880
66,0,-2.240002162449,-0.103670390846,0.479581389814,False,0.973706074376,0.574709220236,-0.402342990831,-1.543443677253,-0.675040306343,-0.282823116796,1.192256379491,-0.083129335880
67,0,-3.322247508891,-0.153758198767,0.469724175192,False,0.973706074376,0.751467108623,-0.087236984928,-0.141251101731,-0.675040306343,-1.056677400238,-1.143812833363,-0.083129335880
68,0,-3.792808664384,-0.175536418326,0.465440960828,False,-2.825901331107,0.928224997010,4.009141091818,0.209297042150,-0.675040306343,-0.747135686862,-0.676598990793,-0.083129335880
70,0,-1.060534129907,-0.049082982863,0.490331125367,False,0.973706074376,1.635256550557,0.542975026879,0.735119257971,-0.104794563686,0.491031166645,0.725042536920,-0.083129335880
71,0,-1.859419334921,-0.086056492457,0.483049420227,False,0.261279685848,0.221193443463,-0.402342990831,0.384571114090,-0.675040306343,-1.056677400238,-1.143812833363,-0.083129335880
73,1,1.463842568183,0.067748653874,0.513345240980,True,0.736230611534,0.397951331849,-0.402342990831,1.085667401851,0.465451178970,1.110114593399,-1.143812833363,-0.083129335880
75,0,-3.872972157889,-0.179246495416,0.464711476665,False,-2.350950405421,1.812014438944,2.748717068204,0.910393329911,-0.389917435015,-1.056677400238,-1.143812833363,-0.083129335880
76,1,-1.880224026360,-0.087019362284,0.482859821401,False,-0.926097628365,1.458498662170,0.227869020976,1.085667401851,-0.675040306343,-1.056677400238,0.257828694349,-0.083129335880
77,0,-2.334631020724,-0.108049944976,0.478719206682,False,-0.451146702680,1.104982885396,-0.087236984928,0.735119257971,-0.675040306343,-1.056677400238,-1.143812833363,-0.083129335880
79,0,-3.093216851168,-0.143158343910,0.471809541976,False,0.973706074376,0.044435555076,-0.402342990831,-1.543443677253,-0.675040306343,-1.056677400238,0.102090746825,-0.083129335880
80,0,0.817041837279,0.037813823588,0.507449106969,True,0.023804223006,0.397951331849,-0.087236984928,-0.842347389492,0.180328307642,1.110114593399,1.347994327014,-0.083129335880
83,1,4.011353455085,0.185650972789,0.536547646843,True,0.023804223006,-1.016111775245,-0.402342990831,-1.017621461432,-0.675040306343,0.181489453269,1.347994327014,2.990211111224
86,0,-2.106731319308,-0.097502432337,0.480795728545,False,0.736230611534,1.104982885396,-0.402342990831,-1.718717749193,-0.104794563686,0.181489453269,0.880780484443,-0.083129335880
91,1,3.253169973493,0.150561195115,0.529646903347,True,0.023804223006,-1.016111775245,-0.402342990831,0.910393329911,1.605942664284,0.955343736711,-1.143812833363,-0.083129335880
93,0,-4.766448790620,-0.220597826803,0.456585168282,False,-2.588425868264,1.104982885396,4.009141091818,0.034022970210,-0.675040306343,-1.056677400238,-1.143812833363,-0.083129335880
96,0,-4.056592632990,-0.187744704364,0.463040763797,False,-0.213671239837,1.635256550557,1.488293044590,0.559845186030,-0.389917435015,-1.056677400238,-1.143812833363,-0.083129335880
97,0,-2.878711835208,-0.133230755796,0.473763000723,False,0.023804223006,0.574709220236,-0.087236984928,-0.316525173671,-0.675040306343,-1.056677400238,-1.143812833363,-0.083129335880
98,0,-2.717056401560,-0.125749119274,0.475235377306,False,-0.213671239837,1.104982885396,0.542975026879,0.209297042150,-0.675040306343,-0.592364830173,-1.143812833363,-0.083129335880
99,0,-1.366614410899,-0.063248800599,0.487540998367,False,0.973706074376,0.397951331849,0.227869020976,1.085667401851,1.320819792955,-1.056677400238,-0.988074885840,-0.083129335880
100,0,-5.345702029399,-0.247406465950,0.451321501167,False,0.261279685848,1.635256550557,3.694035085915,1.085667401851,-0.389917435015,-1.056677400238,-1.143812833363,-0.083129335880
102,1,-0.172399657556,-0.007978894030,0.498428159908,False,-0.213671239837,1.104982885396,0.227869020976,0.735119257971,-0.675040306343,0.336260309957,0.880780484443,-0.083129335880
103,1,2.687813392912,0.124395712484,0.524498255616,True,0.023804223006,-0.839353886858,-0.402342990831,0.559845186030,1.320819792955,0.955343736711,-1.143812833363,-0.083129335880
105,1,3.008835108866,0.139253040446,0.527422047717,True,0.261279685848,-0.839353886858,-0.402342990831,1.085667401851,1.320819792955,0.955343736711,-1.143812833363,-0.083129335880
107,1,4.631295932950,0.214342766065,0.542186134869,True,-1.638524016893,-1.016111775245,-0.402342990831,-0.141251101731,1.605942664284,1.419656306776,1.347994327014,-0.083129335880
108,0,-3.164211592551,-0.146444078500,0.471163079017,False,0.973706074376,-0.309080221698,-0.402342990831,-1.718717749193,-0.675040306343,-0.901906543550,-1.143812833363,-0.083129335880
109,1,0.271516746430,0.012566169665,0.502475527487,True,0.023804223006,-1.016111775245,-0.087236984928,-1.368169605313,-0.675040306343,0.181489453269,1.347994327014,-0.083129335880
111,0,-3.665704921292,-0.169653881718,0.466597717512,False,-2.588425868264,1.812014438944,2.433611062300,0.910393329911,-0.675040306343,-1.056677400238,-1.143812833363,-0.083129335880
112,0,-1.847656031764,-0.085512070556,0.483156623265,False,-0.213671239837,-0.309080221698,-0.402342990831,-0.491799245611,-0.675040306343,-1.056677400238,-1.143812833363,-0.083129335880
115,1,3.082941721903,0.142682796750,0.528096891797,True,-0.451146702680,-0.485838110085,-0.402342990831,0.559845186030,-0.675040306343,1.264885450087,1.347994327014,-0.083129335880
118,0,-0.384831876804,-0.017810550252,0.496491344200,False,-0.688622165522,1.281740773783,-0.402342990831,-0.141251101731,-0.104794563686,0.645802023334,-0.676598990793,-0.083129335880
121,0,-2.355789301645,-0.109029179411,0.478526435933,False,0.023804223006,1.281740773783,-0.402342990831,0.910393329911,-0.675040306343,-1.056677400238,-1.143812833363,-0.083129335880
125,0,-1.061046846933,-0.049106712114,0.490326451391,False,-0.451146702680,-1.016111775245,-0.402342990831,-0.491799245611,-0.675040306343,-1.056677400238,-1.143812833363,-0.083129335880
126,1,4.292303474969,0.198653727366,0.539103426162,True,-0.451146702680,-1.016111775245,-0.402342990831,1.085667401851,0.465451178970,1.264885450087,0.880780484443,-0.083129335880
129,0,-4.115124273621,-0.190453629455,0.462508267979,False,-0.213671239837,1.812014438944,0.227869020976,-1.718717749193,0.180328307642,-1.056677400238,1.192256379491,-0.083129335880
130,1,1.303081097835,0.060308391206,0.511879875677,True,-0.926097628365,1.281740773783,-0.087236984928,0.910393329911,-0.675040306343,1.264885450087,0.413566641873,-0.083129335880
131,1,2.113014522763,0.097793227663,0.519261524861,True,0.973706074376,-0.132322333311,-0.402342990831,0.559845186030,1.035696921627,1.419656306776,-0.988074885840,-0.083129335880
133,0,1.108160493980,0.051287196707,0.510103038133,True,-1.875999479736,1.281740773783,-0.402342990831,-1.192895533372,0.180328307642,1.419656306776,1.347994327014,-0.083129335880
134,1,-1.620174915100,-0.074983930597,0.485229852088,False,-1.875999479736,1.635256550557,0.858081032783,-1.017621461432,-0.389917435015,0.955343736711,-0.988074885840,-0.083129335880
136,1,5.310778914146,0.245790175989,0.548361269168,True,-0.688622165522,-1.016111775245,-0.402342990831,0.384571114090,3.316679892254,1.419656306776,1.347994327014,-0.083129335880
137,1,1.538306500746,0.071194947418,0.514023961172,True,-0.213671239837,-0.662595998471,-0.402342990831,0.209297042150,0.750574050299,0.491031166645,-1.143812833363,-0.083129335880
138,1,-0.659185778940,-0.030508027398,0.493990032183,False,0.736230611534,-1.016111775245,-0.402342990831,-0.141251101731,-0.675040306343,-1.056677400238,0.569304589396,-0.083129335880
140,1,3.896956400069,0.180356519237,0.535506767400,True,-1.638524016893,-0.485838110085,-0.402342990831,-0.316525173671,1.891065535612,1.264885450087,1.347994327014,-0.083129335880
143,0,-4.301703526715,-0.199088774731,0.460811075980,False,0.023804223006,1.635256550557,1.488293044590,0.384571114090,-0.389917435015,-1.056677400238,-1.143812833363,-0.083129335880
147,0,0.222540716524,0.010299491424,0.502028995440,True,0.736230611534,-0.132322333311,-0.402342990831,-1.718717749193,-0.104794563686,0.955343736711,1.347994327014,-0.083129335880
154,0,-1.355876454929,-0.062751833180,0.487638877278,False,0.023804223006,-0.485838110085,-0.402342990831,0.034022970210,-0.675040306343,-1.056677400238,-1.143812833363,-0.083129335880
155,0,-3.213768170012,-0.148737625283,0.470711849838,False,0.498755148691,1.635256550557,3.063823074108,-1.017621461432,-0.675040306343,1.110114593399,1.347994327014,-0.083129335880
156,0,-1.339208916955,-0.061980436525,0.487790806415,False,0.736230611534,-0.839353886858,-0.402342990831,-1.368169605313,-0.675040306343,-0.901906543550,1.347994327014,-0.083129335880
159,0,-1.833308673431,-0.084848055016,0.483287376512,False,0.736230611534,1.104982885396,-0.402342990831,1.085667401851,-0.675040306343,-1.056677400238,0.257828694349,-0.083129335880
160,1,3.309644844942,0.153174930090,0.530161085724,True,0.261279685848,-1.016111775245,-0.402342990831,0.384571114090,1.035696921627,1.419656306776,-0.520861043269,-0.083129335880
164,1,4.356974434161,0.201646788591,0.539691620367,True,-1.401048554050,-0.839353886858,-0.402342990831,0.559845186030,0.750574050299,1.419656306776,0.725042536920,-0.083129335880
165,0,-1.649555234606,-0.076343692323,0.484962072446,False,0.736230611534,1.281740773783,0.227869020976,1.085667401851,1.035696921627,-1.056677400238,0.569304589396,-0.083129335880
171,0,-3.252699063923,-0.150539400771,0.470357384211,False,0.736230611534,-0.309080221698,-0.402342990831,-1.718717749193,-0.675040306343,-1.056677400238,-1.143812833363,-0.083129335880
172,0,-1.774777810039,-0.082139165897,0.483820801038,False,0.973706074376,0.397951331849,-0.402342990831,1.085667401851,-0.675040306343,-1.056677400238,-1.143812833363,-0.083129335880
173,1,4.295916928084,0.198820962962,0.539136292312,True,-2.350950405421,-0.662595998471,-0.402342990831,0.034022970210,0.465451178970,1.419656306776,1.347994327014,-0.083129335880
176,0,-4.410048678979,-0.204103137873,0.459825692027,False,0.973706074376,0.928224997010,-0.402342990831,-1.543443677253,-0.675040306343,-1.056677400238,-1.143812833363,-0.083129335880
177,0,-0.862539088709,-0.039919499162,0.492136113123,False,0.973706074376,-0.839353886858,-0.402342990831,0.735119257971,-0.675040306343,-1.056677400238,-1.143812833363,-0.083129335880
178,0,0.383160915276,0.017733215847,0.503493421216,True,0.261279685848,-1.016111775245,-0.402342990831,-1.368169605313,-0.675040306343,0.181489453269,1.347994327014,-0.083129335880
179,1,0.165647356486,0.007666388219,0.501510276677,True,0.261279685848,-1.016111775245,-0.402342990831,0.910393329911,-0.675040306343,-1.056677400238,-0.053647200698,-0.083129335880
182,1,0.067391904589,0.003118990332,0.500614440974,True,0.498755148691,-1.016111775245,-0.402342990831,0.034022970210,-0.675040306343,-0.901906543550,1.347994327014,-0.083129335880
184,0,-0.664114308751,-0.030736126558,0.493945099215,False,0.261279685848,-1.016111775245,-0.402342990831,0.384571114090,-0.675040306343,-1.056677400238,-1.143812833363,-0.083129335880
185,0,-3.722436155550,-0.172279481517,0.466081395313,False,0.498755148691,1.458498662170,0.542975026879,0.209297042150,-0.104794563686,-1.056677400238,-1.143812833363,-0.083129335880
186,1,2.602895245075,0.120465583432,0.523724727171,True,-2.113474942579,0.221193443463,-0.402342990831,-0.667073317552,1.605942664284,1.110114593399,0.725042536920,-0.083129335880
187,1,3.428090554400,0.158656760956,0.531239407097,True,-2.588425868264,-0.662595998471,-0.402342990831,-0.667073317552,1.891065535612,1.110114593399,-0.209385148222,-0.083129335880
188,1,3.120367523726,0.144414914499,0.528437690678,True,0.261279685848,-0.839353886858,-0.402342990831,1.085667401851,1.605942664284,0.955343736711,-1.143812833363,-0.083129335880
189,1,-2.152897138562,-0.099639050152,0.480375063962,False,0.973706074376,0.397951331849,-0.402342990831,-1.718717749193,-0.675040306343,-0.282823116796,1.347994327014,-0.083129335880
190,0,-0.305137181683,-0.014122169798,0.497217943816,False,0.736230611534,-1.016111775245,-0.402342990831,1.085667401851,-0.675040306343,-1.056677400238,-1.143812833363,-0.083129335880
194,0,-2.907124475865,-0.134545732010,0.473504233280,False,0.736230611534,0.751467108623,-0.402342990831,-0.667073317552,-0.675040306343,-1.056677400238,0.257828694349,-0.083129335880
196,0,-1.213754722356,-0.056174243296,0.488934383112,False,0.498755148691,-1.016111775245,-0.402342990831,-1.718717749193,-0.675040306343,-0.747135686862,1.192256379491,-0.083129335880
199,1,1.336016156710,0.061832671175,0.512180090607,True,0.973706074376,0.751467108623,-0.402342990831,0.209297042150,1.605942664284,1.110114593399,0.413566641873,-0.083129335880
203,1,2.260106701373,0.104600856647,0.520601790866,True,0.261279685848,-0.839353886858,-0.402342990831,0.910393329911,0.750574050299,0.645802023334,-1.143812833363,-0.083129335880
205,1,-2.650318347624,-0.122660390052,0.475843285142,False,0.973706074376,0.751467108623,-0.402342990831,0.209297042150,-0.675040306343,-1.056677400238,-0.676598990793,-0.083129335880
207,1,0.779154887356,0.036060363269,0.507103704000,True,0.736230611534,-0.839353886858,-0.402342990831,0.209297042150,-0.675040306343,-0.128052260108,1.036518431967,-0.083129335880
208,0,-1.576201999472,-0.072948803388,0.485630638529,False,0.023804223006,-0.132322333311,-0.402342990831,-1.718717749193,-0.675040306343,0.181489453269,-1.143812833363,-0.083129335880
210,0,-7.617618324112,-0.352553886872,0.430722165960,False,0.973706074376,1.812014438944,4.639353103625,-1.718717749193,-0.675040306343,-0.437593973485,0.102090746825,-0.083129335880
211,0,-5.689896641910,-0.263336267539,0.448195800551,False,0.023804223006,1.812014438944,1.803399050493,-1.718717749193,-0.675040306343,-0.592364830173,-0.520861043269,-0.083129335880
212,0,-0.788186055865,-0.036478338209,0.492813961535,False,0.736230611534,-0.662595998471,-0.402342990831,0.910393329911,-0.675040306343,-1.056677400238,-1.143812833363,-0.083129335880
218,0,1.410516067628,0.065280629848,0.512859171291,True,0.736230611534,-0.839353886858,-0.402342990831,1.085667401851,-0.675040306343,-0.282823116796,1.347994327014,-0.083129335880
220,1,0.157531878427,0.007290792697,0.501436284611,True,0.973706074376,0.397951331849,-0.402342990831,-0.141251101731,-0.675040306343,0.645802023334,1.036518431967,-0.083129335880
221,1,0.373359396715,0.017279588043,0.503404058207,True,-0.688622165522,0.221193443463,-0.402342990831,1.085667401851,-0.675040306343,-0.747135686862,1.192256379491,-0.083129335880
222,0,-3.311836198331,-0.153276348949,0.469818963334,False,-2.825901331107,1.635256550557,1.488293044590,0.209297042150,-0.675040306343,-1.056677400238,-1.143812833363,-0.083129335880
223,0,3.974978190397,0.183967475349,0.536216687839,True,-0.451146702680,-0.309080221698,-0.402342990831,1.085667401851,0.465451178970,1.419656306776,1.347994327014,-0.083129335880
225,0,-7.597795623106,-0.351636464918,0.430901533280,False,0.498755148691,1.812014438944,4.324247097722,-1.718717749193,-0.675040306343,-0.901906543550,0.569304589396,-0.083129335880
228,0,-1.557416813658,-0.072079399069,0.485801856320,False,-0.688622165522,0.044435555076,-0.402342990831,0.034022970210,-0.675040306343,-1.056677400238,-1.143812833363,-0.083129335880
230,1,5.151867334688,0.238435528825,0.546917577507,True,0.973706074376,-1.016111775245,-0.402342990831,1.085667401851,3.316679892254,1.419656306776,1.347994327014,-0.083129335880
231,0,-1.792239215345,-0.082947303828,0.483661663940,False,0.498755148691,0.044435555076,-0.402342990831,0.384571114090,-0.675040306343,-1.056677400238,-1.143812833363,-0.083129335880
232,0,-3.466646244084,-0.160441171474,0.468409609122,False,0.736230611534,0.928224997010,-0.402342990831,-1.718717749193,-0.675040306343,-0.592364830173,-0.053647200698,-0.083129335880
234,1,3.157351906222,0.146126602752,0.528774459786,True,0.261279685848,-0.485838110085,-0.402342990831,1.085667401851,-0.675040306343,1.419656306776,0.725042536920,-0.083129335880
239,1,2.235836841787,0.103477614058,0.520380657975,True,-1.401048554050,-1.016111775245,-0.402342990831,-1.017621461432,-0.675040306343,0.955343736711,1.036518431967,-0.083129335880
241,0,-2.255912191088,-0.104406728924,0.479436426855,False,-0.451146702680,1.281740773783,3.378929080011,-0.667073317552,-0.675040306343,1.264885450087,1.192256379491,-0.083129335880
242,0,-2.469810197080,-0.114306223779,0.477487647976,False,-2.350950405421,1.281740773783,1.488293044590,1.085667401851,-0.675040306343,-1.056677400238,-1.143812833363,-0.083129335880
248,0,-1.897045732882,-0.087797894072,0.482706522018,False,-0.926097628365,0.397951331849,0.858081032783,0.559845186030,0.180328307642,-1.056677400238,-1.143812833363,-0.083129335880
249,1,2.554301163302,0.118216582277,0.523282058326,True,-0.688622165522,-0.662595998471,-0.402342990831,0.735119257971,-0.675040306343,1.110114593399,-0.676598990793,-0.083129335880
256,1,2.891904689320,0.133841339288,0.526357153570,True,0.736230611534,-1.016111775245,-0.402342990831,1.085667401851,1.605942664284,0.800572880022,-1.143812833363,-0.083129335880
257,0,-0.268739559953,-0.012437637643,0.497549793080,False,0.261279685848,-0.839353886858,-0.402342990831,1.085667401851,-0.675040306343,-1.056677400238,-1.143812833363,-0.083129335880
261,1,4.938742120278,0.228571799831,0.544980877570,True,-1.163573091208,-1.016111775245,-0.402342990831,0.910393329911,0.750574050299,1.419656306776,1.347994327014,-0.083129335880
266,0,-2.959109357887,-0.136951664079,0.473030796706,False,-2.825901331107,1.458498662170,2.748717068204,-0.141251101731,0.750574050299,-0.437593973485,-1.143812833363,-0.083129335880
267,0,-2.557921080832,-0.118384117055,0.476684965459,False,0.736230611534,1.812014438944,-0.087236984928,1.085667401851,-0.675040306343,-1.056677400238,0.725042536920,-0.083129335880
268,0,-1.376370460738,-0.063700324047,0.487452070078,False,0.261279685848,-0.132322333311,-0.402342990831,0.559845186030,-0.675040306343,-1.056677400238,-1.143812833363,-0.083129335880
271,1,-0.513562435542,-0.023768378133,0.495317683218,False,0.498755148691,-0.309080221698,-0.402342990831,0.209297042150,-0.675040306343,-0.747135686862,0.725042536920,-0.083129335880
274,1,1.262934898868,0.058450369724,0.511513924066,True,0.261279685848,0.221193443463,-0.087236984928,0.735119257971,0.750574050299,0.955343736711,-1.143812833363,-0.083129335880
275,0,-1.517903613158,-0.070250673629,0.486162004088,False,0.261279685848,-0.132322333311,-0.402342990831,0.384571114090,-0.675040306343,-1.056677400238,-1.143812833363,-0.083129335880
276,0,-0.408714922988,-0.018915890583,0.496273596628,False,0.973706074376,-1.016111775245,-0.402342990831,1.085667401851,-0.675040306343,-1.056677400238,-1.143812833363,-0.083129335880
277,0,0.894308357951,0.041389824778,0.508153511859,True,0.261279685848,-0.839353886858,-0.402342990831,-0.842347389492,-0.104794563686,0.955343736711,-1.143812833363,-0.083129335880
278,0,-1.312838975326,-0.060759999241,0.488031177399,False,-2.825901331107,1.635256550557,-0.402342990831,1.085667401851,-0.675040306343,-1.056677400238,-1.143812833363,-0.083129335880
283,0,-0.346778627091,-0.016049393349,0.496838286046,False,-2.825901331107,1.458498662170,0.542975026879,-1.718717749193,-0.389917435015,1.419656306776,0.257828694349,-0.083129335880
284,0,-3.586053184532,-0.165967489436,0.467322691017,False,0.973706074376,0.574709220236,-0.402342990831,-1.017621461432,-0.675040306343,-1.056677400238,-0.988074885840,-0.083129335880
286,0,-2.442597378699,-0.113046776996,0.477735563690,False,0.023804223006,0.221193443463,1.488293044590,0.559845186030,-0.675040306343,-1.056677400238,0.102090746825,-0.083129335880
287,1,3.229006088665,0.149442857184,0.529426892736,True,0.023804223006,-1.016111775245,-0.402342990831,0.910393329911,0.750574050299,0.645802023334,0.725042536920,-0.083129335880
288,1,-0.999888154717,-0.046276203452,0.490883984320,False,0.973706074376,-0.132322333311,-0.402342990831,0.384571114090,-0.675040306343,-0.901906543550,0.569304589396,-0.083129335880
289,1,-2.423994155214,-0.112185794144,0.477905046279,False,0.973706074376,0.044435555076,-0.402342990831,-0.141251101731,-0.675040306343,-1.056677400238,-1.143812833363,-0.083129335880
290,0,-6.782747609857,-0.313914918257,0.438282497042,False,0.973706074376,1.635256550557,2.118505056397,-1.718717749193,-0.675040306343,-1.056677400238,-0.676598990793,-0.083129335880
293,0,-1.575316833711,-0.072907836695,0.485638706353,False,0.498755148691,0.574709220236,-0.402342990831,0.735119257971,0.465451178970,-1.056677400238,-1.143812833363,-0.083129335880
295,0,0.179236988510,0.008295335140,0.501634178739,True,0.023804223006,-1.016111775245,-0.402342990831,1.085667401851,-0.675040306343,-1.056677400238,-0.676598990793,-0.083129335880
298,1,1.032233243234,0.047773178778,0.509410880093,True,-0.451146702680,-1.016111775245,-0.402342990831,-1.017621461432,-0.675040306343,0.645802023334,-0.053647200698,-0.083129335880
299,0,-3.371061644353,-0.156017384310,0.469279766032,False,-2.825901331107,1.812014438944,1.488293044590,0.209297042150,-0.389917435015,-1.056677400238,-1.143812833363,-0.083129335880
300,1,0.024727896861,0.001144441186,0.500225454908,True,-0.688622165522,-0.132322333311,-0.402342990831,-1.192895533372,-0.675040306343,0.645802023334,-0.365123095745,-0.083129335880
301,1,2.067951149134,0.095707632553,0.518850896904,True,0.498755148691,-0.309080221698,-0.402342990831,0.910393329911,-0.675040306343,1.110114593399,-0.053647200698,-0.083129335880
302,1,2.247430266355,0.104014173744,0.520486290932,True,-0.213671239837,1.104982885396,-0.087236984928,0.910393329911,1.605942664284,1.419656306776,0.413566641873,-0.083129335880
304,0,-2.939118392332,-0.136026454609,0.473212856139,False,-1.401048554050,1.458498662170,1.488293044590,1.085667401851,-0.675040306343,-1.056677400238,-0.832336938316,-0.083129335880
305,1,1.500101855824,0.069426783736,0.513675737826,True,-1.163573091208,-1.016111775245,-0.402342990831,0.910393329911,-0.675040306343,-0.901906543550,1.347994327014,-0.083129335880
308,0,-1.610494080405,-0.074535888210,0.485318086389,False,0.023804223006,-0.839353886858,-0.402342990831,-0.842347389492,-0.389917435015,-1.056677400238,-1.143812833363,-0.083129335880
310,1,0.967843845418,0.044793148602,0.508823890778,True,0.973706074376,0.044435555076,-0.402342990831,0.559845186030,-0.675040306343,0.800572880022,0.257828694349,-0.083129335880
311,0,-1.284780788423,-0.059461427636,0.488286939698,False,0.736230611534,-0.662595998471,-0.402342990831,-1.017621461432,-0.675040306343,-0.901906543550,1.192256379491,-0.083129335880
312,1,4.715388190920,0.218234671795,0.542950655441,True,-0.213671239837,-1.016111775245,-0.402342990831,1.085667401851,1.320819792955,1.419656306776,0.880780484443,-0.083129335880
313,0,-0.960501706132,-0.044453344265,0.491243042557,False,0.023804223006,-0.309080221698,-0.402342990831,0.735119257971,-0.675040306343,-1.056677400238,-1.143812833363,-0.083129335880
314,1,-1.534482072037,-0.071017947581,0.486010897057,False,0.973706074376,0.221193443463,-0.402342990831,-0.141251101731,-0.675040306343,-0.901906543550,1.192256379491,-0.083129335880
315,1,2.064968629789,0.095569597442,0.518823719138,True,-2.825901331107,0.574709220236,-0.402342990831,-1.543443677253,1.035696921627,1.264885450087,1.347994327014,-0.083129335880
316,0,-4.779450588381,-0.221199567943,0.456466977630,False,-0.926097628365,1.281740773783,4.324247097722,0.559845186030,0.750574050299,-1.056677400238,-0.832336938316,-0.083129335880
319,0,-3.719886096080,-0.172161461246,0.466104603300,False,-0.926097628365,1.458498662170,4.009141091818,1.085667401851,-0.389917435015,-0.128052260108,-1.143812833363,-0.083129335880
324,1,3.588984692218,0.166103163657,0.532703991922,True,0.023804223006,-1.016111775245,-0.402342990831,0.735119257971,0.465451178970,1.419656306776,-0.209385148222,-0.083129335880
325,1,4.569626822509,0.211488634542,0.541625423622,True,-0.213671239837,-1.016111775245,-0.402342990831,0.910393329911,1.605942664284,1.419656306776,0.569304589396,-0.083129335880
328,1,-0.550403938653,-0.025473453731,0.494981795734,False,0.973706074376,-0.839353886858,-0.402342990831,-0.667073317552,-0.675040306343,-0.592364830173,1.192256379491,-0.083129335880
329,0,-1.850957171750,-0.085664851870,0.483126538776,False,0.973706074376,-0.309080221698,-0.402342990831,-0.141251101731,-0.675040306343,-1.056677400238,-0.520861043269,-0.083129335880
330,1,3.995264543035,0.184906355740,0.536401264021,True,0.498755148691,-1.016111775245,-0.402342990831,1.085667401851,1.605942664284,1.419656306776,-0.520861043269,-0.083129335880
333,1,3.144866895142,0.145548779212,0.528660776023,True,0.023804223006,-1.016111775245,-0.402342990831,1.085667401851,0.180328307642,1.110114593399,-0.832336938316,-0.083129335880
335,1,1.355988529473,0.062757020145,0.512362144309,True,0.498755148691,0.044435555076,-0.402342990831,0.735119257971,-0.675040306343,0.645802023334,0.880780484443,-0.083129335880
338,1,3.800581049609,0.175896135039,0.534629770084,True,0.261279685848,-1.016111775245,-0.402342990831,0.910393329911,0.465451178970,1.419656306776,0.257828694349,-0.083129335880
341,0,-3.766727194884,-0.174329331931,0.465678313583,False,0.023804223006,1.812014438944,0.542975026879,-1.368169605313,0.180328307642,-0.747135686862,1.192256379491,-0.083129335880
343,1,2.822807901315,0.130643444599,0.525727839449,True,0.498755148691,-0.839353886858,-0.402342990831,0.034022970210,0.180328307642,1.419656306776,0.569304589396,-0.083129335880
344,0,-4.886182166500,-0.226139252647,0.455496825335,False,-2.113474942579,1.812014438944,4.639353103625,-1.192895533372,-0.675040306343,0.336260309957,0.102090746825,-0.083129335880
345,1,5.570980077804,0.257832644870,0.550724470583,True,-1.401048554050,-1.016111775245,-0.402342990831,0.559845186030,3.316679892254,1.264885450087,1.347994327014,-0.083129335880
349,1,1.087643029963,0.050337620163,0.509916000975,True,-0.213671239837,-0.132322333311,-0.402342990831,0.735119257971,-0.675040306343,0.181489453269,0.413566641873,-0.083129335880
350,1,2.778814485075,0.128607368593,0.525327143024,True,0.023804223006,-0.839353886858,-0.402342990831,0.910393329911,1.320819792955,0.800572880022,-1.143812833363,-0.083129335880
352,1,2.173036558040,0.100571130274,0.519808443736,True,0.498755148691,-0.839353886858,-0.402342990831,-0.141251101731,-0.675040306343,1.419656306776,0.102090746825,-0.083129335880
354,1,4.061601290443,0.187976511942,0.537004804125,True,0.498755148691,-1.016111775245,-0.402342990831,1.085667401851,1.035696921627,1.419656306776,0.257828694349,-0.083129335880
355,1,2.862696108328,0.132489525858,0.526091133988,True,-0.688622165522,-1.016111775245,-0.402342990831,0.384571114090,-0.675040306343,1.264885450087,-0.520861043269,-0.083129335880
362,1,0.948774545241,0.043910595078,0.508650048567,True,0.736230611534,-0.309080221698,-0.402342990831,0.910393329911,-0.675040306343,-0.128052260108,1.347994327014,-0.083129335880
363,1,-0.036185836716,-0.001674730453,0.499670078120,False,0.736230611534,-1.016111775245,-0.402342990831,0.034022970210,-0.675040306343,-0.901906543550,1.347994327014,-0.083129335880
365,1,2.550419980326,0.118036955773,0.523246701983,True,-0.688622165522,0.044435555076,-0.402342990831,0.910393329911,1.035696921627,0.491031166645,1.036518431967,-0.083129335880
367,1,2.974752769535,0.137675662755,0.527111667221,True,0.498755148691,-0.485838110085,-0.402342990831,1.085667401851,0.750574050299,1.419656306776,-0.988074885840,-0.083129335880
368,1,0.011931314521,0.000552197699,0.500108782946,True,0.023804223006,-1.016111775245,-0.402342990831,0.735119257971,-0.675040306343,-1.056677400238,-0.365123095745,-0.083129335880
369,0,-6.261481654477,-0.289790010597,0.443008712145,False,0.023804223006,1.812014438944,3.378929080011,-0.667073317552,-0.675040306343,-1.056677400238,0.102090746825,-0.083129335880
370,0,-2.569667620397,-0.118927763114,0.476577959035,False,0.736230611534,-1.016111775245,-0.402342990831,-1.718717749193,-0.675040306343,-1.056677400238,-1.143812833363,-0.083129335880
371,0,-1.716897494614,-0.079460385036,0.484348310984,False,0.973706074376,0.397951331849,-0.402342990831,1.085667401851,-0.675040306343,-1.056677400238,-0.988074885840,-0.083129335880
373,0,-0.440147968801,-0.020370655315,0.495987014715,False,0.023804223006,0.044435555076,-0.402342990831,1.085667401851,-0.675040306343,-1.056677400238,0.413566641873,-0.083129335880
374,0,-5.522859667695,-0.255605565894,0.449712502665,False,0.736230611534,1.812014438944,0.542975026879,-1.192895533372,-0.675040306343,-1.056677400238,-1.143812833363,-0.083129335880
375,1,1.041796072675,0.048215759719,0.509498056305,True,-0.688622165522,0.574709220236,-0.402342990831,-0.491799245611,-0.675040306343,1.419656306776,0.102090746825,-0.083129335880
377,1,5.133628629502,0.237591416383,0.546751861189,True,-1.638524016893,-0.662595998471,-0.402342990831,0.384571114090,3.316679892254,1.264885450087,1.192256379491,-0.083129335880
380,0,-3.626074235617,-0.167819718902,0.466958420911,False,-0.688622165522,1.104982885396,2.118505056397,0.735119257971,-0.389917435015,-1.056677400238,-1.143812833363,-0.083129335880
381,1,-0.327596190145,-0.015161603699,0.497013178012,False,-2.825901331107,1.635256550557,0.858081032783,-1.718717749193,-0.389917435015,1.419656306776,1.347994327014,-0.083129335880
382,0,-0.614545109589,-0.028441995625,0.494397018894,False,0.736230611534,-0.662595998471,-0.402342990831,0.910393329911,-0.675040306343,-1.056677400238,-0.676598990793,-0.083129335880
383,0,-7.678216666937,-0.355358461792,0.430173881176,False,0.736230611534,1.812014438944,4.009141091818,-1.718717749193,-0.675040306343,-1.056677400238,0.569304589396,-0.083129335880
385,1,1.876483990033,0.086846268242,0.517106094770,True,-1.163573091208,0.574709220236,-0.087236984928,0.910393329911,0.750574050299,1.110114593399,-1.143812833363,-0.083129335880
388,1,2.546311826192,0.117846824732,0.523209277905,True,-0.451146702680,0.044435555076,-0.402342990831,1.085667401851,1.035696921627,1.110114593399,-1.143812833363,-0.083129335880
391,1,3.848989353169,0.178136538122,0.535070287049,True,0.736230611534,-1.016111775245,-0.402342990831,1.085667401851,2.176188406941,0.645802023334,1.347994327014,-0.083129335880
392,1,-0.701369406046,-0.032460343865,0.493605449069,False,0.498755148691,-1.016111775245,-0.402342990831,-0.316525173671,-0.389917435015,-1.056677400238,0.257828694349,-0.083129335880
394,1,2.049802451905,0.094867685803,0.518685518913,True,0.498755148691,-0.132322333311,-0.402342990831,0.910393329911,-0.675040306343,1.419656306776,-0.676598990793,-0.083129335880
398,1,2.231829853472,0.103292165110,0.520344148318,True,-0.926097628365,0.574709220236,-0.087236984928,0.910393329911,-0.389917435015,1.419656306776,0.257828694349,-0.083129335880
399,0,-2.598892328859,-0.120280322946,0.476311736933,False,0.736230611534,-0.839353886858,-0.402342990831,-1.543443677253,-0.675040306343,-1.056677400238,-1.143812833363,-0.083129335880
405,1,2.119621412388,0.098099003631,0.519321727526,True,0.498755148691,-1.016111775245,-0.402342990831,0.034022970210,-0.675040306343,1.264885450087,-0.365123095745,-0.083129335880
410,1,0.983471892167,0.045516436169,0.508966360731,True,0.736230611534,0.397951331849,-0.402342990831,1.085667401851,-0.675040306343,0.336260309957,1.347994327014,-0.083129335880
415,0,-0.805647461170,-0.037286476140,0.492654771555,False,0.261279685848,-1.016111775245,-0.402342990831,0.209297042150,-0.675040306343,-1.056677400238,-1.143812833363,-0.083129335880
417,1,2.108614303743,0.097589579455,0.519221429487,True,0.261279685848,0.221193443463,-0.402342990831,1.085667401851,-0.675040306343,1.264885450087,0.257828694349,-0.083129335880
418,0,-3.093727948570,-0.143181998203,0.471804887899,False,-2.588425868264,1.812014438944,1.803399050493,1.085667401851,-0.675040306343,-1.056677400238,-1.143812833363,-0.083129335880
420,0,-2.569667620397,-0.118927763114,0.476577959035,False,0.736230611534,-1.016111775245,-0.402342990831,-1.718717749193,-0.675040306343,-1.056677400238,-1.143812833363,-0.083129335880
423,0,0.999457636108,0.046256278456,0.509112090968,True,0.498755148691,-0.662595998471,-0.402342990831,-1.718717749193,-0.675040306343,1.264885450087,1.347994327014,-0.083129335880
425,1,-1.245638494855,-0.057649868281,0.488643742348,False,0.973706074376,1.635256550557,0.227869020976,0.209297042150,-0.675040306343,1.110114593399,-0.676598990793,-0.083129335880
428,1,2.506302775421,0.115995150657,0.522844801878,True,0.498755148691,-0.662595998471,-0.402342990831,0.559845186030,-0.389917435015,1.419656306776,-0.365123095745,-0.083129335880
431,1,4.042335498979,0.187084864530,0.536829525873,True,-2.113474942579,-0.662595998471,-0.402342990831,-0.842347389492,1.891065535612,1.419656306776,1.347994327014,-0.083129335880
433,1,12.812214184103,0.592966950805,0.615980517333,True,0.973706074376,-0.839353886858,-0.402342990831,0.910393329911,0.465451178970,1.419656306776,-0.365123095745,9.136892005433
436,0,-3.456172712093,-0.159956441962,0.468504951556,False,-0.926097628365,1.812014438944,0.858081032783,0.735119257971,-0.675040306343,-1.056677400238,-1.143812833363,-0.083129335880
437,0,-0.902052289208,-0.041748224601,0.491775890808,False,0.023804223006,-0.662595998471,-0.402342990831,0.384571114090,-0.675040306343,-1.056677400238,-1.143812833363,-0.083129335880
439,0,0.651651553538,0.030159333050,0.505941278881,True,0.498755148691,-0.132322333311,-0.402342990831,-1.192895533372,1.605942664284,0.336260309957,1.347994327014,-0.083129335880
440,0,-0.829399531169,-0.038385754713,0.492438232562,False,0.261279685848,0.044435555076,-0.402342990831,0.735119257971,-0.675040306343,-0.592364830173,-1.143812833363,-0.083129335880
442,1,0.929924219393,0.043038175988,0.508478201794,True,-0.926097628365,-0.309080221698,-0.402342990831,-0.667073317552,-0.389917435015,0.955343736711,-1.143812833363,-0.083129335880
443,1,5.373413834549,0.248689006529,0.548930212384,True,-0.688622165522,-1.016111775245,-0.402342990831,-0.667073317552,-0.675040306343,0.800572880022,1.347994327014,2.990211111224
444,1,3.638971945971,0.168416642733,0.533158970628,True,-0.688622165522,-0.839353886858,-0.402342990831,0.910393329911,0.465451178970,1.419656306776,-0.832336938316,-0.083129335880
445,0,-1.608023311013,-0.074421537593,0.485340605848,False,-0.688622165522,0.397951331849,-0.087236984928,0.384571114090,-0.104794563686,-1.056677400238,-1.143812833363,-0.083129335880
449,1,0.580253369534,0.026854926579,0.505290343066,True,-0.213671239837,-1.016111775245,-0.402342990831,-0.667073317552,-0.675040306343,-0.282823116796,1.347994327014,-0.083129335880
451,1,1.768781591481,0.081861652629,0.516124551240,True,0.973706074376,-0.309080221698,-0.402342990831,0.034022970210,-0.675040306343,1.419656306776,0.569304589396,-0.083129335880
452,0,-1.621481354463,-0.075044394414,0.485217944799,False,0.498755148691,-0.132322333311,-0.402342990831,0.384571114090,-0.675040306343,-1.056677400238,-1.143812833363,-0.083129335880
456,1,-1.756184549875,-0.081278644161,0.483990254878,False,0.736230611534,-0.662595998471,-0.402342990831,-1.718717749193,-0.675040306343,-0.592364830173,0.413566641873,-0.083129335880
459,0,-4.307186817683,-0.199342549003,0.460761203306,False,0.736230611534,1.812014438944,2.433611062300,0.735119257971,1.605942664284,-1.056677400238,-0.988074885840,-0.083129335880
460,1,-0.140476696737,-0.006501455356,0.498719214394,False,0.261279685848,-1.016111775245,-0.402342990831,-0.491799245611,-0.675040306343,-0.437593973485,0.102090746825,-0.083129335880
463,0,-2.018413892646,-0.093414979970,0.481600509636,False,-0.213671239837,-0.132322333311,-0.402342990831,-0.491799245611,-0.675040306343,-1.056677400238,-1.143812833363,-0.083129335880
464,0,-3.476362901671,-0.160890871794,0.468321157459,False,0.023804223006,1.104982885396,1.488293044590,0.910393329911,-0.675040306343,-1.056677400238,-1.143812833363,-0.083129335880
465,1,2.276018333570,0.105337268940,0.520746766717,True,-0.926097628365,0.574709220236,-0.402342990831,0.910393329911,-0.389917435015,0.955343736711,1.347994327014,-0.083129335880
466,0,-5.632128080471,-0.260662658806,0.448720299135,False,-0.213671239837,1.812014438944,2.118505056397,-1.718717749193,-0.389917435015,-0.592364830173,-0.365123095745,-0.083129335880
467,1,4.494901972776,0.208030265391,0.540945950919,True,-1.401048554050,0.044435555076,-0.402342990831,0.910393329911,2.461311278269,1.264885450087,1.347994327014,-0.083129335880
468,0,-3.783703066202,-0.175114998679,0.465523825050,False,-0.926097628365,1.635256550557,1.173187038686,0.384571114090,-0.675040306343,-1.056677400238,-1.143812833363,-0.083129335880
470,1,4.285167878590,0.198323482120,0.539038523979,True,0.261279685848,-1.016111775245,-0.402342990831,1.085667401851,0.750574050299,1.419656306776,0.880780484443,-0.083129335880
471,0,-0.626158897636,-0.028979497760,0.494291136290,False,0.498755148691,-1.016111775245,-0.402342990831,0.559845186030,-0.675040306343,-1.056677400238,-1.143812833363,-0.083129335880
472,0,-2.155499140595,-0.099759474397,0.480351354750,False,0.973706074376,-0.662595998471,-0.402342990831,-1.368169605313,-0.675040306343,-0.592364830173,-1.143812833363,-0.083129335880
474,0,-2.570686799021,-0.118974932107,0.476568674752,False,0.973706074376,1.281740773783,-0.402342990831,1.085667401851,-0.675040306343,-1.056677400238,-0.988074885840,-0.083129335880
476,1,3.660165540028,0.169397511509,0.533351865971,True,0.736230611534,-1.016111775245,-0.402342990831,1.085667401851,1.605942664284,1.419656306776,-1.143812833363,-0.083129335880
480,1,2.763603672430,0.127903391196,0.525188598437,True,-0.213671239837,0.751467108623,-0.402342990831,1.085667401851,2.176188406941,1.419656306776,-0.676598990793,-0.083129335880
481,0,-0.958943916747,-0.044381247623,0.491257243888,False,0.736230611534,-0.485838110085,-0.402342990831,0.910393329911,-0.675040306343,-1.056677400238,-1.143812833363,-0.083129335880
484,0,-1.492487534298,-0.069074382430,0.486393664951,False,0.973706074376,0.221193443463,-0.402342990831,1.085667401851,-0.389917435015,-1.056677400238,-1.143812833363,-0.083129335880
485,1,0.152057724463,0.007037441298,0.501386374542,True,0.498755148691,-1.016111775245,-0.402342990831,0.735119257971,-0.675040306343,-1.056677400238,0.569304589396,-0.083129335880
488,1,4.880861804853,0.225893018969,0.544454817572,True,-1.163573091208,-1.016111775245,-0.402342990831,0.910393329911,0.750574050299,1.419656306776,1.192256379491,-0.083129335880
490,1,0.757558708358,0.035060862307,0.506906817478,True,-2.350950405421,1.281740773783,-0.402342990831,-0.491799245611,-0.675040306343,1.110114593399,0.257828694349,-0.083129335880
491,0,0.273665972572,0.012665638816,0.502495122720,True,0.736230611534,-1.016111775245,-0.402342990831,1.085667401851,-0.675040306343,-1.056677400238,0.413566641873,-0.083129335880
493,0,-1.150273030515,-0.053236223005,0.489513067574,False,-0.451146702680,-0.839353886858,-0.402342990831,-0.667073317552,-0.104794563686,-1.056677400238,-1.143812833363,-0.083129335880
501,1,4.016096688765,0.185870496189,0.536590802052,True,0.736230611534,-0.485838110085,-0.402342990831,1.085667401851,1.605942664284,1.419656306776,1.192256379491,-0.083129335880
502,0,-0.833314380247,-0.038566939330,0.492402542411,False,0.973706074376,-1.016111775245,-0.402342990831,0.559845186030,-0.675040306343,-1.056677400238,-1.143812833363,-0.083129335880
503,1,2.246567435852,0.103974240758,0.520478429316,True,-0.688622165522,0.928224997010,-0.402342990831,1.085667401851,0.465451178970,1.419656306776,-0.365123095745,-0.083129335880
504,0,-0.709857134993,-0.032853167672,0.493528067806,False,-1.638524016893,0.574709220236,-0.402342990831,0.559845186030,-0.675040306343,-1.056677400238,0.257828694349,-0.083129335880
505,0,-3.868550387873,-0.179041849798,0.464751713040,False,0.973706074376,0.221193443463,-0.402342990831,-1.718717749193,-0.675040306343,-1.056677400238,-1.143812833363,-0.083129335880
506,0,-2.277870612905,-0.105422994984,0.479236356676,False,0.973706074376,-0.839353886858,-0.402342990831,-1.017621461432,-0.675040306343,-1.056677400238,-1.143812833363,-0.083129335880
507,0,-3.697792526991,-0.171138940384,0.466305678381,False,0.973706074376,0.044435555076,-0.402342990831,-1.718717749193,-0.675040306343,-1.056677400238,-1.143812833363,-0.083129335880
508,0,-1.256889103513,-0.058170561973,0.488541186645,False,-0.213671239837,0.397951331849,-0.402342990831,1.085667401851,-0.675040306343,-1.056677400238,-1.143812833363,-0.083129335880
510,1,0.153365755170,0.007097978764,0.501398300386,True,0.973706074376,-1.016111775245,-0.402342990831,-0.316525173671,-0.675040306343,-0.437593973485,1.347994327014,-0.083129335880
512,1,3.808323064375,0.176254446165,0.534700224073,True,-0.213671239837,-1.016111775245,-0.402342990831,0.735119257971,0.465451178970,1.419656306776,0.102090746825,-0.083129335880
513,0,-2.835385988935,-0.131225575849,0.474157600455,False,0.023804223006,1.458498662170,-0.402342990831,0.384571114090,-0.675040306343,-1.056677400238,-0.832336938316,-0.083129335880
514,0,-2.028385585782,-0.093876483688,0.481509641970,False,-0.213671239837,1.281740773783,1.173187038686,-1.718717749193,-0.675040306343,0.955343736711,1.347994327014,-0.083129335880
515,0,2.616875708089,0.121112618550,0.523852079806,True,0.498755148691,0.574709220236,-0.402342990831,0.559845186030,1.320819792955,1.419656306776,1.347994327014,-0.083129335880
516,1,3.954915809677,0.183038960687,0.536034145647,True,-2.588425868264,0.574709220236,-0.402342990831,-0.141251101731,2.746434149597,1.419656306776,1.347994327014,-0.083129335880
521,0,-2.410364653948,-0.111555002019,0.478029217595,False,-2.825901331107,0.928224997010,-0.087236984928,-1.543443677253,0.750574050299,-1.056677400238,-1.143812833363,-0.083129335880
526,1,0.260270463252,0.012045676162,0.502372991213,True,0.736230611534,-0.485838110085,-0.402342990831,0.559845186030,-0.675040306343,-0.592364830173,1.347994327014,-0.083129335880
527,1,1.244814949639,0.057611753472,0.511348750554,True,0.736230611534,-0.839353886858,-0.402342990831,-0.842347389492,1.320819792955,0.955343736711,-1.143812833363,-0.083129335880
528,1,3.394703125913,0.157111544698,0.530935461716,True,0.023804223006,-1.016111775245,-0.402342990831,1.085667401851,1.605942664284,0.955343736711,-1.143812833363,-0.083129335880
530,1,2.512373243063,0.116276100276,0.522900103482,True,0.736230611534,-0.839353886858,-0.402342990831,0.384571114090,0.750574050299,1.264885450087,-0.832336938316,-0.083129335880
534,0,-2.346608521867,-0.108604280256,0.478610080692,False,0.023804223006,-0.485838110085,-0.402342990831,-1.192895533372,-0.675040306343,-1.056677400238,-1.143812833363,-0.083129335880
536,0,-2.327340622282,-0.107712535277,0.478785629270,False,0.023804223006,0.928224997010,-0.402342990831,0.384571114090,-0.389917435015,-1.056677400238,-1.143812833363,-0.083129335880
537,1,3.366918741981,0.155825645072,0.530682517276,True,0.023804223006,-1.016111775245,-0.402342990831,0.559845186030,0.750574050299,1.264885450087,-0.209385148222,-0.083129335880
539,1,0.628497272687,0.029087720984,0.505730182590,True,0.973706074376,-1.016111775245,-0.402342990831,0.034022970210,-0.675040306343,-0.282823116796,1.347994327014,-0.083129335880
