row_id,label,scaled_logit,polynomial_score,plaintext_decision,materialization_schema,source_data_sha256,source_model_sha256,source_feature_space,preprocessing_method,x_0,x_1,x_2,x_3
0,0,-0.54078146105929159,0.39346605217131958,false,flipguard_tabular_validation_v2,sha256:e54051db9ee48fb0aef9de3f276efb2fa94d52c613b2999bdf82a3b34cce9786,sha256:4f8ce6d8ca23d87fc4d3623b97f235f3836ca4c0964286f4a1c634427e1d8e31,model_input,identity_model_input_v1,1.48951549686,0.037854910372999998,-0.28199639278100003,1.362400918466
2,0,-0.56907793174348931,0.38789164744653259,false,flipguard_tabular_validation_v2,sha256:e54051db9ee48fb0aef9de3f276efb2fa94d52c613b2999bdf82a3b34cce9786,sha256:4f8ce6d8ca23d87fc4d3623b97f235f3836ca4c0964286f4a1c634427e1d8e31,model_input,identity_model_input_v1,0.428811901823,-1.085527170849,1.570276746005,-0.28955466779400002
3,1,0.29036303923093265,0.55720151872849377,true,flipguard_tabular_validation_v2,sha256:e54051db9ee48fb0aef9de3f276efb2fa94d52c613b2999bdf82a3b34cce9786,sha256:4f8ce6d8ca23d87fc4d3623b97f235f3836ca4c0964286f4a1c634427e1d8e31,model_input,identity_model_input_v1,-0.65797428037299999,-0.29078340232,-0.105914636002,1.327229573796
4,0,-0.38572966600559289,0.42401125579689819,false,flipguard_tabular_validation_v2,sha256:e54051db9ee48fb0aef9de3f276efb2fa94d52c613b2999bdf82a3b34cce9786,sha256:4f8ce6d8ca23d87fc4d3623b97f235f3836ca4c0964286f4a1c634427e1d8e31,model_input,identity_model_input_v1,0.97155468582799998,-1.063617266919,0.53166494470500003,0.430579807368
6,1,0.47706838568188964,0.59398247197933229,true,flipguard_tabular_validation_v2,sha256:e54051db9ee48fb0aef9de3f276efb2fa94d52c613b2999bdf82a3b34cce9786,sha256:4f8ce6d8ca23d87fc4d3623b97f235f3836ca4c0964286f4a1c634427e1d8e31,model_input,identity_model_input_v1,-1.5815158065499999,0.12549452609200001,-0.16931955540800001,0.019590475717000001
8,0,-0.42102468900874368,0.41705813626527749,false,flipguard_tabular_validation_v2,sha256:e54051db9ee48fb0aef9de3f276efb2fa94d52c613b2999bdf82a3b34cce9786,sha256:4f8ce6d8ca23d87fc4d3623b97f235f3836ca4c0964286f4a1c634427e1d8e31,model_input,identity_model_input_v1,1.134096307152,-0.98550666631499995,0.45590252655399999,0.57004416294500004
9,1,0.27549985618209383,0.55427347166787244,true,flipguard_tabular_validation_v2,sha256:e54051db9ee48fb0aef9de3f276efb2fa94d52c613b2999bdf82a3b34cce9786,sha256:4f8ce6d8ca23d87fc4d3623b97f235f3836ca4c0964286f4a1c634427e1d8e31,model_input,identity_model_input_v1,-0.61333157728400001,-1.439244895007,0.78978867174300005,0.55708497796500001
10,1,0.35602625360600088,0.57013717196038216,true,flipguard_tabular_validation_v2,sha256:e54051db9ee48fb0aef9de3f276efb2fa94d52c613b2999bdf82a3b34cce9786,sha256:4f8ce6d8ca23d87fc4d3623b97f235f3836ca4c0964286f4a1c634427e1d8e31,model_input,identity_model_input_v1,-0.77763078534399999,0.242814120789,-0.836342698198,-0.475910299998
11,0,-0.5333050305879542,0.39493890897417305,false,flipguard_tabular_validation_v2,sha256:e54051db9ee48fb0aef9de3f276efb2fa94d52c613b2999bdf82a3b34cce9786,sha256:4f8ce6d8ca23d87fc4d3623b97f235f3836ca4c0964286f4a1c634427e1d8e31,model_input,identity_model_input_v1,1.0591528087390001,0.759088645811,-0.72092356827699999,0.56325595025700004
16,0,-0.52553890703693684,0.39646883531372346,false,flipguard_tabular_validation_v2,sha256:e54051db9ee48fb0aef9de3f276efb2fa94d52c613b2999bdf82a3b34cce9786,sha256:4f8ce6d8ca23d87fc4d3623b97f235f3836ca4c0964286f4a1c634427e1d8e31,model_input,identity_model_input_v1,0.729710750987,1.343569060384,-1.0406973307680001,-0.85668663529800004
19,0,-0.48788866707636769,0.40388593258595556,false,flipguard_tabular_validation_v2,sha256:e54051db9ee48fb0aef9de3f276efb2fa94d52c613b2999bdf82a3b34cce9786,sha256:4f8ce6d8ca23d87fc4d3623b97f235f3836ca4c0964286f4a1c634427e1d8e31,model_input,identity_model_input_v1,0.16167277867999999,1.1110474299040001,-0.62513806168800001,-0.12663069126599999
21,0,-0.38540710741369,0.42407479983950308,false,flipguard_tabular_validation_v2,sha256:e54051db9ee48fb0aef9de3f276efb2fa94d52c613b2999bdf82a3b34cce9786,sha256:4f8ce6d8ca23d87fc4d3623b97f235f3836ca4c0964286f4a1c634427e1d8e31,model_input,identity_model_input_v1,1.2465467065069999,-0.35050368683499999,-0.20936573228399999,0.81749800434999997
22,1,0.29483768550189904,0.55808302404387411,true,flipguard_tabular_validation_v2,sha256:e54051db9ee48fb0aef9de3f276efb2fa94d52c613b2999bdf82a3b34cce9786,sha256:4f8ce6d8ca23d87fc4d3623b97f235f3836ca4c0964286f4a1c634427e1d8e31,model_input,identity_model_input_v1,-1.6526980693490001,-1.7194628323279999,2.4654050199739999,-0.19143759229900001
23,1,0.14882653925289091,0.5293188282328195,true,flipguard_tabular_validation_v2,sha256:e54051db9ee48fb0aef9de3f276efb2fa94d52c613b2999bdf82a3b34cce9786,sha256:4f8ce6d8ca23d87fc4d3623b97f235f3836ca4c0964286f4a1c634427e1d8e31,model_input,identity_model_input_v1,-0.21020937446400001,-0.25509399606700001,-0.38858611963099998,0.50710253623799995
24,1,0.28477192816964603,0.55610006984942029,true,flipguard_tabular_validation_v2,sha256:e54051db9ee48fb0aef9de3f276efb2fa94d52c613b2999bdf82a3b34cce9786,sha256:4f8ce6d8ca23d87fc4d3623b97f235f3836ca4c0964286f4a1c634427e1d8e31,model_input,identity_model_input_v1,-2.252949091349,0.79937349645,-0.158327475508,-2.6147766456350001
25,0,-0.51848690286578614,0.39785808013544011,false,flipguard_tabular_validation_v2,sha256:e54051db9ee48fb0aef9de3f276efb2fa94d52c613b2999bdf82a3b34cce9786,sha256:4f8ce6d8ca23d87fc4d3623b97f235f3836ca4c0964286f4a1c634427e1d8e31,model_input,identity_model_input_v1,1.705839272298,0.31913162715100002,-0.710705836649,1.087806729555
27,0,-0.49389966101807714,0.40270176677943881,false,flipguard_tabular_validation_v2,sha256:e54051db9ee48fb0aef9de3f276efb2fa94d52c613b2999bdf82a3b34cce9786,sha256:4f8ce6d8ca23d87fc4d3623b97f235f3836ca4c0964286f4a1c634427e1d8e31,model_input,identity_model_input_v1,1.165451654518,-0.28265641613100001,0.14790435611899999,1.5542923389750001
31,0,-0.60594502134777406,0.3806288307944885,false,flipguard_tabular_validation_v2,sha256:e54051db9ee48fb0aef9de3f276efb2fa94d52c613b2999bdf82a3b34cce9786,sha256:4f8ce6d8ca23d87fc4d3623b97f235f3836ca4c0964286f4a1c634427e1d8e31,model_input,identity_model_input_v1,1.3191701904290001,1.606829449301,-1.251329224474,-1.5009378605849999
33,1,0.21993919452837812,0.54332802132209046,true,flipguard_tabular_validation_v2,sha256:e54051db9ee48fb0aef9de3f276efb2fa94d52c613b2999bdf82a3b34cce9786,sha256:4f8ce6d8ca23d87fc4d3623b97f235f3836ca4c0964286f4a1c634427e1d8e31,model_input,identity_model_input_v1,-2.3079264044430001,1.2651169180199999,-0.41331944489099998,-2.4666943084450001
36,1,0.5574035650480561,0.60980850231446704,true,flipguard_tabular_validation_v2,sha256:e54051db9ee48fb0aef9de3f276efb2fa94d52c613b2999bdf82a3b34cce9786,sha256:4f8ce6d8ca23d87fc4d3623b97f235f3836ca4c0964286f4a1c634427e1d8e31,model_input,identity_model_input_v1,-1.241668835322,-0.33283539002700002,-0.15616708965000001,0.54659465912500005
37,0,-0.40874572520387059,0.41947709213483747,false,flipguard_tabular_validation_v2,sha256:e54051db9ee48fb0aef9de3f276efb2fa94d52c613b2999bdf82a3b34cce9786,sha256:4f8ce6d8ca23d87fc4d3623b97f235f3836ca4c0964286f4a1c634427e1d8e31,model_input,identity_model_input_v1,1.3792445050569999,-0.72366367570400003,0.077227894069000005,1.006946042434
40,1,0.29582877664508839,0.55827826899908239,true,flipguard_tabular_validation_v2,sha256:e54051db9ee48fb0aef9de3f276efb2fa94d52c613b2999bdf82a3b34cce9786,sha256:4f8ce6d8ca23d87fc4d3623b97f235f3836ca4c0964286f4a1c634427e1d8e31,model_input,identity_model_input_v1,-1.2604398616600001,-0.21834239493900001,0.30611882837600002,0.45958542920000001
41,1,0.26875547444602532,0.55294482846586701,true,flipguard_tabular_validation_v2,sha256:e54051db9ee48fb0aef9de3f276efb2fa94d52c613b2999bdf82a3b34cce9786,sha256:4f8ce6d8ca23d87fc4d3623b97f235f3836ca4c0964286f4a1c634427e1d8e31,model_input,identity_model_input_v1,-0.154556093511,0.103226003314,-0.98690532658899999,0.27630788618399998
46,0,-0.51759541754039617,0.39803370274454197,false,flipguard_tabular_validation_v2,sha256:e54051db9ee48fb0aef9de3f276efb2fa94d52c613b2999bdf82a3b34cce9786,sha256:4f8ce6d8ca23d87fc4d3623b97f235f3836ca4c0964286f4a1c634427e1d8e31,model_input,identity_model_input_v1,1.680600326772,0.23396818919500001,-0.62768103973900002,1.1297546426680001
47,0,-0.59192559780234022,0.38339065723293897,false,flipguard_tabular_validation_v2,sha256:e54051db9ee48fb0aef9de3f276efb2fa94d52c613b2999bdf82a3b34cce9786,sha256:4f8ce6d8ca23d87fc4d3623b97f235f3836ca4c0964286f4a1c634427e1d8e31,model_input,identity_model_input_v1,0.92779077610799998,0.67250780954900002,-0.43118214747200001,-0.140231550467
52,1,0.3934272032034043,0.57750515903107069,true,flipguard_tabular_validation_v2,sha256:e54051db9ee48fb0aef9de3f276efb2fa94d52c613b2999bdf82a3b34cce9786,sha256:4f8ce6d8ca23d87fc4d3623b97f235f3836ca4c0964286f4a1c634427e1d8e31,model_input,identity_model_input_v1,-0.422967357933,-0.62401886710700005,-0.392315820772,0.51388864914499999
56,0,-0.55120292309376451,0.39141302415052837,false,flipguard_tabular_validation_v2,sha256:e54051db9ee48fb0aef9de3f276efb2fa94d52c613b2999bdf82a3b34cce9786,sha256:4f8ce6d8ca23d87fc4d3623b97f235f3836ca4c0964286f4a1c634427e1d8e31,model_input,identity_model_input_v1,0.50203296523499996,-0.32223415284899998,0.78999485915199996,0.410832314255
57,0,-0.65213276004019038,0.37152984627208252,false,flipguard_tabular_validation_v2,sha256:e54051db9ee48fb0aef9de3f276efb2fa94d52c613b2999bdf82a3b34cce9786,sha256:4f8ce6d8ca23d87fc4d3623b97f235f3836ca4c0964286f4a1c634427e1d8e31,model_input,identity_model_input_v1,0.70412028811399996,0.84601102383299998,-0.32007760364400001,0.78726114684299997
60,1,0.18169669728977378,0.53579424936608544,true,flipguard_tabular_validation_v2,sha256:e54051db9ee48fb0aef9de3f276efb2fa94d52c613b2999bdf82a3b34cce9786,sha256:4f8ce6d8ca23d87fc4d3623b97f235f3836ca4c0964286f4a1c634427e1d8e31,model_input,identity_model_input_v1,-0.72518439714899996,-2.0095854807000002,1.5443658615389999,0.057243380662
61,1,0.51721030158392944,0.60189042941203408,true,flipguard_tabular_validation_v2,sha256:e54051db9ee48fb0aef9de3f276efb2fa94d52c613b2999bdf82a3b34cce9786,sha256:4f8ce6d8ca23d87fc4d3623b97f235f3836ca4c0964286f4a1c634427e1d8e31,model_input,identity_model_input_v1,-1.7866964820839999,0.26718312539400002,-0.16048557039399999,0.120799957094
62,0,-0.54448904169093248,0.39273565878688632,false,flipguard_tabular_validation_v2,sha256:e54051db9ee48fb0aef9de3f276efb2fa94d52c613b2999bdf82a3b34cce9786,sha256:4f8ce6d8ca23d87fc4d3623b97f235f3836ca4c0964286f4a1c634427e1d8e31,model_input,identity_model_input_v1,1.2439454781379999,1.5859783248279999,-1.311787954895,-1.689154662994
63,1,0.30704781685491689,0.56048841992041865,true,flipguard_tabular_validation_v2,sha256:e54051db9ee48fb0aef9de3f276efb2fa94d52c613b2999bdf82a3b34cce9786,sha256:4f8ce6d8ca23d87fc4d3623b97f235f3836ca4c0964286f4a1c634427e1d8e31,model_input,identity_model_input_v1,-0.48481683516500002,-0.327888157628,-0.35953431362600002,0.83909712320600005
65,1,0.33227720959262136,0.56545861028974642,true,flipguard_tabular_validation_v2,sha256:e54051db9ee48fb0aef9de3f276efb2fa94d52c613b2999bdf82a3b34cce9786,sha256:4f8ce6d8ca23d87fc4d3623b97f235f3836ca4c0964286f4a1c634427e1d8e31,model_input,identity_model_input_v1,-2.4267744195160001,0.77888099082600004,-0.065087237941000006,-2.5851410892720001
66,0,-0.47888540702281102,0.40565957481650622,false,flipguard_tabular_validation_v2,sha256:e54051db9ee48fb0aef9de3f276efb2fa94d52c613b2999bdf82a3b34cce9786,sha256:4f8ce6d8ca23d87fc4d3623b97f235f3836ca4c0964286f4a1c634427e1d8e31,model_input,identity_model_input_v1,0.99271603012700005,-0.16639730859900001,0.048774031551999997,0.76072754082399996
72,1,0.35684775435410243,0.5702990076077582,true,flipguard_tabular_validation_v2,sha256:e54051db9ee48fb0aef9de3f276efb2fa94d52c613b2999bdf82a3b34cce9786,sha256:4f8ce6d8ca23d87fc4d3623b97f235f3836ca4c0964286f4a1c634427e1d8e31,model_input,identity_model_input_v1,-0.16900908075599999,0.258354270888,-1.328855690463,-1.462664565571
73,0,-0.50526004043937833,0.40046377203344247,false,flipguard_tabular_validation_v2,sha256:e54051db9ee48fb0aef9de3f276efb2fa94d52c613b2999bdf82a3b34cce9786,sha256:4f8ce6d8ca23d87fc4d3623b97f235f3836ca4c0964286f4a1c634427e1d8e31,model_input,identity_model_input_v1,1.216421669856,1.414234050611,-1.255636250362,-1.624968152031
76,1,0.2518439354148021,0.54961325527671601,true,flipguard_tabular_validation_v2,sha256:e54051db9ee48fb0aef9de3f276efb2fa94d52c613b2999bdf82a3b34cce9786,sha256:4f8ce6d8ca23d87fc4d3623b97f235f3836ca4c0964286f4a1c634427e1d8e31,model_input,identity_model_input_v1,-0.68493566089900004,0.239979324178,-0.76470402823700001,-1.068335093383
77,0,-0.68021934741516565,0.36599678855921236,false,flipguard_tabular_validation_v2,sha256:e54051db9ee48fb0aef9de3f276efb2fa94d52c613b2999bdf82a3b34cce9786,sha256:4f8ce6d8ca23d87fc4d3623b97f235f3836ca4c0964286f4a1c634427e1d8e31,model_input,identity_model_input_v1,0.37411580260600003,1.029060330319,-0.246857476253,-0.47471724217299999
83,0,-0.39580254573987739,0.42202689848924413,false,flipguard_tabular_validation_v2,sha256:e54051db9ee48fb0aef9de3f276efb2fa94d52c613b2999bdf82a3b34cce9786,sha256:4f8ce6d8ca23d87fc4d3623b97f235f3836ca4c0964286f4a1c634427e1d8e31,model_input,identity_model_input_v1,-0.57821499430300005,-0.012676193077999999,1.270732259361,0.90759295903299997
84,1,0.46031376277626551,0.59068181126692432,true,flipguard_tabular_validation_v2,sha256:e54051db9ee48fb0aef9de3f276efb2fa94d52c613b2999bdf82a3b34cce9786,sha256:4f8ce6d8ca23d87fc4d3623b97f235f3836ca4c0964286f4a1c634427e1d8e31,model_input,identity_model_input_v1,-1.686935858961,0.24846663692400001,-0.13634102473699999,0.096733594655999997
85,0,-0.56437250872728939,0.38881861578072396,false,flipguard_tabular_validation_v2,sha256:e54051db9ee48fb0aef9de3f276efb2fa94d52c613b2999bdf82a3b34cce9786,sha256:4f8ce6d8ca23d87fc4d3623b97f235f3836ca4c0964286f4a1c634427e1d8e31,model_input,identity_model_input_v1,1.325708413086,0.10392616392200001,-0.20210106255400001,0.74529891703600004
88,0,-0.41643023977286425,0.41796324276474572,false,flipguard_tabular_validation_v2,sha256:e54051db9ee48fb0aef9de3f276efb2fa94d52c613b2999bdf82a3b34cce9786,sha256:4f8ce6d8ca23d87fc4d3623b97f235f3836ca4c0964286f4a1c634427e1d8e31,model_input,identity_model_input_v1,0.95770490235100003,1.016337899744,-1.123149384874,-0.0069431303020000001
92,0,-0.6010841587379423,0.38158642072862536,false,flipguard_tabular_validation_v2,sha256:e54051db9ee48fb0aef9de3f276efb2fa94d52c613b2999bdf82a3b34cce9786,sha256:4f8ce6d8ca23d87fc4d3623b97f235f3836ca4c0964286f4a1c634427e1d8e31,model_input,identity_model_input_v1,0.12737171594499999,1.426956481186,-0.65496650693500003,-1.339875054263
93,1,0.3342569431605249,0.56584861780262341,true,flipguard_tabular_validation_v2,sha256:e54051db9ee48fb0aef9de3f276efb2fa94d52c613b2999bdf82a3b34cce9786,sha256:4f8ce6d8ca23d87fc4d3623b97f235f3836ca4c0964286f4a1c634427e1d8e31,model_input,identity_model_input_v1,-1.1523131256750001,0.237503146415,-0.52756559754900001,-0.92827010477500005
94,0,-0.51622827940019445,0.39830302895816172,false,flipguard_tabular_validation_v2,sha256:e54051db9ee48fb0aef9de3f276efb2fa94d52c613b2999bdf82a3b34cce9786,sha256:4f8ce6d8ca23d87fc4d3623b97f235f3836ca4c0964286f4a1c634427e1d8e31,model_input,identity_model_input_v1,0.57669524976999997,0.71596899855999996,-0.44570919596000003,-0.491372329404
96,1,0.40783196314722914,0.58034289674000417,true,flipguard_tabular_validation_v2,sha256:e54051db9ee48fb0aef9de3f276efb2fa94d52c613b2999bdf82a3b34cce9786,sha256:4f8ce6d8ca23d87fc4d3623b97f235f3836ca4c0964286f4a1c634427e1d8e31,model_input,identity_model_input_v1,-0.49265215683300001,0.19050700018399999,-1.1396214679250001,-1.071437043727
97,0,-0.62376236242311522,0.37711881460264629,false,flipguard_tabular_validation_v2,sha256:e54051db9ee48fb0aef9de3f276efb2fa94d52c613b2999bdf82a3b34cce9786,sha256:4f8ce6d8ca23d87fc4d3623b97f235f3836ca4c0964286f4a1c634427e1d8e31,model_input,identity_model_input_v1,0.085277513622999998,0.92022804836799998,-0.049783550209999999,0.31580287240999999
98,1,0.34290349290335853,0.56755198810196161,true,flipguard_tabular_validation_v2,sha256:e54051db9ee48fb0aef9de3f276efb2fa94d52c613b2999bdf82a3b34cce9786,sha256:4f8ce6d8ca23d87fc4d3623b97f235f3836ca4c0964286f4a1c634427e1d8e31,model_input,identity_model_input_v1,-0.174405469614,0.28591669095200001,-1.3229678944350001,-1.5317664747719999
103,1,0.53453653200610463,0.60530369680520257,true,flipguard_tabular_validation_v2,sha256:e54051db9ee48fb0aef9de3f276efb2fa94d52c613b2999bdf82a3b34cce9786,sha256:4f8ce6d8ca23d87fc4d3623b97f235f3836ca4c0964286f4a1c634427e1d8e31,model_input,identity_model_input_v1,-1.9159494106320001,0.24139672248399999,-0.069806638648000005,-0.116179504723
106,1,0.43406353287179067,0.58551051597574277,true,flipguard_tabular_validation_v2,sha256:e54051db9ee48fb0aef9de3f276efb2fa94d52c613b2999bdf82a3b34cce9786,sha256:4f8ce6d8ca23d87fc4d3623b97f235f3836ca4c0964286f4a1c634427e1d8e31,model_input,identity_model_input_v1,-0.97940174261000001,-0.37453285738699998,-0.0075609506780000002,1.2297328883700001
110,1,0.17662073130690553,0.53479428406746043,true,flipguard_tabular_validation_v2,sha256:e54051db9ee48fb0aef9de3f276efb2fa94d52c613b2999bdf82a3b34cce9786,sha256:4f8ce6d8ca23d87fc4d3623b97f235f3836ca4c0964286f4a1c634427e1d8e31,model_input,identity_model_input_v1,-0.13517659064500001,-0.284070399019,-0.42176167382700003,1.035951664266
111,1,0.5269223696044335,0.6038037068120734,true,flipguard_tabular_validation_v2,sha256:e54051db9ee48fb0aef9de3f276efb2fa94d52c613b2999bdf82a3b34cce9786,sha256:4f8ce6d8ca23d87fc4d3623b97f235f3836ca4c0964286f4a1c634427e1d8e31,model_input,identity_model_input_v1,-1.079092062263,-0.61341399544700004,0.030904456058000001,0.72925467541099998
112,1,0.4949180824213556,0.5974988622370071,true,flipguard_tabular_validation_v2,sha256:e54051db9ee48fb0aef9de3f276efb2fa94d52c613b2999bdf82a3b34cce9786,sha256:4f8ce6d8ca23d87fc4d3623b97f235f3836ca4c0964286f4a1c634427e1d8e31,model_input,identity_model_input_v1,-1.43205063054,-1.724773806702,1.9966493992309999,1.03471565636
113,0,-0.35159029890324889,0.43073671111605993,false,flipguard_tabular_validation_v2,sha256:e54051db9ee48fb0aef9de3f276efb2fa94d52c613b2999bdf82a3b34cce9786,sha256:4f8ce6d8ca23d87fc4d3623b97f235f3836ca4c0964286f4a1c634427e1d8e31,model_input,identity_model_input_v1,0.83351382360100001,-1.015545264142,0.51734637459800004,0.41762319939300002
123,0,-0.69325111366284897,0.36342953060841876,false,flipguard_tabular_validation_v2,sha256:e54051db9ee48fb0aef9de3f276efb2fa94d52c613b2999bdf82a3b34cce9786,sha256:4f8ce6d8ca23d87fc4d3623b97f235f3836ca4c0964286f4a1c634427e1d8e31,model_input,identity_model_input_v1,0.65592725981900002,0.95697794178700002,-0.309673845153,-0.25810566353800002
125,1,0.230144985876852,0.5453385622177398,true,flipguard_tabular_validation_v2,sha256:e54051db9ee48fb0aef9de3f276efb2fa94d52c613b2999bdf82a3b34cce9786,sha256:4f8ce6d8ca23d87fc4d3623b97f235f3836ca4c0964286f4a1c634427e1d8e31,model_input,identity_model_input_v1,-0.97282836821800001,-1.1321646982310001,1.141177837031,0.62619834052099999
127,0,-0.41442993320484428,0.41835730315864567,false,flipguard_tabular_validation_v2,sha256:e54051db9ee48fb0aef9de3f276efb2fa94d52c613b2999bdf82a3b34cce9786,sha256:4f8ce6d8ca23d87fc4d3623b97f235f3836ca4c0964286f4a1c634427e1d8e31,model_input,identity_model_input_v1,1.008780372892,-1.0215563991250001,0.68713025150200002,1.083463999073
129,1,0.29709019173918355,0.55852676777261911,true,flipguard_tabular_validation_v2,sha256:e54051db9ee48fb0aef9de3f276efb2fa94d52c613b2999bdf82a3b34cce9786,sha256:4f8ce6d8ca23d87fc4d3623b97f235f3836ca4c0964286f4a1c634427e1d8e31,model_input,identity_model_input_v1,-1.148376131387,-2.1170174414340002,1.7540126376209999,-0.35989735713299997
130,0,-0.60399565213184014,0.38101285653002748,false,flipguard_tabular_validation_v2,sha256:e54051db9ee48fb0aef9de3f276efb2fa94d52c613b2999bdf82a3b34cce9786,sha256:4f8ce6d8ca23d87fc4d3623b97f235f3836ca4c0964286f4a1c634427e1d8e31,model_input,identity_model_input_v1,0.054263138082999998,1.451701181727,-0.63473723108799995,-1.2954455808750001
132,0,-0.52754344637659678,0.39607394106381044,false,flipguard_tabular_validation_v2,sha256:e54051db9ee48fb0aef9de3f276efb2fa94d52c613b2999bdf82a3b34cce9786,sha256:4f8ce6d8ca23d87fc4d3623b97f235f3836ca4c0964286f4a1c634427e1d8e31,model_input,identity_model_input_v1,0.50449358666499999,-0.243078556936,0.75132326500699997,1.092101737723
135,0,-0.67387302404057015,0.36724701426400769,false,flipguard_tabular_validation_v2,sha256:e54051db9ee48fb0aef9de3f276efb2fa94d52c613b2999bdf82a3b34cce9786,sha256:4f8ce6d8ca23d87fc4d3623b97f235f3836ca4c0964286f4a1c634427e1d8e31,model_input,identity_model_input_v1,0.083400410989000001,1.58527816422,-0.63004074009199995,-1.3707036684509999
136,0,-0.62973100168575269,0.37594299266790671,false,flipguard_tabular_validation_v2,sha256:e54051db9ee48fb0aef9de3f276efb2fa94d52c613b2999bdf82a3b34cce9786,sha256:4f8ce6d8ca23d87fc4d3623b97f235f3836ca4c0964286f4a1c634427e1d8e31,model_input,identity_model_input_v1,0.97180074797100002,0.86156825101900003,-0.55288082949799999,0.68482520202300001
137,1,0.46133828340350852,0.59088364183049114,true,flipguard_tabular_validation_v2,sha256:e54051db9ee48fb0aef9de3f276efb2fa94d52c613b2999bdf82a3b34cce9786,sha256:4f8ce6d8ca23d87fc4d3623b97f235f3836ca4c0964286f4a1c634427e1d8e31,model_input,identity_model_input_v1,-1.258049543699,-0.41305022941699998,0.233678318489,0.94338469377099998
138,0,-0.492002107525082,0.40307558481755884,false,flipguard_tabular_validation_v2,sha256:e54051db9ee48fb0aef9de3f276efb2fa94d52c613b2999bdf82a3b34cce9786,sha256:4f8ce6d8ca23d87fc4d3623b97f235f3836ca4c0964286f4a1c634427e1d8e31,model_input,identity_model_input_v1,0.19663469402799999,1.106812312075,-0.63416448828299998,-0.21491697028699999
139,1,0.3443447946325271,0.56783592454260789,true,flipguard_tabular_validation_v2,sha256:e54051db9ee48fb0aef9de3f276efb2fa94d52c613b2999bdf82a3b34cce9786,sha256:4f8ce6d8ca23d87fc4d3623b97f235f3836ca4c0964286f4a1c634427e1d8e31,model_input,identity_model_input_v1,-0.45145080857300002,0.25871288973599998,-1.111946535622,-1.1245042557660001
140,0,-0.54745122997553497,0.39215210769481962,false,flipguard_tabular_validation_v2,sha256:e54051db9ee48fb0aef9de3f276efb2fa94d52c613b2999bdf82a3b34cce9786,sha256:4f8ce6d8ca23d87fc4d3623b97f235f3836ca4c0964286f4a1c634427e1d8e31,model_input,identity_model_input_v1,-0.038744836800000002,0.85379817596999996,-0.070768846558999995,0.25038989800200001
141,0,-0.65246427034762744,0.37146453874151741,false,flipguard_tabular_validation_v2,sha256:e54051db9ee48fb0aef9de3f276efb2fa94d52c613b2999bdf82a3b34cce9786,sha256:4f8ce6d8ca23d87fc4d3623b97f235f3836ca4c0964286f4a1c634427e1d8e31,model_input,identity_model_input_v1,1.4201611242659999,1.07252151933,-0.87659506248300001,-0.124817243373
143,0,-0.52858557775287629,0.39586864118268339,false,flipguard_tabular_validation_v2,sha256:e54051db9ee48fb0aef9de3f276efb2fa94d52c613b2999bdf82a3b34cce9786,sha256:4f8ce6d8ca23d87fc4d3623b97f235f3836ca4c0964286f4a1c634427e1d8e31,model_input,identity_model_input_v1,1.070049846501,1.149214721628,-1.0646379799879999,-0.00016656185800000001
144,1,0.24280722167842278,0.54783302267064926,true,flipguard_tabular_validation_v2,sha256:e54051db9ee48fb0aef9de3f276efb2fa94d52c613b2999bdf82a3b34cce9786,sha256:4f8ce6d8ca23d87fc4d3623b97f235f3836ca4c0964286f4a1c634427e1d8e31,model_input,identity_model_input_v1,-1.9772188842409999,0.81315470648199994,-0.32478875685500003,-2.5388504456769998
148,0,-0.53127098981972853,0.39533961500551346,false,flipguard_tabular_validation_v2,sha256:e54051db9ee48fb0aef9de3f276efb2fa94d52c613b2999bdf82a3b34cce9786,sha256:4f8ce6d8ca23d87fc4d3623b97f235f3836ca4c0964286f4a1c634427e1d8e31,model_input,identity_model_input_v1,1.444802490302,1.416010067765,-1.2797830869910001,-1.5385430432160001
151,1,0.28254721574758146,0.55566180150227351,true,flipguard_tabular_validation_v2,sha256:e54051db9ee48fb0aef9de3f276efb2fa94d52c613b2999bdf82a3b34cce9786,sha256:4f8ce6d8ca23d87fc4d3623b97f235f3836ca4c0964286f4a1c634427e1d8e31,model_input,identity_model_input_v1,-1.5591593032710001,-1.3607927526429999,1.9995818423889999,0.088692384917999995
156,0,-0.06202768016048163,0.48778054700838513,false,flipguard_tabular_validation_v2,sha256:e54051db9ee48fb0aef9de3f276efb2fa94d52c613b2999bdf82a3b34cce9786,sha256:4f8ce6d8ca23d87fc4d3623b97f235f3836ca4c0964286f4a1c634427e1d8e31,model_input,identity_model_input_v1,-0.044295295711999999,-0.20101939685100001,-0.13986453846899999,0.36085273586700001
157,0,-0.52556753589022864,0.39646319542962494,false,flipguard_tabular_validation_v2,sha256:e54051db9ee48fb0aef9de3f276efb2fa94d52c613b2999bdf82a3b34cce9786,sha256:4f8ce6d8ca23d87fc4d3623b97f235f3836ca4c0964286f4a1c634427e1d8e31,model_input,identity_model_input_v1,0.91499554467099997,0.20924056574200001,-0.128095819326,0.77985464386799996
158,0,-0.46178075094432119,0.40902919206396871,false,flipguard_tabular_validation_v2,sha256:e54051db9ee48fb0aef9de3f276efb2fa94d52c613b2999bdf82a3b34cce9786,sha256:4f8ce6d8ca23d87fc4d3623b97f235f3836ca4c0964286f4a1c634427e1d8e31,model_input,identity_model_input_v1,1.178492948098,-0.18830550482,-0.060574024642999998,1.3845917940029999
159,0,-0.4687365060560223,0.40765890830696361,false,flipguard_tabular_validation_v2,sha256:e54051db9ee48fb0aef9de3f276efb2fa94d52c613b2999bdf82a3b34cce9786,sha256:4f8ce6d8ca23d87fc4d3623b97f235f3836ca4c0964286f4a1c634427e1d8e31,model_input,identity_model_input_v1,1.2765311362189999,-0.238131324536,-0.062933724996000001,1.445103686867
161,1,0.4035705804328914,0.57950340434527958,true,flipguard_tabular_validation_v2,sha256:e54051db9ee48fb0aef9de3f276efb2fa94d52c613b2999bdf82a3b34cce9786,sha256:4f8ce6d8ca23d87fc4d3623b97f235f3836ca4c0964286f4a1c634427e1d8e31,model_input,identity_model_input_v1,-0.55751062255600004,0.053395060470999997,-0.905827855214,-0.035958296596999999
162,0,-0.73472111100438364,0.35525994113213644,false,flipguard_tabular_validation_v2,sha256:e54051db9ee48fb0aef9de3f276efb2fa94d52c613b2999bdf82a3b34cce9786,sha256:4f8ce6d8ca23d87fc4d3623b97f235f3836ca4c0964286f4a1c634427e1d8e31,model_input,identity_model_input_v1,-1.042674865098,1.8517148915079999,-0.10316776151199999,-3.073913018856
163,0,-0.23092777958799326,0.45450722742116534,false,flipguard_tabular_validation_v2,sha256:e54051db9ee48fb0aef9de3f276efb2fa94d52c613b2999bdf82a3b34cce9786,sha256:4f8ce6d8ca23d87fc4d3623b97f235f3836ca4c0964286f4a1c634427e1d8e31,model_input,identity_model_input_v1,-1.1085843676889999,1.4089401533250001,-0.61826514803599997,-2.0378138816570002
165,0,-0.55999166261357369,0.38968164246512599,false,flipguard_tabular_validation_v2,sha256:e54051db9ee48fb0aef9de3f276efb2fa94d52c613b2999bdf82a3b34cce9786,sha256:4f8ce6d8ca23d87fc4d3623b97f235f3836ca4c0964286f4a1c634427e1d8e31,model_input,identity_model_input_v1,0.023758462697,1.247800750768,-0.52167780152099996,-0.32043100429499999
168,0,-0.35864948378783357,0.4293460516937968,false,flipguard_tabular_validation_v2,sha256:e54051db9ee48fb0aef9de3f276efb2fa94d52c613b2999bdf82a3b34cce9786,sha256:4f8ce6d8ca23d87fc4d3623b97f235f3836ca4c0964286f4a1c634427e1d8e31,model_input,identity_model_input_v1,-0.70771398499500004,0.0060573724799999999,1.3239286110240001,0.99830830378400004
171,1,0.19871575739026223,0.53914700420588169,true,flipguard_tabular_validation_v2,sha256:e54051db9ee48fb0aef9de3f276efb2fa94d52c613b2999bdf82a3b34cce9786,sha256:4f8ce6d8ca23d87fc4d3623b97f235f3836ca4c0964286f4a1c634427e1d8e31,model_input,identity_model_input_v1,0.17782851595499999,-0.16816307950100001,-0.85185257333800002,0.77677178244900003
172,1,0.13544142405617651,0.5266819605390668,true,flipguard_tabular_validation_v2,sha256:e54051db9ee48fb0aef9de3f276efb2fa94d52c613b2999bdf82a3b34cce9786,sha256:4f8ce6d8ca23d87fc4d3623b97f235f3836ca4c0964286f4a1c634427e1d8e31,model_input,identity_model_input_v1,-0.372384011678,-1.6753014827079999,1.2251877515639999,0.92795606998299995
176,0,-0.51894383626975293,0.39776806425485867,false,flipguard_tabular_validation_v2,sha256:e54051db9ee48fb0aef9de3f276efb2fa94d52c613b2999bdf82a3b34cce9786,sha256:4f8ce6d8ca23d87fc4d3623b97f235f3836ca4c0964286f4a1c634427e1d8e31,model_input,identity_model_input_v1,0.76011700151499995,1.4223627445089999,-1.101751713706,-1.339254664194
180,1,0.27967462926965703,0.55509590196612246,true,flipguard_tabular_validation_v2,sha256:e54051db9ee48fb0aef9de3f276efb2fa94d52c613b2999bdf82a3b34cce9786,sha256:4f8ce6d8ca23d87fc4d3623b97f235f3836ca4c0964286f4a1c634427e1d8e31,model_input,identity_model_input_v1,-0.87345441417799996,0.22937445251800001,-0.62433622176199999,-0.65921170416999997
182,1,0.2037256643377087,0.54013395587452862,true,flipguard_tabular_validation_v2,sha256:e54051db9ee48fb0aef9de3f276efb2fa94d52c613b2999bdf82a3b34cce9786,sha256:4f8ce6d8ca23d87fc4d3623b97f235f3836ca4c0964286f4a1c634427e1d8e31,model_input,identity_model_input_v1,-1.430503954213,-1.7537536250720001,2.5258637503950001,-0.039012524627999999
185,1,0.35813416972945677,0.57055243143670298,true,flipguard_tabular_validation_v2,sha256:e54051db9ee48fb0aef9de3f276efb2fa94d52c613b2999bdf82a3b34cce9786,sha256:4f8ce6d8ca23d87fc4d3623b97f235f3836ca4c0964286f4a1c634427e1d8e31,model_input,identity_model_input_v1,-0.92445958125000005,-1.500022251271,0.96942372487999995,0.34789135566000001
186,1,0.1558014773017817,0.53069289102845096,true,flipguard_tabular_validation_v2,sha256:e54051db9ee48fb0aef9de3f276efb2fa94d52c613b2999bdf82a3b34cce9786,sha256:4f8ce6d8ca23d87fc4d3623b97f235f3836ca4c0964286f4a1c634427e1d8e31,model_input,identity_model_input_v1,-0.571079192156,0.247407857467,-0.62158705630099997,-0.36113813727100003
187,0,-0.49629639471715148,0.40222961024072112,false,flipguard_tabular_validation_v2,sha256:e54051db9ee48fb0aef9de3f276efb2fa94d52c613b2999bdf82a3b34cce9786,sha256:4f8ce6d8ca23d87fc4d3623b97f235f3836ca4c0964286f4a1c634427e1d8e31,model_input,identity_model_input_v1,0.43721316642000002,-0.35227116544499998,0.87400477368600005,1.1895984231500001
188,0,-0.37705231432059921,0.42572069407884194,false,flipguard_tabular_validation_v2,sha256:e54051db9ee48fb0aef9de3f276efb2fa94d52c613b2999bdf82a3b34cce9786,sha256:4f8ce6d8ca23d87fc4d3623b97f235f3836ca4c0964286f4a1c634427e1d8e31,model_input,identity_model_input_v1,-0.66750040048100001,-0.054737060871999997,1.4136430438880001,0.947087945258
191,1,0.17879093929204681,0.53522181504053323,true,flipguard_tabular_validation_v2,sha256:e54051db9ee48fb0aef9de3f276efb2fa94d52c613b2999bdf82a3b34cce9786,sha256:4f8ce6d8ca23d87fc4d3623b97f235f3836ca4c0964286f4a1c634427e1d8e31,model_input,identity_model_input_v1,-2.041265344893,0.94002039338300003,-0.30653292361399997,-2.9579000759920002
192,1,0.16339233211982368,0.53218828942760532,true,flipguard_tabular_validation_v2,sha256:e54051db9ee48fb0aef9de3f276efb2fa94d52c613b2999bdf82a3b34cce9786,sha256:4f8ce6d8ca23d87fc4d3623b97f235f3836ca4c0964286f4a1c634427e1d8e31,model_input,identity_model_input_v1,0.29502439949600001,-0.28194942468700002,-0.74369582217600005,1.205633120313
193,1,0.29739215096964094,0.55858625374101922,true,flipguard_tabular_validation_v2,sha256:e54051db9ee48fb0aef9de3f276efb2fa94d52c613b2999bdf82a3b34cce9786,sha256:4f8ce6d8ca23d87fc4d3623b97f235f3836ca4c0964286f4a1c634427e1d8e31,model_input,identity_model_input_v1,-1.0178577403889999,-0.45616304583200001,0.37718475553199998,0.93659858086400005
194,1,0.11348911057757347,0.52235735478378198,true,flipguard_tabular_validation_v2,sha256:e54051db9ee48fb0aef9de3f276efb2fa94d52c613b2999bdf82a3b34cce9786,sha256:4f8ce6d8ca23d87fc4d3623b97f235f3836ca4c0964286f4a1c634427e1d8e31,model_input,identity_model_input_v1,-0.796085446069,-1.4258223038240001,1.628788150891,0.72555142392299998
197,0,-0.06813836877841889,0.48657674135065149,false,flipguard_tabular_validation_v2,sha256:e54051db9ee48fb0aef9de3f276efb2fa94d52c613b2999bdf82a3b34cce9786,sha256:4f8ce6d8ca23d87fc4d3623b97f235f3836ca4c0964286f4a1c634427e1d8e31,model_input,identity_model_input_v1,-0.83106142211099998,1.0244665936420001,-0.69462321870400001,-0.304396307132
201,0,-0.52501301036455095,0.39657243695818345,false,flipguard_tabular_validation_v2,sha256:e54051db9ee48fb0aef9de3f276efb2fa94d52c613b2999bdf82a3b34cce9786,sha256:4f8ce6d8ca23d87fc4d3623b97f235f3836ca4c0964286f4a1c634427e1d8e31,model_input,identity_model_input_v1,1.067905590683,-0.11056206160900001,0.14417007303500001,1.601203372639
202,0,-0.72527887701040583,0.35712006122895001,false,flipguard_tabular_validation_v2,sha256:e54051db9ee48fb0aef9de3f276efb2fa94d52c613b2999bdf82a3b34cce9786,sha256:4f8ce6d8ca23d87fc4d3623b97f235f3836ca4c0964286f4a1c634427e1d8e31,model_input,identity_model_input_v1,0.73979929884999995,1.0453177181140001,-0.367385471987,-0.26736379225700002
203,1,0.23896847595687665,0.54707678976350471,true,flipguard_tabular_validation_v2,sha256:e54051db9ee48fb0aef9de3f276efb2fa94d52c613b2999bdf82a3b34cce9786,sha256:4f8ce6d8ca23d87fc4d3623b97f235f3836ca4c0964286f4a1c634427e1d8e31,model_input,identity_model_input_v1,-0.55547182194300004,-1.400018823825,0.91347820775699995,0.95696169181500002
204,1,0.1745448302790481,0.53438533156497248,true,flipguard_tabular_validation_v2,sha256:e54051db9ee48fb0aef9de3f276efb2fa94d52c613b2999bdf82a3b34cce9786,sha256:4f8ce6d8ca23d87fc4d3623b97f235f3836ca4c0964286f4a1c634427e1d8e31,model_input,identity_model_input_v1,-1.114560162591,-2.510319855623,2.5890716462759999,-0.337706481595
205,1,0.15527539255878683,0.53058925233408105,true,flipguard_tabular_validation_v2,sha256:e54051db9ee48fb0aef9de3f276efb2fa94d52c613b2999bdf82a3b34cce9786,sha256:4f8ce6d8ca23d87fc4d3623b97f235f3836ca4c0964286f4a1c634427e1d8e31,model_input,identity_model_input_v1,0.0042844016649999997,-0.27806267945399998,-0.50597319382700001,1.0316280227100001
206,0,-0.56866938087567109,0.38797213196749281,false,flipguard_tabular_validation_v2,sha256:e54051db9ee48fb0aef9de3f276efb2fa94d52c613b2999bdf82a3b34cce9786,sha256:4f8ce6d8ca23d87fc4d3623b97f235f3836ca4c0964286f4a1c634427e1d8e31,model_input,identity_model_input_v1,0.95939218561700002,1.3251941136750001,-1.048142987224,-0.66536788254500001
210,1,0.36594065916385804,0.57209030985528009,true,flipguard_tabular_validation_v2,sha256:e54051db9ee48fb0aef9de3f276efb2fa94d52c613b2999bdf82a3b34cce9786,sha256:4f8ce6d8ca23d87fc4d3623b97f235f3836ca4c0964286f4a1c634427e1d8e31,model_input,identity_model_input_v1,-1.7233179043919999,0.52480807526399997,-0.46200258325600002,-2.0383865494119999
211,0,-0.19958591794459929,0.46068157416491395,false,flipguard_tabular_validation_v2,sha256:e54051db9ee48fb0aef9de3f276efb2fa94d52c613b2999bdf82a3b34cce9786,sha256:4f8ce6d8ca23d87fc4d3623b97f235f3836ca4c0964286f4a1c634427e1d8e31,model_input,identity_model_input_v1,-0.63477413546100003,1.4312086761030001,-0.98986067946,-2.2254102939970002
213,0,-0.51305408716030931,0.39892834482941908,false,flipguard_tabular_validation_v2,sha256:e54051db9ee48fb0aef9de3f276efb2fa94d52c613b2999bdf82a3b34cce9786,sha256:4f8ce6d8ca23d87fc4d3623b97f235f3836ca4c0964286f4a1c634427e1d8e31,model_input,identity_model_input_v1,1.6100156434640001,0.23786176526300001,-0.60431313332400005,1.106895654748
215,0,-0.5512443254356536,0.39140486788917622,false,flipguard_tabular_validation_v2,sha256:e54051db9ee48fb0aef9de3f276efb2fa94d52c613b2999bdf82a3b34cce9786,sha256:4f8ce6d8ca23d87fc4d3623b97f235f3836ca4c0964286f4a1c634427e1d8e31,model_input,identity_model_input_v1,0.45893693847400002,0.97677028680199995,-0.53757714176799998,-0.60428332192500001
216,1,0.4953960045196466,0.59759301289037037,true,flipguard_tabular_validation_v2,sha256:e54051db9ee48fb0aef9de3f276efb2fa94d52c613b2999bdf82a3b34cce9786,sha256:4f8ce6d8ca23d87fc4d3623b97f235f3836ca4c0964286f4a1c634427e1d8e31,model_input,identity_model_input_v1,-0.77590835034299999,-0.32400107085300001,-0.54091508683099998,0.31950612389700001
220,0,-0.076072360055714869,0.48501374506902417,false,flipguard_tabular_validation_v2,sha256:e54051db9ee48fb0aef9de3f276efb2fa94d52c613b2999bdf82a3b34cce9786,sha256:4f8ce6d8ca23d87fc4d3623b97f235f3836ca4c0964286f4a1c634427e1d8e31,model_input,identity_model_input_v1,0.0048116776860000002,-0.87950918097499997,0.39445867850999999,0.102913634187
221,1,0.46187663396032191,0.59098969689018344,true,flipguard_tabular_validation_v2,sha256:e54051db9ee48fb0aef9de3f276efb2fa94d52c613b2999bdf82a3b34cce9786,sha256:4f8ce6d8ca23d87fc4d3623b97f235f3836ca4c0964286f4a1c634427e1d8e31,model_input,identity_model_input_v1,-2.0388398751970001,-1.201070748392,2.0539694990839998,0.039347513293
222,1,0.46829260265019945,0.59225364272208925,true,flipguard_tabular_validation_v2,sha256:e54051db9ee48fb0aef9de3f276efb2fa94d52c613b2999bdf82a3b34cce9786,sha256:4f8ce6d8ca23d87fc4d3623b97f235f3836ca4c0964286f4a1c634427e1d8e31,model_input,identity_model_input_v1,-0.69737937498900004,-0.297851609051,-0.57959355389,0.34110047052300002
223,1,0.34335823134585192,0.56764157157513284,true,flipguard_tabular_validation_v2,sha256:e54051db9ee48fb0aef9de3f276efb2fa94d52c613b2999bdf82a3b34cce9786,sha256:4f8ce6d8ca23d87fc4d3623b97f235f3836ca4c0964286f4a1c634427e1d8e31,model_input,identity_model_input_v1,-1.0750847645049999,-1.5795331730919999,1.273275237412,0.25409314949
225,0,-0.56895772570056369,0.38791532803698892,false,flipguard_tabular_validation_v2,sha256:e54051db9ee48fb0aef9de3f276efb2fa94d52c613b2999bdf82a3b34cce9786,sha256:4f8ce6d8ca23d87fc4d3623b97f235f3836ca4c0964286f4a1c634427e1d8e31,model_input,identity_model_input_v1,0.94817878224300001,0.66120277727999999,-0.48595010538900002,0.28062675550900001
230,1,0.3264865912645854,0.5643178584791233,true,flipguard_tabular_validation_v2,sha256:e54051db9ee48fb0aef9de3f276efb2fa94d52c613b2999bdf82a3b34cce9786,sha256:4f8ce6d8ca23d87fc4d3623b97f235f3836ca4c0964286f4a1c634427e1d8e31,model_input,identity_model_input_v1,-0.42911539633500001,-1.0812749759319999,0.19619802937700001,0.81071189144300004
232,1,0.31530248421506812,0.5621145893903684,true,flipguard_tabular_validation_v2,sha256:e54051db9ee48fb0aef9de3f276efb2fa94d52c613b2999bdf82a3b34cce9786,sha256:4f8ce6d8ca23d87fc4d3623b97f235f3836ca4c0964286f4a1c634427e1d8e31,model_input,identity_model_input_v1,-0.074033663281000001,0.51208564468899997,-1.492957958748,-2.4012670173439998
233,0,-0.6048671232049676,0.38084117672862139,false,flipguard_tabular_validation_v2,sha256:e54051db9ee48fb0aef9de3f276efb2fa94d52c613b2999bdf82a3b34cce9786,sha256:4f8ce6d8ca23d87fc4d3623b97f235f3836ca4c0964286f4a1c634427e1d8e31,model_input,identity_model_input_v1,-0.54341477693499995,1.282791704121,-0.116317936299,-1.972386590555
235,0,-0.46656135228046097,0.40808741360074918,false,flipguard_tabular_validation_v2,sha256:e54051db9ee48fb0aef9de3f276efb2fa94d52c613b2999bdf82a3b34cce9786,sha256:4f8ce6d8ca23d87fc4d3623b97f235f3836ca4c0964286f4a1c634427e1d8e31,model_input,identity_model_input_v1,1.3635316796400001,-0.84699440538500004,0.383645294365,1.1809606845
236,0,-0.55941373827375052,0.38979549356007115,false,flipguard_tabular_validation_v2,sha256:e54051db9ee48fb0aef9de3f276efb2fa94d52c613b2999bdf82a3b34cce9786,sha256:4f8ce6d8ca23d87fc4d3623b97f235f3836ca4c0964286f4a1c634427e1d8e31,model_input,identity_model_input_v1,0.38532920597999998,0.72375615069699994,-0.19208951833499999,0.80145376272500002
237,1,0.49750649888380716,0.59800878028010995,true,flipguard_tabular_validation_v2,sha256:e54051db9ee48fb0aef9de3f276efb2fa94d52c613b2999bdf82a3b34cce9786,sha256:4f8ce6d8ca23d87fc4d3623b97f235f3836ca4c0964286f4a1c634427e1d8e31,model_input,identity_model_input_v1,-0.61452673626400001,-0.61553155436100004,-0.43373428940800002,0.47254203717499998
239,1,0.28283378133645853,0.55571825492328231,true,flipguard_tabular_validation_v2,sha256:e54051db9ee48fb0aef9de3f276efb2fa94d52c613b2999bdf82a3b34cce9786,sha256:4f8ce6d8ca23d87fc4d3623b97f235f3836ca4c0964286f4a1c634427e1d8e31,model_input,identity_model_input_v1,-0.15582296203000001,0.178143188457,-1.1258756406220001,-0.70302078748899999
242,0,-0.49043800066152832,0.40338371386967892,false,flipguard_tabular_validation_v2,sha256:e54051db9ee48fb0aef9de3f276efb2fa94d52c613b2999bdf82a3b34cce9786,sha256:4f8ce6d8ca23d87fc4d3623b97f235f3836ca4c0964286f4a1c634427e1d8e31,model_input,identity_model_input_v1,0.65452119043000001,-1.490134617307,1.615821253802,0.35899633789199997
245,0,-0.46756748396070602,0.40788920565974091,false,flipguard_tabular_validation_v2,sha256:e54051db9ee48fb0aef9de3f276efb2fa94d52c613b2999bdf82a3b34cce9786,sha256:4f8ce6d8ca23d87fc4d3623b97f235f3836ca4c0964286f4a1c634427e1d8e31,model_input,identity_model_input_v1,1.0443890801589999,-0.34838442021100002,0.26627883890999998,1.741888751316
246,0,-0.39809835865815935,0.42157462334434259,false,flipguard_tabular_validation_v2,sha256:e54051db9ee48fb0aef9de3f276efb2fa94d52c613b2999bdf82a3b34cce9786,sha256:4f8ce6d8ca23d87fc4d3623b97f235f3836ca4c0964286f4a1c634427e1d8e31,model_input,identity_model_input_v1,0.61061667377100004,-1.0296850930229999,0.88559708804500004,0.38121584681699999
247,0,-0.42348056896265907,0.41657432791435617,false,flipguard_tabular_validation_v2,sha256:e54051db9ee48fb0aef9de3f276efb2fa94d52c613b2999bdf82a3b34cce9786,sha256:4f8ce6d8ca23d87fc4d3623b97f235f3836ca4c0964286f4a1c634427e1d8e31,model_input,identity_model_input_v1,-0.30448140572799998,0.38062622111099997,0.40014028712799998,0.39540846269899999
250,0,-0.62211130129054559,0.37744407364576249,false,flipguard_tabular_validation_v2,sha256:e54051db9ee48fb0aef9de3f276efb2fa94d52c613b2999bdf82a3b34cce9786,sha256:4f8ce6d8ca23d87fc4d3623b97f235f3836ca4c0964286f4a1c634427e1d8e31,model_input,identity_model_input_v1,0.94339814632100005,0.66014399782300004,-0.355804612485,0.429348571693
251,0,-0.70493271019373904,0.36112825609183341,false,flipguard_tabular_validation_v2,sha256:e54051db9ee48fb0aef9de3f276efb2fa94d52c613b2999bdf82a3b34cce9786,sha256:4f8ce6d8ca23d87fc4d3623b97f235f3836ca4c0964286f4a1c634427e1d8e31,model_input,identity_model_input_v1,1.856323848615,1.025183831339,-0.91347969907899995,0.34048485268500001
252,0,-0.4242447124924314,0.41642379163899101,false,flipguard_tabular_validation_v2,sha256:e54051db9ee48fb0aef9de3f276efb2fa94d52c613b2999bdf82a3b34cce9786,sha256:4f8ce6d8ca23d87fc4d3623b97f235f3836ca4c0964286f4a1c634427e1d8e31,model_input,identity_model_input_v1,-0.36750143572600003,0.929056902874,-0.206616566823,-0.12109490296
256,0,-0.47500702975957432,0.40642361513736386,false,flipguard_tabular_validation_v2,sha256:e54051db9ee48fb0aef9de3f276efb2fa94d52c613b2999bdf82a3b34cce9786,sha256:4f8ce6d8ca23d87fc4d3623b97f235f3836ca4c0964286f4a1c634427e1d8e31,model_input,identity_model_input_v1,0.33214463135599998,1.1788947006070001,-0.82477329355100004,0.26149965246500001
257,0,-0.51337324845944909,0.39886547005348849,false,flipguard_tabular_validation_v2,sha256:e54051db9ee48fb0aef9de3f276efb2fa94d52c613b2999bdf82a3b34cce9786,sha256:4f8ce6d8ca23d87fc4d3623b97f235f3836ca4c0964286f4a1c634427e1d8e31,model_input,identity_model_input_v1,1.2466873134459999,0.64778018609599997,-0.76449784082700001,0.58547164139800001
258,1,0.26432135888926622,0.5520713077011854,true,flipguard_tabular_validation_v2,sha256:e54051db9ee48fb0aef9de3f276efb2fa94d52c613b2999bdf82a3b34cce9786,sha256:4f8ce6d8ca23d87fc4d3623b97f235f3836ca4c0964286f4a1c634427e1d8e31,model_input,identity_model_input_v1,-1.040917278362,-1.8661208642439999,1.716921813616,0.15782769973800001
259,1,0.38576005133821373,0.57599473011362812,true,flipguard_tabular_validation_v2,sha256:e54051db9ee48fb0aef9de3f276efb2fa94d52c613b2999bdf82a3b34cce9786,sha256:4f8ce6d8ca23d87fc4d3623b97f235f3836ca4c0964286f4a1c634427e1d8e31,model_input,identity_model_input_v1,-0.56239671368199995,0.071770007181000003,-0.891509285107,-0.11679989479199999
260,0,-0.51903409820652824,0.39775028265331391,false,flipguard_tabular_validation_v2,sha256:e54051db9ee48fb0aef9de3f276efb2fa94d52c613b2999bdf82a3b34cce9786,sha256:4f8ce6d8ca23d87fc4d3623b97f235f3836ca4c0964286f4a1c634427e1d8e31,model_input,identity_model_input_v1,0.358895101474,-1.2763465523840001,1.669819445391,-0.24884753481899999
261,0,-0.62667910822472039,0.37654421567973007,false,flipguard_tabular_validation_v2,sha256:e54051db9ee48fb0aef9de3f276efb2fa94d52c613b2999bdf82a3b34cce9786,sha256:4f8ce6d8ca23d87fc4d3623b97f235f3836ca4c0964286f4a1c634427e1d8e31,model_input,identity_model_input_v1,-0.103687666687,1.289144380864,-0.33499640820999999,-0.31422710360700001
262,0,-0.47327108997747885,0.40676559527443668,false,flipguard_tabular_validation_v2,sha256:e54051db9ee48fb0aef9de3f276efb2fa94d52c613b2999bdf82a3b34cce9786,sha256:4f8ce6d8ca23d87fc4d3623b97f235f3836ca4c0964286f4a1c634427e1d8e31,model_input,identity_model_input_v1,-0.219969605125,0.85166353996699995,-0.102578981909,0.25347753165199999
263,0,-0.42240791385646465,0.41678564097027648,false,flipguard_tabular_validation_v2,sha256:e54051db9ee48fb0aef9de3f276efb2fa94d52c613b2999bdf82a3b34cce9786,sha256:4f8ce6d8ca23d87fc4d3623b97f235f3836ca4c0964286f4a1c634427e1d8e31,model_input,identity_model_input_v1,0.67378434105399998,-1.1035434987099999,1.049103703813,0.67556707330400001
266,0,-0.5392652506033897,0.39376474563113223,false,flipguard_tabular_validation_v2,sha256:e54051db9ee48fb0aef9de3f276efb2fa94d52c613b2999bdf82a3b34cce9786,sha256:4f8ce6d8ca23d87fc4d3623b97f235f3836ca4c0964286f4a1c634427e1d8e31,model_input,identity_model_input_v1,0.024183798688,1.4043464166470001,-0.70090047983899995,-1.5231287361220001
268,1,0.12529239824962984,0.52468260245517706,true,flipguard_tabular_validation_v2,sha256:e54051db9ee48fb0aef9de3f276efb2fa94d52c613b2999bdf82a3b34cce9786,sha256:4f8ce6d8ca23d87fc4d3623b97f235f3836ca4c0964286f4a1c634427e1d8e31,model_input,identity_model_input_v1,-0.78518840830799996,-1.4904761590669999,1.736944902054,0.89771921247599995
269,0,-0.54774809827705584,0.39209362463941999,false,flipguard_tabular_validation_v2,sha256:e54051db9ee48fb0aef9de3f276efb2fa94d52c613b2999bdf82a3b34cce9786,sha256:4f8ce6d8ca23d87fc4d3623b97f235f3836ca4c0964286f4a1c634427e1d8e31,model_input,identity_model_input_v1,1.5566553101659999,0.089444793280999996,-0.35364422662700001,1.348179669196
270,0,-0.69892386804106776,0.36231199799590963,false,flipguard_tabular_validation_v2,sha256:e54051db9ee48fb0aef9de3f276efb2fa94d52c613b2999bdf82a3b34cce9786,sha256:4f8ce6d8ca23d87fc4d3623b97f235f3836ca4c0964286f4a1c634427e1d8e31,model_input,identity_model_input_v1,-0.16356583463499999,1.133315952682,0.017960468681999998,-1.302842539387
271,1,0.293511590059084,0.55782178324163956,true,flipguard_tabular_validation_v2,sha256:e54051db9ee48fb0aef9de3f276efb2fa94d52c613b2999bdf82a3b34cce9786,sha256:4f8ce6d8ca23d87fc4d3623b97f235f3836ca4c0964286f4a1c634427e1d8e31,model_input,identity_model_input_v1,-0.88607388694099998,0.30746797603300002,-0.75744164947899995,-1.2843262819500001
273,1,0.41726557077818205,0.58220131744330184,true,flipguard_tabular_validation_v2,sha256:e54051db9ee48fb0aef9de3f276efb2fa94d52c613b2999bdf82a3b34cce9786,sha256:4f8ce6d8ca23d87fc4d3623b97f235f3836ca4c0964286f4a1c634427e1d8e31,model_input,identity_model_input_v1,-0.95722099800500005,-0.071694609275999993,-0.47986528583600002,0.013434297342000001
274,0,-0.65987166049464319,0.3700052828825553,false,flipguard_tabular_validation_v2,sha256:e54051db9ee48fb0aef9de3f276efb2fa94d52c613b2999bdf82a3b34cce9786,sha256:4f8ce6d8ca23d87fc4d3623b97f235f3836ca4c0964286f4a1c634427e1d8e31,model_input,identity_model_input_v1,1.476860872362,1.0944314232600001,-0.89994005918599995,-0.13837038026099999
275,1,0.27065138038049863,0.55331832193495822,true,flipguard_tabular_validation_v2,sha256:e54051db9ee48fb0aef9de3f276efb2fa94d52c613b2999bdf82a3b34cce9786,sha256:4f8ce6d8ca23d87fc4d3623b97f235f3836ca4c0964286f4a1c634427e1d8e31,model_input,identity_model_input_v1,-1.1911909442699999,0.343159089995,-0.356590415612,0.015915857617000002
276,0,-0.46769646499125295,0.40786379639672316,false,flipguard_tabular_validation_v2,sha256:e54051db9ee48fb0aef9de3f276efb2fa94d52c613b2999bdf82a3b34cce9786,sha256:4f8ce6d8ca23d87fc4d3623b97f235f3836ca4c0964286f4a1c634427e1d8e31,model_input,identity_model_input_v1,0.39889777558,0.28379913203700002,0.0065743417319999997,0.39910694195500002
277,0,-0.44899967786010131,0.41154706346156006,false,flipguard_tabular_validation_v2,sha256:e54051db9ee48fb0aef9de3f276efb2fa94d52c613b2999bdf82a3b34cce9786,sha256:4f8ce6d8ca23d87fc4d3623b97f235f3836ca4c0964286f4a1c634427e1d8e31,model_input,identity_model_input_v1,1.138279363583,-0.186539733919,-0.093744996895999994,1.05382844271
278,1,0.3392306114430072,0.56682843045427245,true,flipguard_tabular_validation_v2,sha256:e54051db9ee48fb0aef9de3f276efb2fa94d52c613b2999bdf82a3b34cce9786,sha256:4f8ce6d8ca23d87fc4d3623b97f235f3836ca4c0964286f4a1c634427e1d8e31,model_input,identity_model_input_v1,-1.050408246735,-1.569645539128,1.2534583363839999,0.29111611990300001
280,0,-0.1113358428695797,0.47806683895469282,false,flipguard_tabular_validation_v2,sha256:e54051db9ee48fb0aef9de3f276efb2fa94d52c613b2999bdf82a3b34cce9786,sha256:4f8ce6d8ca23d87fc4d3623b97f235f3836ca4c0964286f4a1c634427e1d8e31,model_input,identity_model_input_v1,-0.062082073476999997,-1.0830509930859999,0.73404934202899996,0.101052463981
281,0,-0.75179390350774766,0.35189660100897369,false,flipguard_tabular_validation_v2,sha256:e54051db9ee48fb0aef9de3f276efb2fa94d52c613b2999bdf82a3b34cce9786,sha256:4f8ce6d8ca23d87fc4d3623b97f235f3836ca4c0964286f4a1c634427e1d8e31,model_input,identity_model_input_v1,-1.141626998322,1.62520439601,0.268432351854,-2.0896403135570001
283,1,0.51483811641286115,0.60142310893333362,true,flipguard_tabular_validation_v2,sha256:e54051db9ee48fb0aef9de3f276efb2fa94d52c613b2999bdf82a3b34cce9786,sha256:4f8ce6d8ca23d87fc4d3623b97f235f3836ca4c0964286f4a1c634427e1d8e31,model_input,identity_model_input_v1,-1.365930217541,-0.44308711953500002,0.26685158171399997,0.91561507984500001
286,1,0.28979401082463174,0.55708942013245244,true,flipguard_tabular_validation_v2,sha256:e54051db9ee48fb0aef9de3f276efb2fa94d52c613b2999bdf82a3b34cce9786,sha256:4f8ce6d8ca23d87fc4d3623b97f235f3836ca4c0964286f4a1c634427e1d8e31,model_input,identity_model_input_v1,-1.511106881915,-2.4926450695229998,2.6181211613099999,-0.77522464703399996
287,1,0.29259771632591414,0.55764175011620509,true,flipguard_tabular_validation_v2,sha256:e54051db9ee48fb0aef9de3f276efb2fa94d52c613b2999bdf82a3b34cce9786,sha256:4f8ce6d8ca23d87fc4d3623b97f235f3836ca4c0964286f4a1c634427e1d8e31,model_input,identity_model_input_v1,-0.91465224726399996,-1.5357133652320001,1.203011150182,0.41206832216200001
288,1,0.45852567088983187,0.59032955716529689,true,flipguard_tabular_validation_v2,sha256:e54051db9ee48fb0aef9de3f276efb2fa94d52c613b2999bdf82a3b34cce9786,sha256:4f8ce6d8ca23d87fc4d3623b97f235f3836ca4c0964286f4a1c634427e1d8e31,model_input,identity_model_input_v1,-0.903017023074,-0.58089921985699999,-0.03406748766,0.78540952109899997
294,1,0.39607517120331404,0.57802680872705281,true,flipguard_tabular_validation_v2,sha256:e54051db9ee48fb0aef9de3f276efb2fa94d52c613b2999bdf82a3b34cce9786,sha256:4f8ce6d8ca23d87fc4d3623b97f235f3836ca4c0964286f4a1c634427e1d8e31,model_input,identity_model_input_v1,-1.0830993600209999,-1.2883517452619999,1.0848428548010001,0.88414698666400005
299,0,-0.42153340786026378,0.41695791865152804,false,flipguard_tabular_validation_v2,sha256:e54051db9ee48fb0aef9de3f276efb2fa94d52c613b2999bdf82a3b34cce9786,sha256:4f8ce6d8ca23d87fc4d3623b97f235f3836ca4c0964286f4a1c634427e1d8e31,model_input,identity_model_input_v1,-0.31776173110299999,0.69865283130800004,0.0053830366990000001,0.018349695579
303,0,-0.50244841158489273,0.40101766291777613,false,flipguard_tabular_validation_v2,sha256:e54051db9ee48fb0aef9de3f276efb2fa94d52c613b2999bdf82a3b34cce9786,sha256:4f8ce6d8ca23d87fc4d3623b97f235f3836ca4c0964286f4a1c634427e1d8e31,model_input,identity_model_input_v1,1.0406629962789999,-0.13247196553900001,0.085864855557999997,1.2118370210010001
304,1,0.37526473578976383,0.5739271529505835,true,flipguard_tabular_validation_v2,sha256:e54051db9ee48fb0aef9de3f276efb2fa94d52c613b2999bdf82a3b34cce9786,sha256:4f8ce6d8ca23d87fc4d3623b97f235f3836ca4c0964286f4a1c634427e1d8e31,model_input,identity_model_input_v1,-2.4162288991019998,1.045676336963,-0.216039331439,-0.96406183951299995
305,1,0.16615744263632723,0.53273301619935642,true,flipguard_tabular_validation_v2,sha256:e54051db9ee48fb0aef9de3f276efb2fa94d52c613b2999bdf82a3b34cce9786,sha256:4f8ce6d8ca23d87fc4d3623b97f235f3836ca4c0964286f4a1c634427e1d8e31,model_input,identity_model_input_v1,0.119392272164,0.27249409976799999,-1.1451197988470001,-0.093320516803000006
306,0,-0.46209071334954449,0.40896812947013972,false,flipguard_tabular_validation_v2,sha256:e54051db9ee48fb0aef9de3f276efb2fa94d52c613b2999bdf82a3b34cce9786,sha256:4f8ce6d8ca23d87fc4d3623b97f235f3836ca4c0964286f4a1c634427e1d8e31,model_input,identity_model_input_v1,1.1726226084,1.38914780831,-1.2915586790469999,-1.7730504892200001
307,1,0.34741147819211743,0.56844006120384716,true,flipguard_tabular_validation_v2,sha256:e54051db9ee48fb0aef9de3f276efb2fa94d52c613b2999bdf82a3b34cce9786,sha256:4f8ce6d8ca23d87fc4d3623b97f235f3836ca4c0964286f4a1c634427e1d8e31,model_input,identity_model_input_v1,-0.81823103894000004,-1.497546073508,0.93938909222300004,0.60028178400900001
308,0,-0.46043165986308926,0.40929496300697144,false,flipguard_tabular_validation_v2,sha256:e54051db9ee48fb0aef9de3f276efb2fa94d52c613b2999bdf82a3b34cce9786,sha256:4f8ce6d8ca23d87fc4d3623b97f235f3836ca4c0964286f4a1c634427e1d8e31,model_input,identity_model_input_v1,1.454609824287,-0.89822566944500004,0.28176580433800003,0.83662987962500002
309,1,0.14017643937588309,0.52761475855704898,true,flipguard_tabular_validation_v2,sha256:e54051db9ee48fb0aef9de3f276efb2fa94d52c613b2999bdf82a3b34cce9786,sha256:4f8ce6d8ca23d87fc4d3623b97f235f3836ca4c0964286f4a1c634427e1d8e31,model_input,identity_model_input_v1,0.34581865616000002,0.26330662641300001,-1.236804466957,-0.10754176607300001
312,0,-0.59796945445653427,0.38220001747206273,false,flipguard_tabular_validation_v2,sha256:e54051db9ee48fb0aef9de3f276efb2fa94d52c613b2999bdf82a3b34cce9786,sha256:4f8ce6d8ca23d87fc4d3623b97f235f3836ca4c0964286f4a1c634427e1d8e31,model_input,identity_model_input_v1,0.280893402141,-0.34873791593300002,1.173755447739,0.21336215535799999
313,0,-0.40440727264383369,0.42033176728916477,false,flipguard_tabular_validation_v2,sha256:e54051db9ee48fb0aef9de3f276efb2fa94d52c613b2999bdf82a3b34cce9786,sha256:4f8ce6d8ca23d87fc4d3623b97f235f3836ca4c0964286f4a1c634427e1d8e31,model_input,identity_model_input_v1,0.92515439600399996,-1.0240325768880001,0.73365987692199996,1.045205020754
314,1,0.18472703127289694,0.53639122516076065,true,flipguard_tabular_validation_v2,sha256:e54051db9ee48fb0aef9de3f276efb2fa94d52c613b2999bdf82a3b34cce9786,sha256:4f8ce6d8ca23d87fc4d3623b97f235f3836ca4c0964286f4a1c634427e1d8e31,model_input,identity_model_input_v1,-0.31635566171500001,-0.32576786637900002,-0.32851845799700002,0.35961672796100003
315,1,0.3237951974702229,0.56378765390163388,true,flipguard_tabular_validation_v2,sha256:e54051db9ee48fb0aef9de3f276efb2fa94d52c613b2999bdf82a3b34cce9786,sha256:4f8ce6d8ca23d87fc4d3623b97f235f3836ca4c0964286f4a1c634427e1d8e31,model_input,identity_model_input_v1,-1.4512434776950001,0.36013371548700002,-0.39545674231099998,-1.2904824603239999
317,1,0.31598607428004449,0.56224925663316871,true,flipguard_tabular_validation_v2,sha256:e54051db9ee48fb0aef9de3f276efb2fa94d52c613b2999bdf82a3b34cce9786,sha256:4f8ce6d8ca23d87fc4d3623b97f235f3836ca4c0964286f4a1c634427e1d8e31,model_input,identity_model_input_v1,-0.741248739913,-0.38866756314200002,0.057800458148,1.4845700397049999
319,1,0.29483088469351676,0.55808168428462279,true,flipguard_tabular_validation_v2,sha256:e54051db9ee48fb0aef9de3f276efb2fa94d52c613b2999bdf82a3b34cce9786,sha256:4f8ce6d8ca23d87fc4d3623b97f235f3836ca4c0964286f4a1c634427e1d8e31,model_input,identity_model_input_v1,-0.27627916896600002,0.20252927015,-1.088991004026,-0.81841334028500001
321,0,-0.49521706606138843,0.4024422379859065,false,flipguard_tabular_validation_v2,sha256:e54051db9ee48fb0aef9de3f276efb2fa94d52c613b2999bdf82a3b34cce9786,sha256:4f8ce6d8ca23d87fc4d3623b97f235f3836ca4c0964286f4a1c634427e1d8e31,model_input,identity_model_input_v1,0.80760699511599998,1.2294258040579999,-1.0846610684260001,0.085017766817999996
324,0,-0.56601403736241163,0.38849523463960489,false,flipguard_tabular_validation_v2,sha256:e54051db9ee48fb0aef9de3f276efb2fa94d52c613b2999bdf82a3b34cce9786,sha256:4f8ce6d8ca23d87fc4d3623b97f235f3836ca4c0964286f4a1c634427e1d8e31,model_input,identity_model_input_v1,0.21470268567100001,1.154867237763,-0.53384744062599998,-0.29141583800100002
327,0,-0.39446511550380131,0.42229037224575117,false,flipguard_tabular_validation_v2,sha256:e54051db9ee48fb0aef9de3f276efb2fa94d52c613b2999bdf82a3b34cce9786,sha256:4f8ce6d8ca23d87fc4d3623b97f235f3836ca4c0964286f4a1c634427e1d8e31,model_input,identity_model_input_v1,1.1508636846119999,-0.88763787487199997,0.29356430610599998,0.60460160778100003
329,0,-0.65960318612228863,0.37005817233390914,false,flipguard_tabular_validation_v2,sha256:e54051db9ee48fb0aef9de3f276efb2fa94d52c613b2999bdf82a3b34cce9786,sha256:4f8ce6d8ca23d87fc4d3623b97f235f3836ca4c0964286f4a1c634427e1d8e31,model_input,identity_model_input_v1,0.76138246396499998,0.64388661002799996,-0.14615554543100001,-0.13774999019199999
330,1,0.20502834877859294,0.54039058470938284,true,flipguard_tabular_validation_v2,sha256:e54051db9ee48fb0aef9de3f276efb2fa94d52c613b2999bdf82a3b34cce9786,sha256:4f8ce6d8ca23d87fc4d3623b97f235f3836ca4c0964286f4a1c634427e1d8e31,model_input,identity_model_input_v1,-0.66665675884700004,-0.557571917621,0.21484653508400001,0.56263890075
332,1,0.47528702124376643,0.59363154318502198,true,flipguard_tabular_validation_v2,sha256:e54051db9ee48fb0aef9de3f276efb2fa94d52c613b2999bdf82a3b34cce9786,sha256:4f8ce6d8ca23d87fc4d3623b97f235f3836ca4c0964286f4a1c634427e1d8e31,model_input,identity_model_input_v1,-0.95040156146999999,-0.68515484221900003,0.079587594422999994,0.78849715474899995
333,1,0.32823625646404547,0.56466254252341697,true,flipguard_tabular_validation_v2,sha256:e54051db9ee48fb0aef9de3f276efb2fa94d52c613b2999bdf82a3b34cce9786,sha256:4f8ce6d8ca23d87fc4d3623b97f235f3836ca4c0964286f4a1c634427e1d8e31,model_input,identity_model_input_v1,-2.4656170863770002,1.175359743387,-0.260206965535,-1.305896767418
335,1,0.28957337358546514,0.55704595459633666,true,flipguard_tabular_validation_v2,sha256:e54051db9ee48fb0aef9de3f276efb2fa94d52c613b2999bdf82a3b34cce9786,sha256:4f8ce6d8ca23d87fc4d3623b97f235f3836ca4c0964286f4a1c634427e1d8e31,model_input,identity_model_input_v1,-0.67365195405599998,-1.536071984081,0.980008011904,0.72246856250400004
336,0,-0.48141253246533933,0.40516173110432818,false,flipguard_tabular_validation_v2,sha256:e54051db9ee48fb0aef9de3f276efb2fa94d52c613b2999bdf82a3b34cce9786,sha256:4f8ce6d8ca23d87fc4d3623b97f235f3836ca4c0964286f4a1c634427e1d8e31,model_input,identity_model_input_v1,1.2972355079660001,-0.19502021583000001,-0.122599779376,0.93227971153900002
338,0,-0.65320079239539908,0.37131944389810634,false,flipguard_tabular_validation_v2,sha256:e54051db9ee48fb0aef9de3f276efb2fa94d52c613b2999bdf82a3b34cce9786,sha256:4f8ce6d8ca23d87fc4d3623b97f235f3836ca4c0964286f4a1c634427e1d8e31,model_input,identity_model_input_v1,0.23066157323200001,1.4354437939319999,-0.60706229878399998,-1.354668971288
339,0,-0.59602619784180066,0.38258283902516527,false,flipguard_tabular_validation_v2,sha256:e54051db9ee48fb0aef9de3f276efb2fa94d52c613b2999bdf82a3b34cce9786,sha256:4f8ce6d8ca23d87fc4d3623b97f235f3836ca4c0964286f4a1c634427e1d8e31,model_input,identity_model_input_v1,1.1506176224689999,0.117707373955,-0.013265469008,0.84280037469400004
340,0,-0.57965388520551198,0.38580818461451416,false,flipguard_tabular_validation_v2,sha256:e54051db9ee48fb0aef9de3f276efb2fa94d52c613b2999bdf82a3b34cce9786,sha256:4f8ce6d8ca23d87fc4d3623b97f235f3836ca4c0964286f4a1c634427e1d8e31,model_input,identity_model_input_v1,1.238672717931,0.13468199944600001,-0.12848986637500001,0.91499946200799998
342,0,-0.65898201441220594,0.37018054316079541,false,flipguard_tabular_validation_v2,sha256:e54051db9ee48fb0aef9de3f276efb2fa94d52c613b2999bdf82a3b34cce9786,sha256:4f8ce6d8ca23d87fc4d3623b97f235f3836ca4c0964286f4a1c634427e1d8e31,model_input,identity_model_input_v1,1.4197393034500001,1.0827677721419999,-0.86697298337100004,-0.18466102385499999
344,0,-0.4781641972143581,0.40580165314877148,false,flipguard_tabular_validation_v2,sha256:e54051db9ee48fb0aef9de3f276efb2fa94d52c613b2999bdf82a3b34cce9786,sha256:4f8ce6d8ca23d87fc4d3623b97f235f3836ca4c0964286f4a1c634427e1d8e31,model_input,identity_model_input_v1,0.62692707867899999,0.31525512817000001,-0.16873077580500001,0.38306270033000001
345,0,-0.84941418630402998,0.33266540529810606,false,flipguard_tabular_validation_v2,sha256:e54051db9ee48fb0aef9de3f276efb2fa94d52c613b2999bdf82a3b34cce9786,sha256:4f8ce6d8ca23d87fc4d3623b97f235f3836ca4c0964286f4a1c634427e1d8e31,model_input,identity_model_input_v1,-0.85190640079699997,1.6739765593960001,0.26980693458400001,-0.99059544553199996
355,0,-0.51569362962608278,0.39840835496366167,false,flipguard_tabular_validation_v2,sha256:e54051db9ee48fb0aef9de3f276efb2fa94d52c613b2999bdf82a3b34cce9786,sha256:4f8ce6d8ca23d87fc4d3623b97f235f3836ca4c0964286f4a1c634427e1d8e31,model_input,identity_model_input_v1,1.2533309913070001,1.45417735949,-1.269175890256,-1.697792401644
357,0,-0.38787146788396809,0.4235893208268583,false,flipguard_tabular_validation_v2,sha256:e54051db9ee48fb0aef9de3f276efb2fa94d52c613b2999bdf82a3b34cce9786,sha256:4f8ce6d8ca23d87fc4d3623b97f235f3836ca4c0964286f4a1c634427e1d8e31,model_input,identity_model_input_v1,0.90037242302999998,-1.0756224597970001,0.56268469498600004,0.18312529785100001
358,1,0.13067740439108733,0.52574344866504419,true,flipguard_tabular_validation_v2,sha256:e54051db9ee48fb0aef9de3f276efb2fa94d52c613b2999bdf82a3b34cce9786,sha256:4f8ce6d8ca23d87fc4d3623b97f235f3836ca4c0964286f4a1c634427e1d8e31,model_input,identity_model_input_v1,-1.662927224151,0.74848377415,-0.27708913243400002,-2.0736056163950001
361,1,0.31337305430005746,0.56173449169711132,true,flipguard_tabular_validation_v2,sha256:e54051db9ee48fb0aef9de3f276efb2fa94d52c613b2999bdf82a3b34cce9786,sha256:4f8ce6d8ca23d87fc4d3623b97f235f3836ca4c0964286f4a1c634427e1d8e31,model_input,identity_model_input_v1,-0.78462598055199995,-1.3509051186800001,0.88756732329099997,0.71382605162299995
363,0,-0.60162133385455152,0.38148059723065336,false,flipguard_tabular_validation_v2,sha256:e54051db9ee48fb0aef9de3f276efb2fa94d52c613b2999bdf82a3b34cce9786,sha256:4f8ce6d8ca23d87fc4d3623b97f235f3836ca4c0964286f4a1c634427e1d8e31,model_input,identity_model_input_v1,1.27027412744,1.5435759152749999,-1.2051890641609999,-1.421957432596
364,1,0.38751022169404775,0.57633951367372738,true,flipguard_tabular_validation_v2,sha256:e54051db9ee48fb0aef9de3f276efb2fa94d52c613b2999bdf82a3b34cce9786,sha256:4f8ce6d8ca23d87fc4d3623b97f235f3836ca4c0964286f4a1c634427e1d8e31,model_input,identity_model_input_v1,-0.83802146558500001,-1.447014970056,0.79746342532000003,0.56263890075
365,0,-0.58763451606806738,0.38423600033459071,false,flipguard_tabular_validation_v2,sha256:e54051db9ee48fb0aef9de3f276efb2fa94d52c613b2999bdf82a3b34cce9786,sha256:4f8ce6d8ca23d87fc4d3623b97f235f3836ca4c0964286f4a1c634427e1d8e31,model_input,identity_model_input_v1,1.1235859384719999,0.87217312267900005,-0.73741856104100001,0.51142140556299998
366,1,0.19334249171607343,0.53808847086806644,true,flipguard_tabular_validation_v2,sha256:e54051db9ee48fb0aef9de3f276efb2fa94d52c613b2999bdf82a3b34cce9786,sha256:4f8ce6d8ca23d87fc4d3623b97f235f3836ca4c0964286f4a1c634427e1d8e31,model_input,identity_model_input_v1,0.167725907398,0.26224784695600001,-1.222669174547,-0.24388441426900001
369,1,0.23426981663857049,0.54615115387779833,true,flipguard_tabular_validation_v2,sha256:e54051db9ee48fb0aef9de3f276efb2fa94d52c613b2999bdf82a3b34cce9786,sha256:4f8ce6d8ca23d87fc4d3623b97f235f3836ca4c0964286f4a1c634427e1d8e31,model_input,identity_model_input_v1,-1.041163340505,-1.1003671603380001,1.1651184862499999,0.54597760961800001
370,0,-0.5460509176698255,0.39242796921904438,false,flipguard_tabular_validation_v2,sha256:e54051db9ee48fb0aef9de3f276efb2fa94d52c613b2999bdf82a3b34cce9786,sha256:4f8ce6d8ca23d87fc4d3623b97f235f3836ca4c0964286f4a1c634427e1d8e31,model_input,identity_model_input_v1,0.91007430181100002,1.1690070666429999,-0.97787889999400002,0.111541828375
373,0,-0.43158965193358356,0.41497683856908402,false,flipguard_tabular_validation_v2,sha256:e54051db9ee48fb0aef9de3f276efb2fa94d52c613b2999bdf82a3b34cce9786,sha256:4f8ce6d8ca23d87fc4d3623b97f235f3836ca4c0964286f4a1c634427e1d8e31,model_input,identity_model_input_v1,1.1428490890959999,-1.2484255134719999,0.56307416009300004,-0.024838997671
374,1,0.36520979172094648,0.57194632896902642,true,flipguard_tabular_validation_v2,sha256:e54051db9ee48fb0aef9de3f276efb2fa94d52c613b2999bdf82a3b34cce9786,sha256:4f8ce6d8ca23d87fc4d3623b97f235f3836ca4c0964286f4a1c634427e1d8e31,model_input,identity_model_input_v1,-2.515743460081,0.837882329935,-0.15616708965000001,-3.048572470661
375,0,-0.62240325892682435,0.37738655799141563,false,flipguard_tabular_validation_v2,sha256:e54051db9ee48fb0aef9de3f276efb2fa94d52c613b2999bdf82a3b34cce9786,sha256:4f8ce6d8ca23d87fc4d3623b97f235f3836ca4c0964286f4a1c634427e1d8e31,model_input,identity_model_input_v1,0.22848216567999999,0.77075229692799996,0.041901117900999998,0.90512571545099996
376,1,0.29330454221581104,0.55778099481651477,true,flipguard_tabular_validation_v2,sha256:e54051db9ee48fb0aef9de3f276efb2fa94d52c613b2999bdf82a3b34cce9786,sha256:4f8ce6d8ca23d87fc4d3623b97f235f3836ca4c0964286f4a1c634427e1d8e31,model_input,identity_model_input_v1,-1.1387797078099999,-0.24449253982399999,0.24545391054599999,0.67680308120999999
388,0,-0.49857762156201518,0.40178020855228302,false,flipguard_tabular_validation_v2,sha256:e54051db9ee48fb0aef9de3f276efb2fa94d52c613b2999bdf82a3b34cce9786,sha256:4f8ce6d8ca23d87fc4d3623b97f235f3836ca4c0964286f4a1c634427e1d8e31,model_input,identity_model_input_v1,1.157331603799,1.4577123167099999,-1.2664267247950001,-1.8002044853079999
391,0,-0.3358669837172028,0.43383420420771102,false,flipguard_tabular_validation_v2,sha256:e54051db9ee48fb0aef9de3f276efb2fa94d52c613b2999bdf82a3b34cce9786,sha256:4f8ce6d8ca23d87fc4d3623b97f235f3836ca4c0964286f4a1c634427e1d8e31,model_input,identity_model_input_v1,-0.33620233113499998,-0.55581297755500003,1.3099995060239999,0.38059545674799999
393,0,-0.57612261193586722,0.38650384544863414,false,flipguard_tabular_validation_v2,sha256:e54051db9ee48fb0aef9de3f276efb2fa94d52c613b2999bdf82a3b34cce9786,sha256:4f8ce6d8ca23d87fc4d3623b97f235f3836ca4c0964286f4a1c634427e1d8e31,model_input,identity_model_input_v1,0.49560019778199998,0.71632761740899997,-0.25902940632900001,-0.38705135322099998
394,1,0.43683286466376986,0.58605607433876261,true,flipguard_tabular_validation_v2,sha256:e54051db9ee48fb0aef9de3f276efb2fa94d52c613b2999bdf82a3b34cce9786,sha256:4f8ce6d8ca23d87fc4d3623b97f235f3836ca4c0964286f4a1c634427e1d8e31,model_input,identity_model_input_v1,-1.229365728171,-1.4537262656479999,1.6688343277669999,1.441381346455
396,0,-0.32365209929052785,0.43624053643976601,false,flipguard_tabular_validation_v2,sha256:e54051db9ee48fb0aef9de3f276efb2fa94d52c613b2999bdf82a3b34cce9786,sha256:4f8ce6d8ca23d87fc4d3623b97f235f3836ca4c0964286f4a1c634427e1d8e31,model_input,identity_model_input_v1,-0.40443184821799999,-1.1088373959960001,1.598936795932,-0.72029626478999997
397,0,-0.55661641674760665,0.39034656590072148,false,flipguard_tabular_validation_v2,sha256:e54051db9ee48fb0aef9de3f276efb2fa94d52c613b2999bdf82a3b34cce9786,sha256:4f8ce6d8ca23d87fc4d3623b97f235f3836ca4c0964286f4a1c634427e1d8e31,model_input,identity_model_input_v1,0.15834039422900001,0.100049664942,0.70793227015399995,0.67618269114100005
399,0,-0.61323650965709564,0.37919240759755213,false,flipguard_tabular_validation_v2,sha256:e54051db9ee48fb0aef9de3f276efb2fa94d52c613b2999bdf82a3b34cce9786,sha256:4f8ce6d8ca23d87fc4d3623b97f235f3836ca4c0964286f4a1c634427e1d8e31,model_input,identity_model_input_v1,0.26883635713300003,1.0499114547920001,-0.35835675441999998,-0.47161529182900003
400,0,-0.54886009931382296,0.39187456043517688,false,flipguard_tabular_validation_v2,sha256:e54051db9ee48fb0aef9de3f276efb2fa94d52c613b2999bdf82a3b34cce9786,sha256:4f8ce6d8ca23d87fc4d3623b97f235f3836ca4c0964286f4a1c634427e1d8e31,model_input,identity_model_input_v1,0.53201739494699996,-0.18159250152,0.74896356465299996,1.25068298377
402,0,-0.49463579757071019,0.4025567478785701,false,flipguard_tabular_validation_v2,sha256:e54051db9ee48fb0aef9de3f276efb2fa94d52c613b2999bdf82a3b34cce9786,sha256:4f8ce6d8ca23d87fc4d3623b97f235f3836ca4c0964286f4a1c634427e1d8e31,model_input,identity_model_input_v1,1.2431018365049999,-1.072087502577,0.77409551890499995,1.1155333933989999
403,1,0.18970133188676847,0.53737116238169336,true,flipguard_tabular_validation_v2,sha256:e54051db9ee48fb0aef9de3f276efb2fa94d52c613b2999bdf82a3b34cce9786,sha256:4f8ce6d8ca23d87fc4d3623b97f235f3836ca4c0964286f4a1c634427e1d8e31,model_input,identity_model_input_v1,-0.68588475773699997,-1.7632826401870001,1.7137831830479999,1.035331274197
404,1,0.36600670488901038,0.57210332086313509,true,flipguard_tabular_validation_v2,sha256:e54051db9ee48fb0aef9de3f276efb2fa94d52c613b2999bdf82a3b34cce9786,sha256:4f8ce6d8ca23d87fc4d3623b97f235f3836ca4c0964286f4a1c634427e1d8e31,model_input,identity_model_input_v1,-1.0713235288909999,-0.43460663762399998,0.30160561507799999,1.143307779555
409,1,0.28401143050150979,0.55595025180879742,true,flipguard_tabular_validation_v2,sha256:e54051db9ee48fb0aef9de3f276efb2fa94d52c613b2999bdf82a3b34cce9786,sha256:4f8ce6d8ca23d87fc4d3623b97f235f3836ca4c0964286f4a1c634427e1d8e31,model_input,identity_model_input_v1,-0.0062716642700000004,0.28697547040900001,-1.318660868546,-1.246052986936
