row_id,label,raw_logit,scaled_logit,polynomial_score,plaintext_decision,x_0,x_1,x_2,x_3,x_4,x_5,x_6,x_7,x_8,x_9,x_10,x_11,x_12,x_13,x_14,x_15
0,0,-2.773719475848,-0.088051055594,0.482653942048,False,-0.168445281626,-0.738704023447,-0.687861575716,-0.381671547931,-0.397504016671,0.111074145730,0.167368958005,-0.594211894547,-0.487975475682,-0.852892175754,-0.511697362285,-0.510930572023,-0.348885499296,0.177220314923,-1.045792137247,-0.249781977539
3,1,3.037931570830,0.096438404808,0.518998365747,True,-0.168445281626,-0.102948920026,0.239211047768,-0.381671547931,-0.397504016671,2.060110956557,1.444198628697,0.974990472674,-0.458476850524,1.127270963572,1.240934348706,-0.510930572023,-0.233594210670,2.199761068763,0.927677388498,-0.249781977539
4,1,8.248513279419,0.261847064081,0.551583871624,True,-0.168445281626,0.174152614706,0.301892919640,-0.381671547931,-0.082247535438,0.358404594031,-0.155773219824,-0.594211894547,3.332096482264,0.775688415055,1.406749370420,0.908106594918,-0.348885499296,-1.381446733621,-0.170645844036,-0.249781977539
6,0,-2.430476618922,-0.077154893909,0.484800485900,False,-0.168445281626,-0.058226836889,-1.163779491778,-0.381671547931,-0.338293408521,-0.245118138932,-0.658930674801,-0.594211894547,-0.487975475682,-1.405797588362,-0.792307399032,-0.510930572023,-0.348885499296,-0.692703503597,0.483518692863,-0.249781977539
7,0,-2.096874186908,-0.066564765187,0.486886741258,False,-0.168445281626,-0.738704023447,-1.166101042588,-0.381671547931,0.393037616473,0.895425954153,-0.679588165621,-0.587855171994,-0.485517256919,-0.393742109417,0.948041717759,-0.201238421583,-0.348885499296,-1.381446733621,1.321346874909,-0.249781977539
10,1,2.281201114386,0.072416179031,0.514265987269,True,-0.168445281626,-0.724673565992,1.557851907882,-0.381671547931,-0.397504016671,-0.031493865906,-0.618599383199,-0.594211894547,-0.487975475682,0.093032300018,-1.081893177694,-0.510930572023,-0.348885499296,0.223479188581,-0.126742183841,-0.249781977539
11,0,-1.480998257809,-0.047013932400,0.490738255317,False,-0.035361706730,1.204514334042,-0.482017403890,-0.381671547931,-0.397504016671,-0.277913336496,0.672493793059,-0.594211894547,-0.487975475682,-0.559488168003,0.164790133709,-0.461934500461,0.438469642541,0.959766260976,1.175733068597,-0.249781977539
12,0,-3.387116198671,-0.107523186577,0.478817932244,False,-0.168445281626,-0.738704023447,-0.192597402903,-0.381671547931,-0.397504016671,-1.612951170694,0.346400545113,-0.594211894547,-0.487975475682,0.183020690412,-1.618075655316,-0.510930572023,-0.348885499296,0.318566873323,-1.210430862976,-0.249781977539
14,0,-5.727037651998,-0.181803428601,0.464184724566,False,-0.168445281626,-0.738704023447,-1.166101042588,-0.381671547931,0.287418693826,0.803872694285,1.938994718342,-0.522471740027,-0.487975475682,-1.194848059252,0.473744618612,-0.510930572023,-0.348885499296,1.961399372551,-0.857006398410,-0.249781977539
17,0,-4.739659726400,-0.150459354560,0.470359507152,False,-0.168445281626,-0.738704023447,-1.166101042588,-0.381671547931,4.308939187938,0.016787952731,0.418209917964,-0.546082423793,-0.487975475682,-1.692504785664,-0.173453614288,-0.510930572023,-0.348885499296,-1.381446733621,1.567207371998,-0.249781977539
18,0,-3.398921986834,-0.107897958474,0.478744102181,False,-0.168445281626,-0.666797928991,-0.713398634626,0.772322882150,-0.397504016671,-1.543716864724,0.501823571283,0.797910344429,-0.465851506814,0.060803899737,-2.239291477406,-0.510930572023,1.419851587188,0.689922831303,-1.210430862976,-0.249781977539
19,1,5.103325477178,0.162003836083,0.531914755708,True,-0.168445281626,-0.361635479349,1.680894100815,-0.381671547931,-0.397504016671,-0.020106644529,-2.076428021078,-0.594211894547,-0.487975475682,0.678166112907,0.383987199450,-0.145771170758,-0.348885499296,-0.191565705631,-0.297234730930,-0.249781977539
22,0,-3.943621647856,-0.125189317803,0.475337704393,False,-0.168445281626,-0.738704023447,-1.166101042588,-0.381671547931,-0.397504016671,0.333808195857,0.363123275777,-0.427120901741,-0.487975475682,-1.413750050769,-0.387454197867,-0.510930572023,-0.348885499296,0.860823670096,-1.179698300840,-0.249781977539
24,1,6.681135371775,0.212091030537,0.541781933016,True,-0.168445281626,0.827445789945,0.664828696279,-0.381671547931,-0.397504016671,0.448591387334,1.913418777326,1.093951994726,-0.487975475682,0.896231003118,0.486499620282,-0.510930572023,-0.348885499296,1.721110223270,0.713281181214,-0.249781977539
25,0,-2.461570037354,-0.078141946976,0.484606036446,False,-0.168445281626,-0.738704023447,-1.166101042588,-0.381671547931,3.875261490403,0.492773806275,0.633638036517,-0.561520178563,0.292508981620,-0.013698116496,0.821436515994,-0.510930572023,-0.348885499296,-1.381446733621,1.867215716661,-0.249781977539
26,0,-4.641110874842,-0.147330945043,0.470975803827,False,-0.168445281626,-0.738704023447,-1.166101042588,-0.381671547931,-0.397504016671,1.533110351245,0.992193055752,0.459187842708,-0.487975475682,-1.525084524466,0.072198269732,-0.510930572023,-0.348885499296,1.084408226111,-0.720173324137,-0.249781977539
27,0,-0.847420087250,-0.026901146228,0.494700474193,False,-0.168445281626,-0.669428639764,0.750726076251,-0.381671547931,-0.397504016671,0.334263684712,1.102858185145,0.090497934669,-0.487975475682,-0.261898653723,0.249823478178,-0.510930572023,0.854643074655,0.886523044351,-1.210430862976,-0.249781977539
30,0,-4.593301916892,-0.145813261206,0.471274787542,False,-0.168445281626,-0.738704023447,-1.166101042588,-0.381671547931,-0.397504016671,-0.392696527973,0.306561098531,0.105935689439,-0.487975475682,-0.942462015495,-1.018590576812,-0.510930572023,-0.348885499296,0.961051229689,-1.210430862976,-0.249781977539
34,0,-2.470016873524,-0.078410089752,0.484553212319,False,-0.168445281626,-0.738704023447,-1.166101042588,-0.381671547931,0.623478902248,0.331530751582,0.358696670601,-0.594211894547,-0.480600819393,-0.561580921268,0.161955688894,-0.510930572023,-0.348885499296,-1.381446733621,0.828162425390,-0.249781977539
36,1,0.381846342466,0.012121620020,0.502387959144,True,-0.168445281626,-0.738704023447,-0.682444623826,-0.381671547931,-0.351095702175,-0.821311540590,-1.195041746085,-0.594211894547,-0.452331303616,-0.493357164830,-0.496580323269,-0.510930572023,-0.348885499296,-1.381446733621,-0.337479752775,-0.249781977539
40,1,1.389008343154,0.044093734752,0.508686465746,True,-0.168445281626,0.267981298935,0.561132760096,-0.381671547931,-0.397504016671,0.260929979046,-0.644667169234,-0.014842039057,-0.487975475682,-0.357328202606,-0.898599079618,1.022738913290,-0.348885499296,0.668720847543,0.469615867135,-0.249781977539
42,1,-0.024620702487,-0.000781578261,0.499846029083,False,-0.168445281626,-0.533508583170,-0.576427136833,0.359164382491,-0.397504016671,0.307389842263,0.097035120212,-0.462536927390,-0.487975475682,0.010577821378,0.390128496551,-0.510930572023,-0.348885499296,-0.186425830781,-0.360895038212,-0.249781977539
46,1,9.878023892953,0.313575485384,0.561774370621,True,-0.168445281626,-0.738704023447,1.653035491094,1.228221916256,-0.397504016671,0.397121146711,0.084738994724,3.084514256849,2.737207541580,1.168288927566,0.272026629233,0.635392611695,1.748853557170,1.469898839931,-0.705538770739,-0.249781977539
49,0,-2.062710205046,-0.065480237825,0.487100393148,False,-0.168445281626,-0.354620250622,0.537143401726,-0.381671547931,-0.397504016671,-0.467396700204,2.612330550074,0.054173805798,2.568819556304,0.508234547791,1.354312141331,-0.457312229559,2.662747918231,0.139956222253,-0.807248916856,-0.249781977539
50,1,5.015861302218,0.159227306950,0.531367779469,True,-0.168445281626,0.346025718527,-0.692504677336,-0.381671547931,-0.397504016671,0.596625265230,1.574045713852,-0.594211894547,-0.487975475682,0.903346364219,-0.807424438048,-0.510930572023,-0.348885499296,0.121324175919,2.269665935111,-0.249781977539
52,0,-3.066076905090,-0.097331871654,0.480825621284,False,-0.168445281626,-0.738704023447,-0.423204783369,-0.381671547931,-0.397504016671,-1.798790623561,-0.946168166205,-0.594211894547,-0.487975475682,-0.587112511101,-1.972853664737,-0.510930572023,-0.348885499296,-0.767231688935,-1.210430862976,-0.249781977539
53,0,-3.660802175731,-0.116211281891,0.477106377467,False,-0.168445281626,-0.738704023447,-1.166101042588,-0.381671547931,0.965940257496,0.474554252072,0.645442316985,-0.594211894547,0.946395172620,-1.459372071945,-0.181012133796,-0.510930572023,-0.348885499296,-1.381446733621,1.634526317630,-0.249781977539
57,1,5.802309148012,0.184192904082,0.536286002104,True,-0.168445281626,-0.046827090207,2.254317150900,-0.381671547931,-0.397504016671,0.950540105616,-1.881165548326,-0.594211894547,-0.487975475682,1.219770657884,2.059616492951,0.463444134137,-0.348885499296,-0.915645575256,-0.127473911511,-0.249781977539
58,1,0.856358639870,0.027184898424,0.505355424990,True,-0.168445281626,-0.609799195581,-0.749769597317,1.253866236925,-0.397504016671,0.792485472908,0.582977999505,-0.172851999645,-0.487975475682,0.729647843226,-0.305727705684,0.030799577702,-0.348885499296,0.366110715694,-1.210430862976,-0.249781977539
59,1,2.889550032594,0.091728068674,0.518070429529,True,-0.168445281626,-0.738704023447,1.164735970712,-0.381671547931,-0.397504016671,-0.553939582666,0.220980065133,-0.591487584881,-0.487975475682,0.888278540711,0.083063641525,-0.508157209482,-0.348885499296,0.011459350980,-0.892129326566,-0.249781977539
61,1,4.785987334285,0.151930013296,0.529930212619,True,1.288469643558,-0.134517449300,-1.143659384757,-0.381671547931,0.681089223691,0.577494733317,0.179173238473,-0.589671378438,1.485974191133,0.375553990791,0.499727029422,0.272082118791,-0.348885499296,-1.381446733621,-0.495532929475,4.275013612912
62,0,-3.338109309425,-0.105967474701,0.479124407484,False,-0.168445281626,-0.738704023447,-0.082710664560,-0.381671547931,-0.397504016671,-1.489513690972,0.527399512299,-0.594211894547,-0.487975475682,0.308585886311,-1.455095078418,-0.510930572023,-0.348885499296,-0.007815179711,-1.210430862976,-0.249781977539
64,1,9.128997837917,0.289797833972,0.557090173292,True,-0.168445281626,-0.438802995350,0.513154043355,-0.381671547931,-0.397504016671,-0.395884949958,-2.129547283187,-0.028463587383,-0.487975475682,0.712487266453,0.829467442972,0.022479490078,-0.348885499296,-1.381446733621,-1.210430862976,-0.249781977539
65,0,-1.255908233749,-0.039868503889,0.492145904734,False,-0.168445281626,-0.196777604255,1.223548591233,1.544501871167,-0.397504016671,-1.709970296823,-0.722870527339,-0.082041677468,-0.481829928774,-0.193674897284,-1.422971370507,-0.510930572023,0.789967473718,0.803642562379,-0.110644175103,-0.249781977539
67,1,1.879344170042,0.059659327282,0.511752887475,True,-0.168445281626,-0.274822023848,-0.839536228640,-0.381671547931,2.900686885981,-0.254683404888,0.077853164451,1.053995452968,2.547924696817,-0.859170435549,-2.111741460703,2.206964718405,-0.348885499296,-0.023877288620,1.383543726851,0.461486956306
69,1,-0.499866891743,-0.015868153884,0.496873973685,False,-0.168445281626,-0.346728118303,-0.318734996916,-0.381671547931,-0.397504016671,0.262751934467,0.141301171970,-0.594211894547,-0.487975475682,-0.202464460997,-0.438001797079,-0.510930572023,-0.348885499296,0.496535040036,-0.084301978986,-0.249781977539
72,0,-2.971667191049,-0.094334858058,0.481416032963,False,-0.168445281626,-0.701874072628,-0.418561681749,-0.381671547931,-0.397504016671,1.196048598497,2.481991619899,-0.594211894547,-0.487975475682,0.376391092097,0.195969026681,-0.510930572023,-0.348885499296,1.007310103347,-0.739929971225,-0.249781977539
73,1,7.500552464172,0.238103228449,0.546906336004,True,-0.168445281626,0.762554924216,1.511420891681,-0.381671547931,-0.397504016671,1.846942172386,-0.414975545115,-0.481607095047,-0.487975475682,2.119236011174,2.770589734202,1.567242425556,-0.348885499296,-0.984391401387,-0.336748025105,-0.249781977539
74,0,-0.451059481513,-0.014318774421,0.497179201439,False,-0.168445281626,-0.365143093713,0.523987947135,-0.381671547931,-0.397504016671,0.044117284035,-2.101020272054,-0.594211894547,-0.487975475682,-1.346363395636,-0.655309232943,-0.510930572023,-0.348885499296,0.201634720464,-0.360895038212,-0.249781977539
75,0,-5.664383776675,-0.179814496444,0.464576544201,False,-0.168445281626,-0.738704023447,-1.166101042588,-0.381671547931,-0.397504016671,0.959649882717,1.655200142074,1.414512432011,-0.285172427722,-0.145960122843,-0.011890259798,-0.510930572023,-0.348885499296,2.407283515869,-1.128477363946,-0.249781977539
79,0,-2.360862096612,-0.074944997693,0.485235835454,False,-0.168445281626,-0.738704023447,-0.106700022931,-0.381671547931,-0.397504016671,-1.590176727941,-0.837470416889,-0.594211894547,-0.487975475682,-0.818571022208,-1.486746378859,-0.510930572023,-0.348885499296,-0.837904968136,-0.720173324137,-0.249781977539
80,0,-3.674513315360,-0.116646538711,0.477020631874,False,-0.168445281626,-0.738704023447,-0.516066815771,-0.381671547931,-0.397504016671,-1.789680846460,-0.205941411816,-0.594211894547,-0.487975475682,-0.772530450378,-1.071500213370,-0.510930572023,-0.348885499296,-0.119607457719,-1.194332854238,-0.249781977539
84,0,-0.763848886659,-0.024248198627,0.495223104870,False,-0.168445281626,0.383732572937,-1.166101042588,-0.381671547931,-0.397504016671,-0.591289668782,-1.936744035532,-0.594211894547,-0.487975475682,-1.469835838270,-0.543348662726,-0.510930572023,-0.348885499296,-1.381446733621,0.323270333153,-0.249781977539
86,0,-1.662896075941,-0.052788234753,0.489600717754,False,-0.168445281626,-0.727304276765,-0.425526334179,-0.338931013484,-0.397504016671,-0.267892581685,0.518054456928,0.677132615933,-0.487975475682,-0.675845249536,0.569170927404,-0.510930572023,-0.348885499296,1.298998001137,-0.147230558599,-0.249781977539
90,0,-1.195443369249,-0.037949061353,0.492524034913,False,-0.168445281626,0.112769363341,1.649166239744,-0.381671547931,-0.397504016671,-0.788060854170,0.179173238473,-0.594211894547,0.306029184818,-0.295382705963,-0.674677939184,-0.510930572023,-0.289833863658,1.534147275567,-0.351382578503,-0.249781977539
92,0,-4.288559076942,-0.136139273272,0.473180563165,False,-0.168445281626,-0.738704023447,-0.052530504029,-0.381671547931,-0.397504016671,-1.638458546578,0.924318443057,-0.594211894547,-0.487975475682,0.189298950207,-1.204246712235,-0.510930572023,-0.348885499296,0.522876898647,-1.210430862976,-0.249781977539
93,1,0.690843158402,0.021930649396,0.504320337931,True,-0.168445281626,1.219421695088,1.160092869092,-0.381671547931,-0.397504016671,-0.523421829377,-0.512360858982,-0.594211894547,-0.487975475682,-0.221299240382,0.654204271873,0.154676437878,-0.348885499296,0.336556435301,-0.636024642098,-0.249781977539
94,0,-2.854386456354,-0.090611809429,0.482149473542,False,0.770144141329,1.807824004598,0.633100835208,-0.381671547931,0.258613533104,-0.223254673889,0.887430066593,-0.594211894547,-0.487975475682,-0.720630169407,0.441148503232,-0.510930572023,3.121101090086,1.287433282723,0.940116758886,-0.249781977539
98,0,-1.613943149470,-0.051234235912,0.489906855525,False,-0.168445281626,-0.102072016435,-0.523031468202,-0.381671547931,-0.397504016671,-0.964790529936,-1.020928609173,-0.594211894547,-0.487975475682,-1.014034177157,-1.190074488157,-0.510930572023,-0.348885499296,-1.055707164944,0.115459674899,-0.249781977539
99,0,-3.003405312196,-0.095342377057,0.481217551720,False,-0.168445281626,1.998112083829,1.188725329082,-0.381671547931,-0.397504016671,-1.335558457959,0.126053976365,-0.590579481660,-0.481829928774,-0.345190233669,-0.075192860680,-0.510930572023,-0.073311199653,0.415582011134,1.022070257916,-0.249781977539
100,1,2.434071535241,0.077269013661,0.515221995691,True,-0.168445281626,-0.042442572253,0.369217893131,-0.381671547931,-0.397504016671,1.437002202826,0.811194088566,-0.105652361234,0.661241796094,0.348766748999,-0.256597328880,-0.193842788140,-0.348885499296,1.022087243544,1.424520476366,-0.249781977539
103,1,5.561996603407,0.176564240330,0.534783155345,True,-0.168445281626,-0.326559335712,2.297652766021,-0.381671547931,-0.373499716070,1.544953061477,-1.648031009070,-0.594211894547,-0.202822099156,2.341904958568,2.583043968902,-0.237292134619,-0.348885499296,-0.229472282657,0.577179834611,-0.137264858061
104,1,0.171291438214,0.005437605382,0.501071208260,True,-0.168445281626,1.158038443723,0.451246021753,-0.381671547931,-0.397504016671,-1.269512573975,-1.129134513469,-0.594211894547,-0.487975475682,-0.362769361095,0.178489950318,-0.510930572023,-0.348885499296,0.172722924428,-0.115766268792,-0.249781977539
108,0,2.005899559499,0.063676797588,0.512544329125,True,-0.168445281626,-0.335328371621,1.610473726243,0.048583165506,-0.397504016671,0.609834442027,-0.784351154780,-0.522471740027,-0.487975475682,0.247896041627,-0.275021220181,-0.510930572023,-0.348885499296,0.939849245929,0.315221328784,-0.249781977539
109,1,-0.883271602323,-0.028039243924,0.494476268947,False,-0.168445281626,1.097532095949,-0.745900345967,-0.381671547931,1.567648059242,1.861973304603,0.083755304685,0.905974627820,-0.487975475682,-1.283580797687,2.044027046465,-0.298306110527,-0.348885499296,-0.516020305596,1.520376801124,-0.249781977539
112,1,3.730410772860,0.118420990014,0.523328935033,True,-0.168445281626,-0.700997169037,-1.121991577197,2.849512856296,-0.186266171378,1.011120123340,-0.547281855368,0.494603868357,0.444918544936,0.658494232216,1.694917926675,-0.316795194135,-0.348885499296,-1.232390362944,-0.041861774132,-0.249781977539
113,1,4.712361822844,0.149592789197,0.529469779472,True,5.049831734057,3.166147666940,-0.402310826078,-0.381671547931,0.658685209797,-1.607940793289,-0.240862408203,-0.594211894547,-0.487975475682,0.535858890888,1.505482531497,-0.510930572023,-0.348885499296,-0.056643990795,-0.026495493064,-0.249781977539
116,1,9.159830446625,0.290776607697,0.557282991716,True,-0.168445281626,-0.738704023447,0.970499552937,-0.381671547931,-0.397504016671,-0.258782804584,-1.834932116490,-0.594211894547,-0.487975475682,0.748482622610,2.056309640666,-0.356546723893,-0.348885499296,-0.826340249721,-1.210430862976,-0.249781977539
119,1,5.012508546140,0.159120874517,0.531346812280,True,-0.168445281626,0.177660229070,1.209619286373,-0.361725965189,0.151394323751,2.401727597856,-0.613189087985,2.163697589973,2.348808977001,0.027319847498,0.626804638655,2.544390494258,0.140399481703,1.613815335757,-0.158206473647,-0.249781977539
120,1,-2.496891926924,-0.079263231839,0.484385143328,False,-0.168445281626,-0.356374057804,-0.774532805958,-0.381671547931,-0.397504016671,1.270748770727,0.774797557121,-0.024831174496,-0.487975475682,-0.698865535451,0.096291050665,-0.510930572023,-0.348885499296,0.563353413098,-0.865055402779,2.486795106917
122,1,1.008782542898,0.032023558453,0.506308641015,True,-0.168445281626,-0.605414677626,-1.119670026387,-0.381671547931,0.690690943932,2.416303241218,0.900709882120,2.185492067295,2.112819975738,0.645519161973,-0.287776221851,3.929222856524,-0.348885499296,0.014029288406,0.321806877813,-0.249781977539
125,0,-5.826729893220,-0.184968134747,0.463561277455,False,3.943136742812,2.257675546742,0.061999335933,-0.381671547931,-0.330291974987,-0.518866940826,1.644871396664,-0.027555484161,-0.355231662472,-1.309112387520,0.981110240608,-0.510930572023,6.104614681119,1.392158232811,0.310830962764,-0.249781977539
128,0,-5.198043010632,-0.165010621332,0.467492907598,False,-0.168445281626,-0.738704023447,-1.166101042588,-0.381671547931,-0.397504016671,-0.561227404347,0.620358220989,-0.594211894547,-0.487975475682,-1.363523972409,-0.811676105272,-0.510930572023,-0.348885499296,1.026584634038,-0.943350263459,-0.249781977539
131,0,-3.100077366532,-0.098411208099,0.480612992004,False,-0.168445281626,-0.738704023447,-0.617441201144,-0.381671547931,-0.397504016671,0.024075774412,0.280001467477,-0.594211894547,-0.487975475682,-1.335481078659,-0.451229206219,-0.510930572023,-0.348885499296,-0.875811545161,0.458639952086,-0.249781977539
133,1,0.189875773215,0.006027560613,0.501187429441,True,-0.168445281626,-0.738704023447,-0.431717136339,-0.381671547931,-0.397504016671,-0.735679635838,-0.674669715426,-0.594211894547,-0.487975475682,-0.125451140846,-0.493745878453,-0.510930572023,-0.348885499296,-0.224332407806,-1.109452444529,-0.249781977539
135,0,-1.893133497534,-0.060097066156,0.488160877967,False,-0.168445281626,-0.738704023447,-1.166101042588,-0.381671547931,-0.035839220941,0.311489241959,0.644458626946,-0.539725701240,-0.250757365037,-0.132147951294,0.012202521135,-0.510930572023,-0.348885499296,-1.381446733621,1.598671661804,-0.249781977539
136,0,-3.803185569360,-0.120731208371,0.476215951951,False,-0.168445281626,3.444126105263,0.146349015366,-0.381671547931,-0.397504016671,0.030908107238,0.939073793643,-0.594211894547,-0.487975475682,-0.241808222379,1.411945852582,-0.510930572023,-0.348885499296,0.290297561643,1.579646742387,-0.249781977539
137,0,1.192624459484,0.037859575743,0.507458336421,True,-0.168445281626,-0.720289048037,-0.210395959114,0.205298458480,-0.397504016671,0.526024492695,1.357142060241,0.632635558066,-0.487975475682,1.305992092402,1.445014375431,-0.467481225543,-0.348885499296,0.665508425761,-0.565778785786,-0.249781977539
138,1,3.869765056887,0.122844758141,0.524200417354,True,-0.168445281626,0.619619638895,1.144615863691,-0.381671547931,-0.397504016671,1.784995688097,0.928745048233,-0.594211894547,-0.487975475682,0.983708089594,0.118021794251,1.139220140023,-0.348885499296,0.204847142246,1.575988104037,0.409246865120
139,1,7.541768866794,0.239411633206,0.547164091742,True,-0.168445281626,1.550014348866,-0.210395959114,-0.381671547931,-0.397504016671,-1.801979045547,-0.899442889349,-0.594211894547,0.427711013594,1.387190919083,-0.001024888005,0.647410516041,-0.213910332124,-0.997883572871,-1.210430862976,-0.249781977539
140,0,-2.002364867560,-0.063564589645,0.487477775840,False,-0.168445281626,-0.587876605808,-0.108247723471,-0.381671547931,-0.397504016671,-1.324171236583,-0.493178903220,-0.594211894547,-0.487975475682,-1.020312436952,-0.659088492698,-0.510930572023,-0.348885499296,-1.117385663155,-0.093814438695,-0.249781977539
142,1,0.834903659852,0.026503815259,0.505221251606,True,-0.168445281626,-0.603660870444,0.493033936334,-0.381671547931,-0.397504016671,0.035462995789,0.250982611324,-0.228246296173,-0.487975475682,-0.153494034597,-0.493745878453,-0.310324014872,-0.348885499296,0.786295484757,0.410345925872,-0.249781977539
143,1,0.280874755332,0.008916301346,0.501756511365,True,-0.168445281626,-0.358127864985,-0.068781359700,-0.381671547931,-0.397504016671,1.698452805634,0.315906153902,-0.594211894547,-0.487975475682,0.075453172592,0.006061224034,-0.510930572023,-0.348885499296,0.051935865431,1.464033770541,-0.249781977539
147,0,-3.294404268514,-0.104580068721,0.479397726462,False,-0.168445281626,-0.738704023447,-0.748221896777,-0.222106885994,-0.123854989814,0.724162144648,1.505679256138,-0.246408360608,-0.367522756287,-0.419273699249,-1.094648179365,-0.510930572023,-0.348885499296,0.809424921587,-0.230647512968,-0.249781977539
148,1,5.689591762735,0.180614717880,0.535581099422,True,-0.168445281626,-0.738704023447,-1.166101042588,-0.381671547931,2.489413202341,1.230210262627,0.809226708488,2.984622902454,1.982534381291,1.350358461619,-0.274076405243,3.568685726161,-0.348885499296,-1.144370006122,-0.829932474624,-0.249781977539
149,0,-0.932361836814,-0.029597601575,0.494169272490,False,-0.168445281626,0.800261778626,-0.696373928686,-0.381671547931,-0.397504016671,-0.403628260495,-0.733691117769,-0.594211894547,-0.487975475682,-0.693005826309,-0.457842910789,-0.510930572023,-0.348885499296,-0.800640875466,-0.023568582384,-0.249781977539
151,0,-2.606699583065,-0.082749049392,0.483698437270,False,-0.168445281626,-0.738704023447,-1.166101042588,-0.381671547931,-0.397504016671,0.825736159328,0.136382721775,-0.594211894547,-0.487975475682,-0.936602306353,-0.627437192257,-0.510930572023,-0.348885499296,-1.381446733621,0.819381693351,-0.249781977539
154,1,17.425790371268,0.553177511321,0.608975969730,True,-0.168445281626,-0.738704023447,2.616479077269,4.493598748042,-0.397504016671,-1.198911801440,-1.704101341296,3.130827521159,3.234996841120,1.695662750341,2.455493952199,0.224010501409,2.772415241559,0.103334613940,-1.143111917345,-0.249781977539
157,0,-4.021710616818,-0.127668233283,0.474849358043,False,-0.168445281626,0.596820145531,0.717450514640,-0.381671547931,-0.397504016671,-0.776218143938,0.065065193943,-0.594211894547,-0.336795021748,-1.390311214201,-0.175815651634,-0.510930572023,-0.348885499296,1.112035053435,-0.463336911999,-0.249781977539
158,1,-0.166675488493,-0.005291073171,0.498957658585,False,-0.042366105409,1.471969929274,-0.126820129951,-0.381671547931,0.741900118549,2.352990290364,1.230737890222,-0.594211894547,-0.487975475682,1.877313733742,1.396828813565,1.823316233532,-0.348885499296,0.743249032881,2.609919301618,1.976449600711
160,1,-1.196689457895,-0.037988618137,0.492516242227,False,-0.168445281626,-0.738704023447,1.061040034529,1.410581529899,-0.397504016671,-1.190713002048,2.234593575077,-0.243684050943,-0.487975475682,0.985382292206,0.587122411237,-0.510930572023,-0.348885499296,1.161506348875,-0.848225666371,-0.249781977539
163,0,-3.402368262037,-0.108007359649,0.478722550149,False,-0.168445281626,-0.738704023447,-1.166101042588,-0.381671547931,0.104986009254,-0.038781687587,-0.110031633008,-0.594211894547,-0.487975475682,-1.692504785664,-0.415798646024,-0.510930572023,-0.348885499296,-0.265451406614,-0.021373399374,-0.249781977539
164,0,-3.951892022791,-0.125451858860,0.475285983805,False,-0.168445281626,-0.560692594489,2.049246829344,-0.381671547931,-0.397504016671,-0.893734268545,0.551499918256,-0.594211894547,0.602244545778,-1.230843415409,-0.103064901367,-0.510930572023,1.869768811095,1.553421806258,-0.498459840155,-0.249781977539
165,1,1.206487201052,0.038299645129,0.507545030090,True,-0.168445281626,-0.514216704170,-0.478148152540,0.077076855138,-0.397504016671,0.616666774853,0.059654898728,-0.548806733458,-0.487975475682,0.589014823819,1.491310307419,0.074248924182,-0.348885499296,-1.035790149896,0.556691459854,-0.249781977539
168,1,-0.967306557893,-0.030706913315,0.493950738077,False,-0.168445281626,0.159245253660,-0.338081253667,-0.381671547931,-0.397504016671,1.838287884139,1.215982539637,-0.594211894547,-0.487975475682,-0.058064485714,1.455879747224,-0.510930572023,-0.348885499296,-0.170363721871,1.448667489473,-0.249781977539
169,1,-0.236246055219,-0.007499574028,0.498522583916,False,-0.168445281626,0.495976232575,0.402493454742,-0.381671547931,-0.397504016671,-1.745953916374,-1.014042778899,-0.594211894547,-0.487975475682,-0.434760073410,-1.816959199878,-0.510930572023,-0.348885499296,-0.801925844179,0.745477198690,0.127954066424
170,0,-5.129058009605,-0.162820709117,0.467924320304,False,-0.168445281626,-0.726427373174,-0.943232164822,-0.381671547931,-0.397504016671,-0.405450215915,1.387636451452,-0.430753314628,-0.487975475682,-0.125451140846,-0.556576071866,-0.464707863002,-0.348885499296,0.684140472095,-1.210430862976,-0.249781977539
172,0,-1.232486007018,-0.039124970953,0.492292380722,False,1.036311291122,0.062785858658,-0.497494409291,-0.381671547931,1.670066408475,0.490040873145,0.658722132512,-0.514298811031,-0.487975475682,-0.053878979184,1.763417009719,0.306286923466,-0.348885499296,-0.885448810507,1.932339479283,-0.249781977539
174,1,0.296010526796,0.009396782760,0.501851166204,True,-0.168445281626,-0.738704023447,-0.820963822159,1.786698233036,-0.397504016671,0.038195928919,-0.413991855076,-0.436201933959,-0.452331303616,0.043643322965,0.216282547860,-0.510930572023,-0.348885499296,-1.180991614435,0.003505341403,-0.249781977539
178,1,-1.918614952380,-0.060905968793,0.488001524148,False,-0.168445281626,0.656449589714,-0.007647188368,-0.381671547931,-0.397504016671,-1.516843022276,-0.040189640236,-0.594211894547,-0.487975475682,-0.218787936464,-1.792394011476,-0.510930572023,-0.348885499296,-0.356684185218,0.032774448199,-0.249781977539
182,0,-0.887326092759,-0.028167952745,0.494450913309,False,-0.168445281626,-0.435295380987,-0.697921629226,-0.381671547931,0.037773967570,0.236789069728,0.222455600192,-0.594211894547,-0.487975475682,-0.278222129190,-0.176760466573,-0.510930572023,-0.348885499296,-1.381446733621,0.836943157429,-0.249781977539
183,0,0.178472682489,0.005665572249,0.501116117733,True,-0.168445281626,-0.738704023447,0.924842387006,-0.381671547931,-0.397504016671,-1.085039587673,1.181553388270,-0.594211894547,-0.487975475682,1.083741695661,-0.779079989892,-0.510930572023,-0.348885499296,0.853756342176,-1.169454113461,-0.249781977539
186,0,-1.826756761526,-0.057989952685,0.488575979321,False,-0.168445281626,-0.687843615173,-0.828702324859,-0.381671547931,-0.397504016671,-1.566946796333,-1.180286395499,-0.594211894547,-0.487975475682,-0.884702025381,-1.397933774636,-0.510930572023,-0.348885499296,-0.895728560209,-0.889202415886,-0.249781977539
187,0,-3.132632220789,-0.099444654094,0.480409403143,False,-0.168445281626,-0.738704023447,-0.477374302270,-0.381671547931,-0.397504016671,-1.704048941708,-0.735166652827,-0.594211894547,-0.487975475682,-1.305763982296,-1.365810066726,-0.510930572023,-0.348885499296,-1.107105913453,0.019603350141,-0.249781977539
188,0,0.474887841110,0.015075199948,0.502969814390,True,-0.168445281626,-0.189762375528,2.047699128804,-0.264847420442,-0.397504016671,-1.576967551144,0.558877593548,0.243967379148,1.783418661475,0.774851313749,-0.613737375648,-0.510930572023,-0.132362835291,0.319209357679,-1.184820394529,-0.249781977539
191,0,-5.172405761472,-0.164196773042,0.467653235711,False,-0.168445281626,-0.738704023447,-0.601190345474,-0.381671547931,-0.397504016671,-0.622262910926,1.081708849306,-0.594211894547,-0.487975475682,-0.356072550647,-0.976546312047,-0.510930572023,-0.348885499296,0.495892555680,-1.210430862976,-0.249781977539
192,0,-2.126510061514,-0.067505548877,0.486701406871,False,-0.168445281626,-0.738704023447,0.795609391912,-0.381671547931,-0.397504016671,-1.468105714783,1.015309771670,-0.594211894547,-0.487975475682,0.614964964305,-1.337938026039,-0.510930572023,-0.348885499296,0.709839846350,-1.210430862976,-0.249781977539
193,1,6.629148805120,0.210440729520,0.541456823715,True,-0.168445281626,0.926535895719,2.488019932446,0.111269282696,-0.397504016671,-1.751419782634,-0.383005618846,0.756137596227,3.175999590804,1.373797298187,1.487058640196,-0.510930572023,1.895076654940,-0.215337626817,0.539129995776,-0.249781977539
196,1,1.423822774401,0.045198910473,0.508904185363,True,-0.168445281626,0.209228758343,0.346002385031,-0.381671547931,-0.397504016671,-0.462841811653,-0.179381780762,-0.418947972745,-0.487975475682,0.106007370261,-1.191964118034,-0.510930572023,-0.348885499296,0.032661334740,0.105215487520,-0.249781977539
205,1,9.226992108908,0.292908638463,0.557703001777,True,-0.168445281626,1.113316360586,-0.314865745566,-0.381671547931,1.708473289437,-0.209134519382,0.243113091012,-0.594211894547,-0.487975475682,0.442940645923,0.880015042184,3.049142476766,-0.348885499296,-0.357969153930,-0.464800367339,2.824346465352
208,0,-4.672297591181,-0.148320959829,0.470780770914,False,-0.168445281626,-0.738704023447,-0.889836496191,1.572995560799,-0.397504016671,-1.801979045547,-0.316114696190,-0.535185185132,-0.487975475682,-0.469918328262,-2.042769970189,-0.510930572023,0.340050249812,-0.324559967399,-1.210430862976,-0.249781977539
209,0,-2.173509105954,-0.068997522204,0.486407488126,False,-0.168445281626,0.872167873082,1.324922976606,-0.381671547931,-0.397504016671,-0.169506988991,-0.086423072071,-0.594211894547,-0.212654974209,-0.724397125284,0.674517793051,-0.510930572023,0.283810596823,1.415287669640,0.142533598685,-0.249781977539
210,1,1.225335437881,0.038897977860,0.507662901638,True,-0.168445281626,-0.062611354844,0.249271101278,-0.381671547931,-0.397504016671,-0.500647386624,0.029160507518,0.066887250903,-0.487975475682,0.080475780428,-0.961901680500,-0.510930572023,-0.348885499296,0.073780333548,-0.275282900833,-0.249781977539
211,1,1.985421989147,0.063026742058,0.512416268185,True,-0.168445281626,1.150146311405,0.255461903438,-0.381671547931,-0.397504016671,-0.182716165788,-0.417926615232,-0.548806733458,-0.487975475682,-0.280733433108,-2.075366085569,1.869538942553,-0.348885499296,-0.086840755544,0.381808546746,0.754835160660
212,0,-3.664890431326,-0.116341062579,0.477080810672,False,-0.168445281626,-0.738704023447,-0.288554836386,2.231199791290,-0.397504016671,-1.657589078491,-0.058387905958,-0.569693107559,-0.487975475682,0.245803288362,-2.019149596726,-0.510930572023,-0.123926887343,-0.046364241093,-1.210430862976,-0.249781977539
214,0,-3.331189842861,-0.105747817904,0.479167679873,False,-0.168445281626,-0.036304247116,1.922335385061,1.695518426215,-0.397504016671,-0.410005104466,-0.040189640236,-0.397153495422,-0.487975475682,-0.238041266502,0.122273461475,-0.510930572023,1.276440472068,1.014377431267,0.736696466651,-0.249781977539
215,1,2.428715197992,0.077098978027,0.515188498671,True,-0.168445281626,-0.738704023447,-0.047887402409,-0.381671547931,-0.397504016671,-1.223052710758,-1.152743074406,-0.594211894547,-0.487975475682,-0.513866146827,-0.201798062444,-0.062570294520,-0.348885499296,-0.585408616084,-1.165063747442,-0.249781977539
216,1,3.272401988324,0.103881611644,0.520464677494,True,-0.168445281626,-0.609799195581,1.096637146950,-0.381671547931,-0.397504016671,0.384822947624,-0.857636062690,0.223989108269,-0.207738536682,0.162930259069,-1.027093911259,0.967271662465,-0.348885499296,0.687995378233,0.520105076358,-0.249781977539
217,1,0.752504537346,0.023888074994,0.504705950774,True,0.251818639100,0.259212263025,-1.073239010186,-0.381671547931,1.186779823030,-0.739323546678,-0.138558644141,-0.299986450693,-0.487975475682,-0.035881301105,-0.247149179494,-0.234518772078,-0.348885499296,-1.369239530850,1.535743082192,0.051603163921
219,0,-0.397440603716,-0.012616656081,0.497514518752,False,-0.168445281626,-0.707135494173,0.731379819501,0.387658072123,-0.397504016671,-0.088885461644,0.215569769919,0.758861905893,0.340444247502,-0.946647522025,0.448234615271,-0.510930572023,1.467655292228,1.353609171429,-0.595047892583,-0.249781977539
220,1,4.143861987358,0.131545899072,0.525914542117,True,-0.168445281626,1.303604439817,-1.166101042588,-0.381671547931,-0.397504016671,-0.326195155133,-2.144302633773,-0.594211894547,-0.487975475682,-0.441875434511,0.961741534368,-0.510930572023,-0.348885499296,-1.381446733621,-0.741393426565,-0.249781977539
221,1,1.619778875949,0.051419489641,0.510129639459,True,-0.168445281626,-0.738704023447,0.451246021753,0.584264530581,-0.397504016671,-0.152653901353,-0.137574954102,0.640808487062,-0.487975475682,0.046991728189,-0.588227372307,-0.510930572023,-0.348885499296,0.859538701383,-0.457483090640,-0.249781977539
222,0,-3.736304358140,-0.118608080457,0.476634208150,False,-0.168445281626,-0.738704023447,-1.166101042588,-0.381671547931,-0.397504016671,0.301923976002,1.492399440611,0.076876386342,-0.487975475682,-0.159772294392,0.438786465886,-0.510930572023,-0.348885499296,0.055148287213,0.045945546257,-0.249781977539
224,0,-7.272637585260,-0.230868125602,0.454518979256,False,-0.168445281626,-0.738704023447,-1.166101042588,-0.381671547931,0.233008945796,0.787475095503,0.965141579678,2.882915341616,0.395754169673,-0.793876533681,-0.144636758663,-0.510930572023,-0.315141707503,1.496240698542,-1.207503952297,-0.249781977539
226,1,7.319806034841,0.232365476655,0.545775998901,True,-0.168445281626,-0.474756042578,0.381599497452,-0.381671547931,-0.397504016671,-0.037415221022,-1.036667649798,-0.512482604587,-0.487975475682,1.474668005559,1.174797303008,-0.186447154696,-0.348885499296,-0.738962377255,-1.031157583849,-0.249781977539
227,0,-0.932577566107,-0.029604449849,0.494167923380,False,-0.168445281626,-0.738704023447,-1.166101042588,-0.313286692815,-0.397504016671,-0.881436069459,-0.534002039841,0.889628769828,0.356422669462,-0.399183267906,-0.222583991092,-0.510930572023,0.691548080989,0.355830965992,-1.118964904238,-0.249781977539
229,0,-1.971102058538,-0.062572159315,0.487673284615,False,0.419924207390,1.953390000692,-0.610476548714,-0.381671547931,-0.290284807318,-1.376096966060,-0.173971485547,-0.594211894547,-0.487975475682,-0.636920038808,-0.120071570261,-0.510930572023,-0.348885499296,0.375747981040,0.167412339462,-0.249781977539
231,0,-2.117589253844,-0.067222359990,0.486757195082,False,-0.168445281626,0.218874697843,1.019252119948,3.499168979898,-0.397504016671,1.470708378101,-1.356366912490,0.454647326599,0.277759669041,0.987893596124,0.220534215083,-0.510930572023,-0.348885499296,-0.287938359086,2.053806272488,-0.249781977539
232,0,-4.146032701751,-0.131614807877,0.474071882848,False,-0.168445281626,-0.738704023447,-0.689409276256,-0.381671547931,-0.397504016671,-0.674188640404,0.171795563181,-0.594211894547,-0.487975475682,-1.199033565782,-0.816400179965,-0.510930572023,-0.348885499296,0.321136810749,-1.183356939190,-0.249781977539
236,1,4.484981364102,0.142374651391,0.528047806324,True,-0.168445281626,-0.738704023447,-1.130503930167,0.028637582764,-0.397504016671,0.339274062118,-1.767057503795,1.525301025068,1.308982440186,0.748901173263,0.887101154223,-0.394449345290,-0.348885499296,-1.381446733621,0.187900714220,-0.249781977539
237,0,-4.494190632356,-0.142666997390,0.471894601514,False,-0.168445281626,-0.738704023447,-1.166101042588,-0.381671547931,-0.397504016671,0.415340700914,1.315335233581,-0.594211894547,-0.487975475682,-0.626874823136,-0.193767135467,-0.510930572023,-0.348885499296,0.476618024989,-0.595047892583,-0.249781977539
238,1,3.938937275765,0.125040613541,0.524633000868,True,-0.168445281626,-0.738704023447,-0.382964569328,0.040035058617,-0.387902296431,0.673147392881,-0.034287500001,3.806456318157,2.351267195765,0.139491422501,0.015981780889,1.748435444918,1.166773148741,1.086335679180,-0.546022138699,-0.249781977539
242,0,-4.972905479275,-0.157863684714,0.468900854111,False,-0.168445281626,-0.738704023447,-1.166101042588,-0.381671547931,-0.304687387679,-0.175883832962,0.283936227633,-0.080225471024,-0.487975475682,-1.158434152441,-1.354944694932,-0.510930572023,0.691548080989,0.439353932320,-1.210430862976,-0.249781977539
243,1,7.946488705583,0.252259366849,0.549695095269,True,-0.168445281626,-0.706258590582,0.819598750283,-0.381671547931,-0.389502583138,-0.921063599849,0.241145710934,-0.594211894547,2.298415492357,0.969058816740,0.339108489870,1.166953765435,-0.348885499296,-1.381446733621,-1.210430862976,-0.249781977539
245,0,-9.687206777771,-0.307518042098,0.439418945707,False,-0.168445281626,-0.738704023447,-1.166101042588,-0.381671547931,1.836496225979,0.726895077779,1.716188924496,2.714916245588,-0.487975475682,-0.124195488887,-0.169674354534,-0.510930572023,0.061663967519,1.772508971779,-1.210430862976,-0.249781977539
246,0,-3.049301974807,-0.096799355539,0.480930526959,False,-0.168445281626,-0.738704023447,0.215995539667,0.108419913733,-0.397504016671,-1.715891651939,0.481166080463,-0.594211894547,-0.487975475682,0.344999793122,-1.491470453551,-0.510930572023,-0.348885499296,0.183645158486,-1.210430862976,-0.249781977539
247,1,-0.009061041633,-0.000287640581,0.499943334806,False,-0.168445281626,-0.738704023447,-0.068781359700,-0.381671547931,-0.397504016671,-0.309342067496,0.605602870404,-0.594211894547,-0.487975475682,0.566413088557,0.009368076319,-0.510930572023,-0.348885499296,0.066070521271,-0.780906720740,-0.249781977539
250,1,2.686415729116,0.085279619216,0.516800084986,True,-0.168445281626,-0.738704023447,-0.148487937512,-0.381671547931,-0.397504016671,-0.815845674329,-0.126754363672,-0.594211894547,-0.487975475682,1.438672649402,-0.242897512271,-0.510930572023,-0.348885499296,-0.212125205035,-1.203845313947,-0.249781977539
251,0,-0.310980557410,-0.009872002770,0.498055215454,False,-0.168445281626,0.211859469116,-0.651490613025,-0.381671547931,-0.397504016671,-0.720648503620,-0.353986762694,-0.594211894547,-0.487975475682,-0.171073162023,-0.694991460362,-0.510930572023,-0.348885499296,-0.217907564243,-0.114302813453,-0.249781977539
253,1,5.579670327844,0.177125288448,0.534893681824,True,-0.168445281626,-0.600153256081,1.245216398794,2.328078336037,-0.386302009724,1.475263266652,-0.479899087693,3.868207337238,1.655591285791,0.684862923355,-1.170233374448,2.049807507734,0.008236297180,2.080901462835,1.618428308892,-0.249781977539
255,0,-0.794414788702,-0.025218505813,0.495031954355,False,-0.168445281626,-0.660659603854,1.841081106709,0.134064234401,-0.397504016671,-0.289300557873,2.225248519706,-0.344483508560,2.008345678304,1.144431540345,0.342887749624,-0.510930572023,0.022296210427,0.485612805978,-0.955057906178,-0.249781977539
256,0,-4.705183225715,-0.149364906363,0.470575113446,False,-0.168445281626,-0.738704023447,-1.166101042588,-0.381671547931,4.011285860479,2.402638575566,2.225248519706,-0.594211894547,-0.395792272064,-1.661113486690,1.782313308490,-0.510930572023,-0.348885499296,-1.381446733621,3.905077277357,-0.249781977539
258,0,-10.455486171810,-0.331906886112,0.434614343436,False,-0.168445281626,-0.183624050391,1.059492333989,2.849512856296,-0.397504016671,1.455221757029,-0.379562703709,-0.594211894547,-0.481829928774,-0.361513709136,1.217313975243,0.147280804435,0.598752653558,1.965254278689,1.444277123453,-0.249781977539
259,1,1.695102229978,0.053810611343,0.510600690435,True,-0.168445281626,1.869207255963,0.509284792005,-0.381671547931,-0.397504016671,-1.632537191462,-0.685490305855,-0.594211894547,-0.487975475682,-0.151401281332,0.367925345495,0.198125784358,-0.348885499296,-0.291793265225,0.790112586555,1.104441924754
264,1,2.757611685969,0.087539717691,0.517245324385,True,-0.168445281626,0.117153881296,0.041105378643,-0.370274072079,-0.397504016671,0.569295933926,-0.382021928807,0.721629673800,-0.487975475682,0.079638679122,-0.001024888005,-0.510930572023,-0.348885499296,0.390525121236,0.727915734613,-0.249781977539
268,1,1.304079152297,0.041397678077,0.508155342581,True,-0.168445281626,-0.443187513305,-1.105740721526,0.040035058617,-0.000632913393,-0.024206044225,-1.289475989834,0.102303276552,0.318320278633,-0.337237771262,0.127942351106,-0.510930572023,-0.348885499296,-1.381446733621,0.356929805969,-0.249781977539
270,0,-0.025429075583,-0.000807239870,0.499840973746,False,0.728117749256,2.056864624421,0.165695272116,-0.381671547931,-0.090248968972,-0.117581259513,0.202289954391,-0.594211894547,-0.487975475682,0.202692571103,1.028823395004,-0.510930572023,-0.348885499296,0.707912393281,1.496229788017,-0.249781977539
271,1,1.348580876943,0.042810374590,0.508433643794,True,-0.168445281626,-0.738704023447,-1.127408529087,0.510180937539,-0.397504016671,0.336085640132,-0.519738534275,0.525479377897,-0.468309725577,0.240780680526,0.668848903420,-0.239141042980,-0.348885499296,0.023024069395,-0.819688287245,-0.249781977539
272,1,0.892346742297,0.028327332053,0.505580484414,True,-0.168445281626,0.438100595574,0.435769016353,-0.321834799705,-0.397504016671,-0.222799185033,-0.062322666114,0.087773625004,-0.487975475682,-0.392067906805,0.231399586876,-0.510930572023,-0.348885499296,0.481757899840,0.107410670530,-0.249781977539
273,0,-0.314427514952,-0.009981425606,0.498033659156,False,-0.168445281626,-0.478263656942,-0.808582217839,-0.381671547931,-0.397504016671,-0.319362822307,-0.877309863471,-0.594211894547,-0.487975475682,-0.487916006341,-0.529176438648,-0.510930572023,-0.348885499296,-1.381446733621,0.071556014704,-0.249781977539
274,1,0.442484723843,0.014046570808,0.502767174449,True,-0.168445281626,-0.738704023447,-0.264565478015,-0.099584020578,-0.397504016671,-0.720193014765,-0.819763996186,-0.594211894547,-0.487975475682,0.288495454967,-1.332741543877,-0.510930572023,-0.348885499296,-0.425430011349,-1.210430862976,-0.249781977539
275,1,3.982821153945,0.126433696667,0.524907438243,True,0.440937403427,-0.006489525025,0.059677785123,-0.381671547931,0.154594897164,-0.010085889718,-0.151346614649,-0.594211894547,-0.487975475682,0.646774813932,1.111494702126,-0.497988213497,-0.348885499296,-1.381446733621,0.068629104025,0.831186063164
277,0,-2.099397987406,-0.066644882625,0.486870958123,False,-0.168445281626,-0.091549173344,-0.763698902178,-0.381671547931,-0.397504016671,-1.427111717828,-1.003714033489,-0.594211894547,-0.487975475682,-0.930324046558,-1.235425605207,-0.510930572023,-0.348885499296,-0.584123647371,-0.996034655693,-0.249781977539
282,1,-0.565516447672,-0.017952183199,0.496463419910,False,-0.168445281626,-0.495801728761,0.332846930440,-0.381671547931,-0.397504016671,1.532654862390,-0.457766061814,-0.594211894547,-0.487975475682,0.269660675583,-0.215970286522,0.447728413070,-0.348885499296,0.280660296297,1.501351881706,0.509708578940
283,0,-4.878037488041,-0.154852123219,0.469494131726,False,-0.168445281626,-0.738704023447,-1.166101042588,-0.381671547931,-0.013435207047,0.792940961763,0.199338884274,1.747786314402,-0.287630646485,-1.206986028189,-0.562244961497,-0.510930572023,-0.348885499296,0.719477111695,-1.189210760549,-0.249781977539
284,0,-1.084125698824,-0.034415308761,0.493220184174,False,-0.168445281626,0.720463551852,-1.094906817746,-0.381671547931,-0.397504016671,-1.545538820145,-0.329886356737,-0.594211894547,-0.487975475682,-0.435178624063,-0.312813817723,-0.510930572023,-0.348885499296,-0.877096513874,0.472542777814,-0.249781977539
288,1,-0.578279904091,-0.018357356044,0.496383600859,False,-0.168445281626,0.439854402756,0.484521583364,-0.381671547931,-0.323890828160,1.558617727129,0.162942352829,-0.594211894547,-0.487975475682,-0.263572856335,0.768526879436,-0.502610484399,-0.348885499296,-1.060204555438,2.508209155501,-0.177449543589
291,1,7.130174412937,0.226345666567,0.544590096314,True,-0.168445281626,1.776255475325,0.963534900507,-0.381671547931,-0.306287674386,3.471670918406,1.292218517663,3.337875055723,3.032193793159,1.432394389607,0.493585732321,2.864251640683,1.549202789061,2.734308053259,1.500620154036,-0.249781977539
292,1,4.264782883588,0.135384503750,0.526670747239,True,-0.168445281626,-0.431787766623,-0.309448793676,1.228221916256,-0.397504016671,0.336085640132,1.467315344615,2.437944762948,-0.487975475682,1.193820517399,-1.372423771295,-0.510930572023,-0.348885499296,1.838042376129,-0.194061129473,-0.249781977539
293,0,-0.863944380218,-0.027425705921,0.494597135934,False,-0.168445281626,-0.439679898941,-0.705660131926,-0.381671547931,0.015369953675,0.741015232286,0.617898995892,-0.516115017474,-0.487975475682,-0.161446497004,0.386821644266,-0.510930572023,-0.348885499296,-1.381446733621,1.405495556948,-0.249781977539
296,1,4.214140368458,0.133776869325,0.526354043257,True,-0.168445281626,-0.380050454758,-0.687087725446,-0.381671547931,1.098764054158,2.232741232626,1.122531985927,2.773942955003,3.247287934935,0.779873921585,-0.552324404643,3.626926339527,-0.205474384176,1.065133695420,0.169607522472,-0.249781977539
302,1,0.933457939622,0.029632397094,0.505837582228,True,-0.168445281626,-0.738704023447,0.011699068382,-0.381671547931,-0.397504016671,-0.619529977796,-0.480882777732,-0.594211894547,-0.487975475682,0.080475780428,-0.209356581953,-0.510930572023,-0.348885499296,-1.263229612050,-0.188207308113,-0.249781977539
303,1,1.658199446001,0.052639141369,0.510369910850,True,-0.168445281626,-0.680828386446,-1.047701951275,0.293628896338,-0.243876492821,0.222668915221,-0.570890416305,-0.421672282410,-0.483059038156,0.013089125296,0.485554805343,0.941386945413,-0.348885499296,-1.146939943548,0.067897376355,-0.249781977539
307,1,3.927211868986,0.124668393331,0.524559673486,True,-0.168445281626,-0.396711622986,0.288737465049,0.193900982628,-0.397504016671,-1.767361892562,0.150646227341,-0.214624747846,0.524810654739,1.117644298553,-0.493273470984,0.506893480617,0.789967473718,-1.256804768486,-1.210430862976,-0.249781977539
309,0,-4.164493682468,-0.132200847256,0.473956433091,False,-0.168445281626,-0.738704023447,-1.166101042588,-0.381671547931,-0.397504016671,-0.244207161222,0.429522353413,1.399074677241,-0.487975475682,-0.377837184603,-0.325568819393,-0.510930572023,0.134775516404,1.020802274831,-1.210430862976,-0.249781977539
311,0,-5.327407064116,-0.169117252000,0.466683901356,False,-0.168445281626,-0.738704023447,-1.166101042588,-0.381671547931,-0.016635780460,1.126358803672,1.251887226062,-0.023923071274,-0.487975475682,-1.421283962523,-0.052517302155,-0.510930572023,-0.348885499296,1.236677018570,-1.012864392101,-0.249781977539
313,1,2.289006941654,0.072663973134,0.514314802707,True,-0.168445281626,-0.056473029707,1.341173832276,-0.381671547931,-0.397504016671,0.800228783444,-2.021833223910,-0.594211894547,-0.487975475682,0.280961543214,0.778447436291,-0.510930572023,-0.348885499296,-0.784578766557,0.434492938979,-0.249781977539
318,0,-5.679331546876,-0.180289009803,0.464483065069,False,-0.168445281626,-0.738704023447,-1.166101042588,-0.381671547931,-0.197468178325,0.272772689278,1.771275566683,0.679856925598,-0.487975475682,-0.700539738063,-0.531066068525,-0.510930572023,-0.348885499296,1.263661361537,-0.271624262483,-0.249781977539
320,1,9.173604541911,0.291213863028,0.557369131017,True,-0.168445281626,-0.738704023447,1.755957577007,-0.230654992884,-0.397504016671,0.109252190310,-0.446453626365,-0.510666398144,-0.081140270380,2.583408685347,1.400135665850,0.115849362300,1.914760533486,-0.042509334955,-1.075792971713,-0.249781977539
321,0,-3.252799185607,-0.103259325401,0.479657912896,False,-0.112410092196,-0.373912129622,-1.166101042588,-0.381671547931,0.096984575720,2.164873393222,1.208113019324,-0.112917187008,-0.487975475682,1.113458792023,1.403442518135,2.226378256194,-0.348885499296,1.196842988475,0.190095897229,-0.249781977539
322,1,4.565052629203,0.144916494384,0.528548549394,True,-0.168445281626,-0.738704023447,0.982107306987,-0.381671547931,-0.397504016671,-0.794893186996,-1.682460160437,-0.594211894547,-0.487975475682,0.393970219523,-0.310451780376,-0.510930572023,-0.348885499296,-0.871956639023,-1.107257261519,-0.249781977539
324,0,-2.558826483876,-0.081229329407,0.483997822107,False,-0.168445281626,-0.738704023447,-1.166101042588,-0.381671547931,0.665086356624,-0.354890953003,-0.580235471676,-0.594211894547,-0.487975475682,-1.354315858043,-0.475321987152,-0.510930572023,-0.348885499296,-0.683708722608,-0.827005563944,-0.249781977539
325,1,0.593711715132,0.018847235162,0.503712905327,True,-0.168445281626,-0.235361362256,0.568097412526,-0.381671547931,-0.397504016671,1.163708889787,0.879560546280,-0.556071559232,-0.487975475682,0.003881010930,0.348084231786,-0.510930572023,-0.348885499296,1.286790798367,0.773282850147,-0.249781977539
326,0,-5.568845888524,-0.176781669233,0.465174011161,False,-0.168445281626,-0.738704023447,-1.166101042588,-0.381671547931,0.164196617405,0.827102625893,1.115646155653,1.098492510835,-0.487975475682,-1.327947166905,0.364618493210,-0.510930572023,-0.348885499296,1.590685898928,-0.936032986760,-0.249781977539
328,1,3.860227416345,0.122541988043,0.524140771644,True,-0.168445281626,-0.474756042578,-1.076334411266,2.558877222054,-0.397504016671,0.204449361018,-0.557610600778,0.481890423252,0.078643949226,0.964873310210,0.922059306949,-0.510930572023,-0.348885499296,-0.471688885007,-0.556266326078,-0.249781977539
330,1,6.128015169581,0.194532363160,0.538322875543,True,-0.168445281626,0.648557457396,1.945550893162,-0.381671547931,-0.397504016671,-0.892823290835,-0.081504621876,-0.594211894547,-0.487975475682,1.377564254064,0.441620910701,0.130640629187,-0.348885499296,0.143811128392,-0.010397484326,-0.225671166222
331,1,1.694238582714,0.053783195069,0.510595289429,True,-0.168445281626,-0.147671003163,-0.046339701869,-0.381671547931,-0.397504016671,0.967393193254,1.545026857700,-0.594211894547,-0.487975475682,0.856468691084,0.597987783030,-0.510930572023,-0.348885499296,0.851828889107,0.903530375391,-0.249781977539
342,0,-1.760020297910,-0.055871419748,0.488993330310,False,-0.168445281626,-0.738704023447,-1.166101042588,-0.381671547931,0.589872881405,0.342462484103,-0.142985249317,-0.594211894547,-0.110638895537,-0.639849893379,0.293757372820,-0.510930572023,-0.348885499296,-1.381446733621,0.866943991895,0.497653173281
343,1,4.353595731621,0.138203846185,0.527226157698,True,-0.168445281626,0.687141215397,-0.509102163341,-0.381671547931,-0.397504016671,0.109707679165,-0.684014770797,-0.245500257387,-0.487975475682,0.820473334926,0.661762791381,-0.492441488415,-0.348885499296,-1.348680031447,-0.555534598408,-0.249781977539
344,1,3.108608848140,0.098682037925,0.519440361471,True,-0.168445281626,-0.276575831029,-1.166101042588,-0.381671547931,0.922732516413,1.072611118774,-1.394730824013,2.035655035703,1.193446158317,0.226968508977,1.291009540449,-0.473952404806,-0.348885499296,-0.938775012085,-0.084301978986,-0.249781977539
346,1,3.513239546529,0.111526941827,0.521970807540,True,-0.168445281626,-0.606291581217,0.943414793486,-0.381671547931,-0.397504016671,0.891782043313,1.440263868541,-0.594211894547,-0.487975475682,1.216003702007,0.748685765727,-0.510930572023,-0.348885499296,0.608969802400,0.692061078787,-0.249781977539
347,1,2.098897699071,0.066629001093,0.513125913215,True,-0.168445281626,1.134362046768,0.296475967749,-0.381671547931,1.073159466850,1.712117471286,0.853492760245,-0.594211894547,-0.487975475682,0.059548247778,0.395324978713,-0.422182970703,-0.348885499296,1.309277750839,2.110149303071,-0.249781977539
349,1,1.582194957440,0.050226397216,0.509894600252,True,-0.168445281626,1.152777022178,-0.006873338098,-0.381671547931,-0.397504016671,0.390744302740,-0.768120269136,-0.579682242998,-0.487975475682,0.117726788545,-0.167784724657,-0.017272039680,-0.348885499296,-0.557781788760,0.744745471020,-0.012692332924
351,0,-1.979149104247,-0.062827610840,0.487622960665,False,-0.168445281626,0.575774459349,2.252769450360,0.458892296202,-0.397504016671,1.841931794980,-0.248731928515,-0.295445934584,1.418373175146,-0.171073162023,-0.072830823334,0.897013144753,0.154459394950,0.476618024989,-0.041861774132,-0.249781977539
352,0,-4.853162438311,-0.154062470767,0.469649693259,False,1.638689577496,2.070895081876,-0.059495156460,-0.381671547931,-0.272681653543,-0.025117021935,0.326234899312,-0.594211894547,-0.487975475682,-1.258467758507,0.579563891728,-0.422182970703,-0.348885499296,1.151869083530,1.817458235107,-0.221652697670
353,0,-2.630742294541,-0.083512279467,0.483548080945,False,-0.168445281626,-0.418634212759,0.294928267209,-0.381671547931,-0.397504016671,1.731248003199,-1.039618719915,-0.594211894547,-0.487975475682,-1.202800521659,-0.191877505590,-0.510930572023,-0.348885499296,0.364825746981,0.962068588983,-0.249781977539
354,0,-5.676265850171,-0.180191690001,0.464502237070,False,-0.168445281626,-0.738704023447,-1.166101042588,-0.381671547931,4.710611151337,0.194428606207,0.676920398235,-0.073868748472,-0.487975475682,-1.689993481746,0.203527546189,-0.510930572023,-0.348885499296,0.357758419061,0.825235514710,-0.249781977539
355,1,0.313254879217,0.009944200567,0.501959007512,True,-0.168445281626,0.181167843433,0.610659177377,-0.381671547931,-0.397504016671,-1.647112834824,-0.745987243257,-0.594211894547,-0.487975475682,-0.153494034597,-0.723808315988,-0.510930572023,-0.348885499296,-0.190923221275,-0.058691510540,-0.249781977539
357,1,2.185860812389,0.069389624145,0.513669755957,True,-0.168445281626,0.040863268885,1.321053725256,0.173955399886,-0.397504016671,-0.199113764570,-2.464001896465,-0.594211894547,-0.456018631761,0.151210840785,-0.114402680629,0.619676890628,-0.348885499296,-0.360539091356,-0.009665756656,-0.249781977539
358,0,-1.176790591890,-0.037356933436,0.492640684113,False,-0.168445281626,-0.658905796672,0.811860247583,-0.381671547931,-0.397504016671,-1.148808027382,0.232292500582,-0.594211894547,-0.487975475682,-0.382441241786,-0.499887175554,-0.510930572023,-0.348885499296,1.802063252172,-0.982131829965,-0.249781977539
359,1,0.754118939103,0.023939323789,0.504716046786,True,-0.168445281626,0.139076471069,-0.035505798089,-0.381671547931,-0.327091401574,1.696175361359,1.494366820689,-0.594211894547,-0.487975475682,0.120656643116,0.527599070109,-0.510930572023,-0.348885499296,1.237961987283,1.843800431224,-0.249781977539
360,0,-0.588017551852,-0.018666475323,0.496322704361,False,-0.168445281626,-0.043319475843,-1.094132967476,-0.381671547931,-0.397504016671,-0.890545846560,-2.218079386702,-0.594211894547,-0.487975475682,-1.590378426333,-1.240149679900,-0.510930572023,-0.348885499296,-1.381446733621,-0.460410001320,-0.249781977539
363,1,1.346665892694,0.042749583877,0.508421668024,True,-0.168445281626,-0.738704023447,0.364574791511,-0.150872661915,-0.397504016671,-0.206857075106,-0.150362924610,-0.278191973370,-0.487975475682,0.254174301422,-0.376116418605,-0.491517034234,-0.348885499296,0.070567911766,-0.529924129961,-0.249781977539
364,1,1.176837763961,0.037358430902,0.507359610888,True,-0.168445281626,-0.738704023447,-0.690183126526,0.829310261413,-0.397504016671,-0.265159648555,0.012437776854,1.716002701640,1.945661099844,0.049503032107,-0.060075821663,-0.350075544630,1.138653322246,0.518379508153,-1.187015577539,-0.249781977539
365,1,5.444799996348,0.172843862313,0.534050240876,True,-0.168445281626,0.883567619764,1.005322815088,-0.381671547931,-0.397504016671,0.086933236411,-0.708115176753,-0.013025832613,-0.487975475682,0.336210229409,-1.501863417875,1.140144594203,-0.348885499296,-0.480041181640,1.869410899670,1.032109490804
368,0,-1.409062327952,-0.044730343661,0.491188122299,False,-0.168445281626,0.633650096350,-0.586487190343,-0.381671547931,0.133791169976,-0.715182637360,-0.460717131931,-0.594211894547,-0.487975475682,-1.074305471189,0.383514791981,-0.510930572023,-0.348885499296,-1.197053723344,0.849382527817,-0.249781977539
369,0,-1.687337161768,-0.053564111126,0.489447870108,False,-0.168445281626,-0.480894367715,-1.166101042588,-0.381671547931,-0.397504016671,0.540144647202,-1.192582520988,-0.594211894547,-0.487975475682,-1.294463114665,-0.302893260868,-0.510930572023,-0.348885499296,-1.381446733621,0.623278677816,-0.249781977539
371,1,1.847717775285,0.058655355010,0.511555104937,True,-0.168445281626,-0.738704023447,-0.354332109337,-0.381671547931,-0.397504016671,0.699110257620,1.159420362391,-0.594211894547,0.148703183976,0.859398545655,1.104880997556,1.000552012960,-0.348885499296,-0.381741075116,-0.007470573646,-0.249781977539
372,0,-4.058908177845,-0.128849060884,0.474616735006,False,-0.168445281626,-0.738704023447,-0.245993071534,-0.381671547931,-0.397504016671,-1.783759491344,0.259343976656,-0.594211894547,-0.487975475682,-0.066854049426,-1.659647512611,-0.510930572023,-0.348885499296,0.336556435301,-1.210430862976,-0.249781977539
373,1,7.711501162348,0.244799743980,0.548225549564,True,-0.168445281626,-0.319544106985,1.781494635917,-0.381671547931,-0.397504016671,0.764245163894,-0.606795102731,-0.594211894547,-0.487975475682,1.404351495856,2.377546719770,-0.510930572023,-0.348885499296,-0.710693065575,-0.886275505207,-0.249781977539
374,1,-2.468546678090,-0.078363418753,0.484562406506,False,-0.168445281626,-0.520355029306,-0.668515318965,-0.381671547931,-0.397504016671,0.761967719619,1.727993204964,-0.546082423793,-0.487975475682,-0.049693472654,0.875290967491,-0.510930572023,-0.348885499296,1.236677018570,-0.374066136270,-0.249781977539
378,0,-3.136887592412,-0.099579739839,0.480382791252,False,-0.168445281626,-0.110841052345,-1.166101042588,-0.381671547931,-0.397504016671,1.328595855321,0.651836302239,-0.370818501991,-0.487975475682,-1.419609759911,0.541771294187,-0.467481225543,-0.348885499296,0.879455716431,0.388394095775,-0.249781977539
379,1,4.942566823054,0.156900591392,0.530909416504,True,-0.168445281626,-0.738704023447,-1.003592485884,2.789676108070,0.735498971721,-0.461475345088,-0.451372076560,0.002411922157,1.100033845317,0.324909361778,0.674517793051,-0.071814836324,-0.348885499296,-0.334197232745,-0.996766383363,-0.249781977539
382,1,6.742451035320,0.214037481483,0.542165383852,True,-0.168445281626,1.776255475325,-1.166101042588,-0.381671547931,-0.397504016671,-0.245573627787,-1.724266987096,-0.594211894547,-0.487975475682,0.003462460277,2.017099820717,-0.510930572023,-0.348885499296,-1.381446733621,-1.210430862976,-0.249781977539
384,0,-1.903873905840,-0.060438017827,0.488093710488,False,-0.168445281626,1.293081596726,-1.090263716126,-0.381671547931,0.364232455751,1.143667380164,0.130480581540,-0.594211894547,-0.487975475682,-1.420028310564,-0.551379589704,-0.424956333244,-0.348885499296,-0.641947239444,1.900143461807,0.224397311691
385,1,6.304746064653,0.200142642787,0.539428100629,True,-0.168445281626,0.564374712667,1.124495756671,-0.381671547931,-0.397504016671,-0.471040611044,0.410340397651,-0.594211894547,-0.487975475682,1.470063948376,-0.075192860680,-0.510930572023,-0.348885499296,-0.489035962629,0.899140009371,-0.249781977539
388,0,-3.996782036154,-0.126876881504,0.475005254344,False,-0.168445281626,-0.738704023447,-0.770663554608,1.800945077852,-0.397504016671,-1.772827758823,0.138350101853,-0.420764179188,-0.487975475682,0.095125053283,-1.833021053833,-0.510930572023,-0.348885499296,0.298007373919,-1.210430862976,-0.249781977539
389,0,-1.509192704722,-0.047908958315,0.490561935212,False,-0.168445281626,0.185552361388,-1.166101042588,-0.381671547931,0.005768233435,1.187849799105,-0.461208976951,-0.594211894547,-0.487975475682,-0.579160048694,1.032130247289,-0.510930572023,-0.348885499296,-1.381446733621,1.289150857433,-0.249781977539
390,1,-1.072635682880,-0.034050560977,0.493292039488,False,-0.168445281626,0.032094232976,-1.166101042588,-0.381671547931,1.005947425165,-1.105992075006,-0.915181929974,-0.407142630862,-0.213884083590,-0.461547315202,-0.985994461432,-0.510930572023,-0.348885499296,-1.381446733621,-0.218208142580,-0.249781977539
393,1,6.142895724026,0.195004742771,0.538415934326,True,-0.168445281626,0.078570123295,1.846498058599,-0.381671547931,-0.397504016671,1.077621496180,0.390174751851,-0.215532851068,-0.487975475682,1.245302247717,1.197000454064,-0.510930572023,-0.348885499296,0.574918131513,-0.593584437243,-0.249781977539
396,1,2.271370518357,0.072104109132,0.514204509499,True,-0.168445281626,-0.273945120257,0.993715061037,0.136913603364,-0.397504016671,0.439026121377,-0.143968939356,0.095946553999,-0.487975475682,-0.078573467710,-0.547127922481,-0.510930572023,-0.348885499296,-0.005887726642,0.587424021990,-0.249781977539
399,0,-0.984197207062,-0.031243102898,0.493845108729,False,-0.168445281626,-0.688720518764,-0.541603874682,-0.381671547931,1.036352872594,1.283502458669,0.846606929972,-0.594211894547,0.228595293778,0.236176623343,1.268333981924,-0.510930572023,-0.348885499296,-1.381446733621,1.881850270059,-0.249781977539
400,1,1.709064254652,0.054253832448,0.510688004992,True,-0.168445281626,-0.709766204946,-0.840310078910,1.373539733377,-0.397504016671,0.876750911095,1.773734791780,2.850223625632,-0.487975475682,2.196249331325,-1.088506882264,-0.510930572023,-0.348885499296,1.687058552383,-1.122623542587,-0.249781977539
403,1,-1.071151839464,-0.034003456726,0.493301319025,False,-0.168445281626,-0.738704023447,-0.946327565902,-0.381671547931,-0.397504016671,-0.343503731626,-0.094784437403,-0.594211894547,-0.487975475682,-0.113313171909,-0.390288642683,-0.510930572023,-0.348885499296,-1.381446733621,0.576448106941,-0.249781977539
405,0,-2.883835297094,-0.091546655774,0.481965308813,False,-0.168445281626,-0.697489554673,-0.731197190837,-0.381671547931,-0.397504016671,0.581594133013,0.046375083201,-0.526104152914,-0.487975475682,-1.471928591535,-0.306200113153,-0.510930572023,-0.348885499296,0.612182224182,-1.095549618801,-0.249781977539
406,1,8.038769997142,0.255188814186,0.550272196395,True,-0.168445281626,0.909874727491,0.229150994258,-0.381671547931,1.329205339933,1.116793537715,-0.603844032614,1.044914420751,1.873143646330,0.823403189497,1.902304805684,3.485484849923,-0.348885499296,-0.149161738111,0.365710538008,-0.249781977539
409,1,12.034687749584,0.382038259213,0.575261537065,True,-0.168445281626,1.759594307097,-1.166101042588,-0.381671547931,0.877924488624,1.658369786388,1.716188924496,1.585235837705,0.390837732147,2.666281714640,1.258413425069,2.157968646843,-0.348885499296,-1.024867915838,-0.805785461517,-0.249781977539
410,1,1.371190811373,0.043528121504,0.508575039936,True,-0.168445281626,-0.585245895035,-0.865073287550,-0.381671547931,1.215584983752,2.053278623731,1.311892318444,3.204383882123,3.534899530225,0.289332556273,-0.161171020087,3.381021527536,0.219134995887,1.105610209871,0.547179000145,-0.249781977539
411,1,5.115819301318,0.162400449516,0.531992888555,True,-0.168445281626,1.318511800862,0.658637894119,-0.381671547931,-0.397504016671,1.036172010369,0.209667629684,0.034195534919,-0.487975475682,0.947294182784,1.215896752835,-0.252083401506,-0.348885499296,0.539581491913,-0.232842695978,-0.249781977539
412,0,-2.777434905148,-0.088169001001,0.482630706803,False,-0.168445281626,1.077363313358,-0.266113178555,-0.381671547931,-0.397504016671,1.174640622309,1.657167522153,-0.594211894547,-0.487975475682,-1.024497943482,1.349588066638,-0.510930572023,-0.348885499296,2.366807001418,0.637181503544,-0.249781977539
413,1,3.606108085357,0.114475031187,0.522551581144,True,-0.168445281626,-0.476509849760,0.989071959417,-0.381671547931,-0.397504016671,0.000390353949,-0.251191153613,-0.594211894547,-0.487975475682,0.785315080074,0.247933848301,-0.510930572023,-0.348885499296,-0.139524472766,-0.944081991129,-0.249781977539
415,0,-1.969815189695,-0.062531307974,0.487681332329,False,-0.168445281626,-0.409865176850,0.141705913745,2.823868535628,-0.397504016671,1.130002714512,0.044899548143,0.263037546805,-0.266735786998,-0.239296918461,-0.155502130456,-0.510930572023,0.311930423317,2.504941138036,0.076678108394,-0.249781977539
417,0,-4.605975180756,-0.146215570910,0.471195532531,False,-0.168445281626,-0.738704023447,-0.568688634133,-0.381671547931,3.600012176839,0.444947476493,2.073268408672,-0.594211894547,-0.487975475682,-1.569450893684,0.916390417318,-0.510930572023,-0.348885499296,-0.790361125765,2.035513080740,-0.249781977539
421,0,-1.592954480902,-0.050567955692,0.490038112729,False,-0.168445281626,-0.738704023447,-1.166101042588,-0.381671547931,-0.379900862897,1.027973210977,1.284840842370,1.052179246525,-0.192989224103,1.059047207134,0.899856155893,-0.510930572023,-0.348885499296,-0.602755693706,1.401836918599,-0.249781977539
423,0,0.804702228756,0.025545078115,0.505032380389,True,-0.168445281626,-0.494047921579,1.330339928496,-0.381671547931,-0.397504016671,-1.336924924525,0.624292981146,-0.594211894547,-0.487975475682,0.632544091730,0.137862907961,-0.510930572023,-0.348885499296,-0.051504115944,-1.037743132878,-0.249781977539
425,1,8.391462382274,0.266384948864,0.552477834926,True,-0.168445281626,-0.571215437580,1.892929074800,-0.381671547931,-0.397504016671,0.841222780400,0.765944346769,1.086687168952,-0.487975475682,1.270415286897,0.245099403485,0.550342827097,-0.348885499296,1.486603433196,0.423517023930,-0.249781977539
427,0,2.211295278785,0.070197035145,0.513828815924,True,-0.168445281626,-0.511585993397,0.507737091465,-0.381671547931,-0.397504016671,-0.144910590817,-0.897475509271,-0.594211894547,-0.487975475682,0.147443884908,0.001337149342,-0.510930572023,-0.348885499296,-1.381446733621,0.209852544317,-0.249781977539
429,1,2.056692881319,0.065289219335,0.512861976209,True,-0.168445281626,0.764308731398,0.391659550962,-0.381671547931,0.044175114397,1.484373043753,0.616915305853,0.243059275926,0.876335937870,0.389366162340,-0.482408099191,0.982987383532,-0.348885499296,1.635017319517,2.460646856957,-0.157357200825
430,1,2.158173181373,0.068510686978,0.513496605335,True,-0.168445281626,0.839722440218,2.398253301123,1.863631195042,1.855699666460,0.555175779419,-1.522118684071,-0.133803561109,2.619213040949,1.975254586543,0.305095152082,3.592721534852,-0.348885499296,0.316639420254,0.966458955003,0.208323437480
431,1,2.610638602539,0.082874092615,0.516326196245,True,-0.168445281626,-0.738704023447,1.936264689921,-0.381671547931,-0.397504016671,-0.398617883089,0.230325120504,-0.195554580189,-0.266735786998,0.420757461314,-0.166367502249,-0.481348038250,0.820899282862,1.063848726708,-1.126282180937,-0.249781977539
432,0,-4.606652460685,-0.146237070998,0.471191297013,False,-0.168445281626,0.896721173628,-0.981150828053,-0.381671547931,-0.397504016671,-1.167483070440,0.802340878214,-0.594211894547,-0.487975475682,-1.141273575668,-0.697353497709,-0.510930572023,-0.348885499296,0.542793913695,0.178388254511,-0.249781977539
436,1,12.362583532427,0.392447231733,0.577312104651,True,-0.168445281626,1.781516896870,2.192409129298,-0.267696789405,-0.328691688280,0.070991126484,1.753569145980,0.057806218685,2.949843464593,2.544483474618,2.796099737543,-0.033912214927,0.998054189775,-0.115752551580,0.553032821504,2.072892845978
437,0,-5.210059466297,-0.165392080818,0.467417760079,False,-0.168445281626,-0.738704023447,-0.202657456413,-0.381671547931,-0.397504016671,-1.721357518200,0.604619180364,-0.594211894547,-0.487975475682,-0.545257445801,-1.082365585164,-0.510930572023,-0.348885499296,0.283872718079,-1.164332019772,-0.249781977539
441,0,-1.434861768696,-0.045549340683,0.491026779885,False,-0.168445281626,-0.119610088254,0.890019124855,-0.381671547931,-0.397504016671,0.940063861950,0.268197187008,-0.594211894547,-0.487975475682,-0.786342621927,0.580508706667,-0.510930572023,-0.348885499296,1.476966167851,0.681085163738,-0.249781977539
443,1,0.335263057024,0.010642844862,0.502096640438,True,-0.168445281626,1.363233883999,-0.098961520231,-0.381671547931,-0.397504016671,-0.236463850685,0.129988736521,-0.594211894547,-0.487975475682,-0.332633714079,1.626891251100,-0.510930572023,-0.348885499296,0.112329394930,-0.307478918309,-0.249781977539
448,1,6.647853712091,0.211034512279,0.541573798919,True,-0.168445281626,-0.738704023447,1.537731800861,1.330799198930,-0.397504016671,-0.435967969204,0.147695157224,-0.594211894547,-0.487975475682,2.140163543824,1.351477696515,-0.510930572023,-0.348885499296,0.063500583846,-0.542363500349,-0.249781977539
450,0,-3.659672371507,-0.116175416529,0.477113442944,False,-0.168445281626,-0.738704023447,-0.793879062708,-0.019801689610,-0.295085667438,0.261840956757,0.780207852336,-0.509758294922,-0.306067287209,-0.425133408391,-0.917495378388,-0.510930572023,-0.348885499296,1.040076805522,-1.210430862976,-0.249781977539
454,0,-2.985708715674,-0.094780602870,0.481328221235,False,-0.168445281626,-0.205546640165,-1.166101042588,-0.381671547931,-0.397504016671,-0.071576885152,0.777748627238,-0.594211894547,-0.487975475682,-1.276883987239,0.583343151482,-0.510930572023,-0.348885499296,0.977113338598,-0.715782958118,-0.249781977539
455,0,-1.784093510885,-0.056635618086,0.488842783237,False,-0.168445281626,-0.095056787708,-0.525353019012,-0.381671547931,-0.397504016671,-1.173859914411,-0.901902114447,-0.594211894547,-0.487975475682,-1.528432929690,-0.293917518952,-0.510930572023,-0.348885499296,-1.381446733621,-0.026495493064,-0.249781977539
456,0,-4.021759884638,-0.127669797278,0.474849049936,False,-0.168445281626,-0.738704023447,-1.166101042588,-0.381671547931,-0.397504016671,1.107228271759,0.385748146675,-0.594211894547,-0.487975475682,-1.681622468687,-0.659560900167,-0.510930572023,-0.348885499296,-0.092623114751,-0.138449826560,-0.249781977539
459,1,-0.522048924834,-0.016572317173,0.496735253517,False,2.185032674440,0.631896289168,-1.009009437774,-0.381671547931,5.160291715939,0.515548249028,0.507233866498,-0.594211894547,-0.487975475682,-0.767089291889,-0.977491126986,1.509926266370,-0.348885499296,-0.395875730956,1.886972363748,3.181990166551
460,0,-1.751044789601,-0.055586494402,0.489049460603,False,-0.168445281626,-0.738704023447,-0.175572696963,-0.381671547931,-0.397504016671,-1.557381530376,-0.994860823138,-0.594211894547,-0.487975475682,-0.856659131631,-1.369589326480,-0.510930572023,-0.348885499296,-0.564206632324,-0.688709034331,-0.249781977539
461,0,-3.895496910926,-0.123661609639,0.475638662901,False,-0.168445281626,0.579282073713,1.372901693347,-0.381671547931,-0.397504016671,0.601635642636,-0.939282335931,-0.594211894547,-0.487975475682,-1.548523361034,0.343360157093,-0.510930572023,-0.348885499296,1.131309584126,0.385467185095,-0.249781977539
462,0,-0.289387666951,-0.009186541672,0.498190251291,False,-0.168445281626,-0.738704023447,-1.166101042588,0.974628078535,-0.397504016671,-0.355801930713,-1.243242557999,1.044914420751,-0.487975475682,-0.709747852429,-1.095120586834,-0.510930572023,-0.348885499296,0.558856022604,-1.035547949868,-0.249781977539
463,0,-5.403628044265,-0.171536868627,0.466207236880,False,-0.168445281626,1.643843033095,2.067045385555,-0.381671547931,-0.397504016671,-0.320729288873,1.575029403891,-0.494320540152,1.971472396857,0.042806221659,1.340612324722,1.036605725996,3.185776691023,1.385733389247,1.531352716173,-0.145301795166
473,1,4.580251723233,0.145398985957,0.528643600234,True,-0.168445281626,0.379348054982,0.955796397806,-0.381671547931,-0.397504016671,-1.801979045547,-0.080029086817,-0.594211894547,0.609619202068,0.842656519535,0.727899837079,0.138036262630,0.548136965868,-0.602755693706,-1.210430862976,-0.249781977539
474,1,7.059024199360,0.224087020202,0.544145142980,True,-0.168445281626,-0.394080912213,2.360334637892,4.787083751247,-0.397504016671,-0.542096872435,0.232292500582,1.903980068546,3.559481717856,2.395897992804,1.096850070579,-0.510930572023,2.589636369346,-0.888661232289,0.193022807909,-0.249781977539
476,0,-0.811585470692,-0.025763584970,0.494924573761,False,-0.168445281626,0.649434360987,0.339037732601,-0.381671547931,-0.397504016671,-0.269259048250,-1.327348056338,-0.594211894547,-0.487975475682,-1.198196464476,0.145893834938,-0.510930572023,-0.348885499296,0.362898293912,-0.587730615884,-0.249781977539
477,0,-5.245174079507,-0.166506785743,0.467198163209,False,-0.168445281626,-0.738704023447,-1.166101042588,-0.381671547931,-0.397504016671,-0.157208789904,0.257868441598,-0.151965625544,-0.487975475682,-1.214938490596,-1.339355248446,-0.510930572023,-0.348885499296,0.364183262625,-1.210430862976,-0.249781977539
480,1,5.308556665896,0.168518850657,0.533198213579,True,-0.168445281626,1.817469944098,-1.166101042588,-0.381671547931,-0.397504016671,0.231778692322,-1.786731304576,-0.525196049692,-0.487975475682,1.289250066282,0.488861657628,2.148724105039,-0.348885499296,-1.128307897213,-0.075521246947,-0.249781977539
484,0,-17.707508490225,-0.562120585042,0.389262244747,False,-0.168445281626,0.156614542887,1.942455492082,5.613400750565,-0.397504016671,0.753768920228,-1.648031009070,-0.419856075967,0.138870308923,-0.624782069871,1.180466192640,-0.510930572023,3.056425489150,1.117817412642,-0.090155800346,-0.249781977539
485,1,0.179005528199,0.005682487307,0.501119449999,True,-0.168445281626,-0.539646908307,-0.858108635120,-0.381671547931,-0.397504016671,-0.381309306596,-0.734674807808,-0.594211894547,-0.487975475682,-0.327611106243,0.038184931945,-0.510930572023,-0.348885499296,-1.381446733621,-0.008202301316,-0.249781977539
488,0,-1.891563660966,-0.060047232073,0.488170695282,False,-0.168445281626,1.078240216949,-0.132237081842,-0.381671547931,-0.397504016671,-0.706983837968,-0.410548939940,-0.594211894547,-0.487975475682,-0.911907817826,0.431227946377,-0.510930572023,-0.348885499296,0.440638901033,0.894017915682,-0.249781977539
489,0,-2.602685279056,-0.082621616279,0.483723541593,False,-0.168445281626,2.094571478831,0.862934365404,-0.381671547931,-0.397504016671,-1.052244390108,-0.205449566797,-0.594211894547,-0.487975475682,-0.404624426395,0.486027212813,-0.199389513222,-0.348885499296,0.864036091878,0.531812719077,-0.249781977539
491,0,-1.315434188279,-0.041758140955,0.491773646232,False,-0.168445281626,-0.097687498481,0.003186715412,-0.381671547931,-0.397504016671,-0.460564367378,-0.375136098534,-0.594211894547,-0.487975475682,-1.124112998895,-1.241566902308,-0.510930572023,-0.348885499296,-0.039939397529,1.833556243845,-0.076987829769
492,0,-2.420228614641,-0.076829573486,0.484864574023,False,-0.168445281626,-0.738704023447,0.519344845515,-0.162270137768,-0.397504016671,-1.594276127637,1.236640030457,-0.537001391575,-0.487975475682,0.989567798736,-1.285028389480,-0.510930572023,-0.348885499296,0.181075221061,-1.210430862976,-0.249781977539
493,1,9.820177122098,0.311739153599,0.561412613259,True,-0.168445281626,1.241344284861,2.693864104271,-0.381671547931,-0.397504016671,-0.599943957028,0.184583533688,-0.594211894547,-0.487975475682,2.325162932448,1.063781547730,-0.227123138635,-0.348885499296,-0.586051100440,0.506933978300,-0.249781977539
494,1,0.109011360151,0.003460539329,0.500681726248,True,-0.168445281626,1.009841736857,0.092179496464,-0.381671547931,-0.397504016671,0.020431863572,-0.814353700971,-0.594211894547,-0.487975475682,-0.323844150366,-0.461149763074,-0.510930572023,-0.348885499296,-0.760164361015,0.888895821993,-0.249781977539
495,1,3.839324642380,0.121878434526,0.524010051602,True,-0.168445281626,-0.738704023447,0.333620780710,2.268241587811,-0.397504016671,-0.382220284307,-0.233484732910,-0.594211894547,-0.487975475682,1.670549711162,0.748685765727,-0.510930572023,-0.348885499296,-0.169721237515,-0.203573589182,-0.249781977539
496,1,0.465522708872,0.014777906085,0.502911247499,True,-0.168445281626,1.407079063546,0.185041528867,-0.381671547931,-0.397504016671,-0.741600990953,-1.210780786710,-0.175576309310,-0.487975475682,-0.526841217070,-1.778221787398,0.915502228362,-0.348885499296,-0.158799003457,0.788649131215,-0.237726571881
498,0,-2.639107690262,-0.083777836936,0.483495766124,False,-0.168445281626,-0.738704023447,-1.166101042588,-0.381671547931,0.748301265376,0.055049016557,-0.699261966402,-0.594211894547,-0.487975475682,-1.692504785664,-0.438474204549,-0.510930572023,-0.348885499296,-0.737677408543,0.195217990919,-0.249781977539
