run_id,split_seed,partition_role,dataset_id,model_id,workload_id,status,outcome,trials_used,encrypted_key_runs,selected_candidate_id,selected_trial_status,selected_assurance,log_n,q_prime_count,p_prime_count,log_default_scale,declared_log_qp,security_headroom_bits,analysis_scale_bits,backend_scale_lift_bits,backend_validation_attempts,same_tier_precision_gain_bits,same_tier_static_candidates_tried,generation_kind,key_repeats_requested,key_repeats_completed,success_runs,decision_flips,error_violations,max_observed_error,max_error_budget_usage,v_cert,v_amb,mean_total_ms,median_total_ms,p95_total_ms,contract_digest,model_sha256,validation_sha256,prepared_validation_sha256,source_data_sha256,source_validation_sha256,materialization_schema,source_feature_space,preprocessing_method,source_replay_verified,result_path
full_structural_poly3_inputmodel_floor18_keys3,0,development_ablation,banknote,mlp_square_poly3,split_seed_0/banknote/mlp_square_poly3,ok,SELECTED,2,6,synth_repair_scale_1_rescale_N14_Q10_S26_13c48b68a879,SAFE,OBSERVED_VALIDATION,14,10,1,26,293,137,26,0,1,0,1,repair_scale_1,3,3,3,0,0,0.0076333217342337,0.10494627480741224,205,0,460.43957458211383,445.179742,552.053551,sha256:13c48b68a8796fdb969a9b05a37ef306fe2a328de534b609b0708a9c8b2e9dd8,sha256:6760bae998b56504742d017fd671a36d3527d0d0df22fc9707c4205ca7019408,sha256:15ed6a057668a2a51434bd41d96c77e56f8fb1cfece5fc2157758967f1fa9be1,sha256:15ed6a057668a2a51434bd41d96c77e56f8fb1cfece5fc2157758967f1fa9be1,sha256:cf669144aa9d2562e15e763319c82f420a2781a28c5b45676006eb4e8065c671,sha256:cf669144aa9d2562e15e763319c82f420a2781a28c5b45676006eb4e8065c671,flipguard_tabular_validation_v2,model_input,identity_model_input_v1,True,results/thesis_grade_protocol/direct_tabular_autotune_v1/full_structural_poly3_inputmodel_floor18_keys3/results/directv1_full_structural_poly3_inputmodel_floor18_keys3_seed0_banknote_mlp_square_poly3.json
full_structural_poly3_inputmodel_floor18_keys3,0,development_ablation,digits_binary,mlp_square_poly3,split_seed_0/digits_binary/mlp_square_poly3,ok,SELECTED,2,6,synth_repair_scale_1_rescale_N14_Q10_S26_8e664d60a276,SAFE,OBSERVED_VALIDATION,14,10,1,26,293,137,26,0,1,0,1,repair_scale_1,3,3,3,0,0,0.0022262428946169255,0.27014935998998363,245,25,571.0697837901225,552.843724,675.343086,sha256:8e664d60a27669db8deba2141289469c74e85070228bdb46866f81607e680917,sha256:d6c8fbf64810e25c8a09da08d37547a601d2d2ef1dbb22c45daa820f22ae265c,sha256:d4d2073be880c9ae1b0010433821cd3a456161ea0e6e0319e236e4f65ecd7f70,sha256:d4d2073be880c9ae1b0010433821cd3a456161ea0e6e0319e236e4f65ecd7f70,sha256:0875f6feeb6927af525805e085ecf65d23242ea16bc097e1e231c4fe1ee8b085,sha256:0875f6feeb6927af525805e085ecf65d23242ea16bc097e1e231c4fe1ee8b085,flipguard_tabular_validation_v2,model_input,identity_model_input_v1,True,results/thesis_grade_protocol/direct_tabular_autotune_v1/full_structural_poly3_inputmodel_floor18_keys3/results/directv1_full_structural_poly3_inputmodel_floor18_keys3_seed0_digits_binary_mlp_square_poly3.json
full_structural_poly3_inputmodel_floor18_keys3,0,development_ablation,iris_binary,mlp_square_poly3,split_seed_0/iris_binary/mlp_square_poly3,ok,SELECTED,1,3,synth_analysis_minimum_rescale_N14_Q10_S22_6618ee12971e,SAFE,OBSERVED_VALIDATION,14,10,1,22,253,177,18,4,5,0,1,analysis_minimum,3,3,3,0,0,0.05740349325818683,0.8026884263845212,14,0,483.0254050952381,442.291688,718.511768,sha256:6618ee12971e716616ce236876d2336e84eb0d379a09a06f21676e00545b9243,sha256:e473307e3bafec908c3ecb306957ce3b77acc9f864fd62354b239bf533b9d166,sha256:00ab763c0231e44e69818016b6f4f2fc186d99b180e8b4a7cac7d1e17825ba36,sha256:00ab763c0231e44e69818016b6f4f2fc186d99b180e8b4a7cac7d1e17825ba36,sha256:4d95258df0bd8313b78c8a06d376809db8e8b66d0f0910f59a78da022c051e8f,sha256:4d95258df0bd8313b78c8a06d376809db8e8b66d0f0910f59a78da022c051e8f,flipguard_tabular_validation_v2,model_input,identity_model_input_v1,True,results/thesis_grade_protocol/direct_tabular_autotune_v1/full_structural_poly3_inputmodel_floor18_keys3/results/directv1_full_structural_poly3_inputmodel_floor18_keys3_seed0_iris_binary_mlp_square_poly3.json
full_structural_poly3_inputmodel_floor18_keys3,0,development_ablation,mnist_pool16,mlp_square_poly3,split_seed_0/mnist_pool16/mlp_square_poly3,ok,SELECTED,2,6,synth_repair_scale_1_rescale_N14_Q10_S26_7bb9513171dd,SAFE,OBSERVED_VALIDATION,14,10,1,26,293,137,26,0,1,0,1,repair_scale_1,3,3,3,0,0,0.0061040445082831685,0.2869017970247374,247,2,775.2660963467207,755.154067,915.218686,sha256:7bb9513171ddd1ab104c23430b52362ca3fd57da9c891740180ed42abd88a577,sha256:3bf1edec1c3a99b737b07d9c39e2d2e8156c1bc7e4e5c87a84ed04f593968bfb,sha256:ba2579e64af9036194292199335d84177d83f646ab50cd33cc1f9382c1661c39,sha256:ba2579e64af9036194292199335d84177d83f646ab50cd33cc1f9382c1661c39,sha256:a34e9b347e537d153fc6dad96da00154840399e55ef95f547a8cd05457567ba5,sha256:a34e9b347e537d153fc6dad96da00154840399e55ef95f547a8cd05457567ba5,flipguard_tabular_validation_v2,model_input,identity_model_input_v1,True,results/thesis_grade_protocol/direct_tabular_autotune_v1/full_structural_poly3_inputmodel_floor18_keys3/results/directv1_full_structural_poly3_inputmodel_floor18_keys3_seed0_mnist_pool16_mlp_square_poly3.json
full_structural_poly3_inputmodel_floor18_keys3,0,development_ablation,wdbc,mlp_square_poly3,split_seed_0/wdbc/mlp_square_poly3,ok,SELECTED,2,6,synth_repair_scale_1_rescale_N14_Q10_S26_4d1eaac64a32,SAFE,OBSERVED_VALIDATION,14,10,1,26,293,137,26,0,1,0,1,repair_scale_1,3,3,3,0,0,0.00711423607336481,0.19905634452400325,80,5,560.402871564706,544.419114,656.168367,sha256:4d1eaac64a32e371fa4d7a3542db01a09844292ab53ab14b8c5af2fe86716ed5,sha256:826bdddf3e4316fe80dbe8d3ffd4fadbab6b11c5a3fdef402a6e761b9356ff69,sha256:a99d4ae620a5fe798ddc516b0534364f56cdf9269da9182cc72caae36e894650,sha256:a99d4ae620a5fe798ddc516b0534364f56cdf9269da9182cc72caae36e894650,sha256:72c543388e87345da7c2db07dd800c78d14625236e77a476268800ba081a84bc,sha256:72c543388e87345da7c2db07dd800c78d14625236e77a476268800ba081a84bc,flipguard_tabular_validation_v2,model_input,identity_model_input_v1,True,results/thesis_grade_protocol/direct_tabular_autotune_v1/full_structural_poly3_inputmodel_floor18_keys3/results/directv1_full_structural_poly3_inputmodel_floor18_keys3_seed0_wdbc_mlp_square_poly3.json
full_structural_poly3_inputmodel_floor18_keys3,1,post_freeze_repeated_partition_evaluation,banknote,mlp_square_poly3,split_seed_1/banknote/mlp_square_poly3,ok,SELECTED,1,3,synth_analysis_minimum_rescale_N14_Q10_S22_ed8d37a0a82e,SAFE,OBSERVED_VALIDATION,14,10,1,22,253,177,18,4,5,0,1,analysis_minimum,3,3,3,0,0,0.06105584826918797,0.9070120201937882,205,0,445.4634141821135,434.310149,523.211446,sha256:ed8d37a0a82e1965e95ec65a7c5ec724d38915daaab81b248d040c0fdbe8390c,sha256:6760bae998b56504742d017fd671a36d3527d0d0df22fc9707c4205ca7019408,sha256:493a9becbc2364a6b86c8871002ac4ddd0291c825edc8d6e645f28b8c70b4092,sha256:493a9becbc2364a6b86c8871002ac4ddd0291c825edc8d6e645f28b8c70b4092,sha256:b73cdeb67d7f5ba2e8ba5ab98b978809f2bb1f054615f96b49868b1ed7f00374,sha256:b73cdeb67d7f5ba2e8ba5ab98b978809f2bb1f054615f96b49868b1ed7f00374,flipguard_tabular_validation_v2,model_input,identity_model_input_v1,True,results/thesis_grade_protocol/direct_tabular_autotune_v1/full_structural_poly3_inputmodel_floor18_keys3/results/directv1_full_structural_poly3_inputmodel_floor18_keys3_seed1_banknote_mlp_square_poly3.json
full_structural_poly3_inputmodel_floor18_keys3,1,post_freeze_repeated_partition_evaluation,digits_binary,mlp_square_poly3,split_seed_1/digits_binary/mlp_square_poly3,ok,SELECTED,2,6,synth_repair_scale_1_rescale_N14_Q10_S26_a12252131b04,SAFE,OBSERVED_VALIDATION,14,10,1,26,293,137,26,0,1,0,1,repair_scale_1,3,3,3,0,0,0.003040873675576261,0.16729618533353072,253,17,554.3728431234559,540.809209,643.222698,sha256:a12252131b04904ca1e02487de0f8657fdf46f81ac9182d4c53b80e10e8ed514,sha256:d6c8fbf64810e25c8a09da08d37547a601d2d2ef1dbb22c45daa820f22ae265c,sha256:c6c57213974d483f0cf20a0b10aad3376b0840424f2049cdcd74c61f77ba9c50,sha256:c6c57213974d483f0cf20a0b10aad3376b0840424f2049cdcd74c61f77ba9c50,sha256:ee80a6d4bce03ad4964a0b06859c8a284f39a4e79c14888f05c3562344bf557f,sha256:ee80a6d4bce03ad4964a0b06859c8a284f39a4e79c14888f05c3562344bf557f,flipguard_tabular_validation_v2,model_input,identity_model_input_v1,True,results/thesis_grade_protocol/direct_tabular_autotune_v1/full_structural_poly3_inputmodel_floor18_keys3/results/directv1_full_structural_poly3_inputmodel_floor18_keys3_seed1_digits_binary_mlp_square_poly3.json
full_structural_poly3_inputmodel_floor18_keys3,1,post_freeze_repeated_partition_evaluation,iris_binary,mlp_square_poly3,split_seed_1/iris_binary/mlp_square_poly3,ok,SELECTED,1,3,synth_analysis_minimum_rescale_N14_Q10_S22_d58e9978d023,SAFE,OBSERVED_VALIDATION,14,10,1,22,253,177,18,4,5,0,1,analysis_minimum,3,3,3,0,0,0.05584558145056773,0.7910446722134221,14,0,456.50707202380954,440.085158,612.789942,sha256:d58e9978d0234c10658b53fd3bcd5b53cc68a259d3494c6d42d034ef2217bedc,sha256:e473307e3bafec908c3ecb306957ce3b77acc9f864fd62354b239bf533b9d166,sha256:e91dcabf5cdc6d4090e506142e2030457e88ee82aaed5c4fe716ac79821056c7,sha256:e91dcabf5cdc6d4090e506142e2030457e88ee82aaed5c4fe716ac79821056c7,sha256:870ea188fdc4a2e35b914e682df6506451bd0c45a86d3357b58428d48dd234a2,sha256:870ea188fdc4a2e35b914e682df6506451bd0c45a86d3357b58428d48dd234a2,flipguard_tabular_validation_v2,model_input,identity_model_input_v1,True,results/thesis_grade_protocol/direct_tabular_autotune_v1/full_structural_poly3_inputmodel_floor18_keys3/results/directv1_full_structural_poly3_inputmodel_floor18_keys3_seed1_iris_binary_mlp_square_poly3.json
full_structural_poly3_inputmodel_floor18_keys3,1,post_freeze_repeated_partition_evaluation,mnist_pool16,mlp_square_poly3,split_seed_1/mnist_pool16/mlp_square_poly3,ok,SELECTED,2,6,synth_repair_scale_1_rescale_N14_Q10_S26_97778e08d5f0,SAFE,OBSERVED_VALIDATION,14,10,1,26,293,137,26,0,1,0,1,repair_scale_1,3,3,3,0,0,0.0060150795759764675,0.2044237719304252,246,3,773.7244502476568,755.043922,889.560415,sha256:97778e08d5f06fa956bd348ab5cc1381fd22030783b03daeb5aa251b9dc57bd2,sha256:3bf1edec1c3a99b737b07d9c39e2d2e8156c1bc7e4e5c87a84ed04f593968bfb,sha256:c8dbdcaede6e39d0bcf025681ee04ad49fe12d914114943d0ab96e543296ef76,sha256:c8dbdcaede6e39d0bcf025681ee04ad49fe12d914114943d0ab96e543296ef76,sha256:a9bfdb0441981199293db86b7db499accdf71e72c2bd12df859ea30c62ece93b,sha256:a9bfdb0441981199293db86b7db499accdf71e72c2bd12df859ea30c62ece93b,flipguard_tabular_validation_v2,model_input,identity_model_input_v1,True,results/thesis_grade_protocol/direct_tabular_autotune_v1/full_structural_poly3_inputmodel_floor18_keys3/results/directv1_full_structural_poly3_inputmodel_floor18_keys3_seed1_mnist_pool16_mlp_square_poly3.json
full_structural_poly3_inputmodel_floor18_keys3,1,post_freeze_repeated_partition_evaluation,wdbc,mlp_square_poly3,split_seed_1/wdbc/mlp_square_poly3,ok,SELECTED,2,6,synth_repair_scale_1_rescale_N14_Q10_S26_20a8b5b178f8,SAFE,OBSERVED_VALIDATION,14,10,1,26,293,137,26,0,1,0,1,repair_scale_1,3,3,3,0,0,0.02504916807239345,0.2404262902320621,83,2,560.5121075098044,546.378475,662.180765,sha256:20a8b5b178f8b98929d2e5e503f42f03738f5309651f747cc25d60c0eee96fb7,sha256:826bdddf3e4316fe80dbe8d3ffd4fadbab6b11c5a3fdef402a6e761b9356ff69,sha256:cf2885cf6e2773e2cece7ebeac1bb1923ee231db850cd6d28442a99ac0d5b903,sha256:cf2885cf6e2773e2cece7ebeac1bb1923ee231db850cd6d28442a99ac0d5b903,sha256:9693e4faf2a1017016053794fe00bb5bb789d1c6213f339cd8e0ab237e6ed155,sha256:9693e4faf2a1017016053794fe00bb5bb789d1c6213f339cd8e0ab237e6ed155,flipguard_tabular_validation_v2,model_input,identity_model_input_v1,True,results/thesis_grade_protocol/direct_tabular_autotune_v1/full_structural_poly3_inputmodel_floor18_keys3/results/directv1_full_structural_poly3_inputmodel_floor18_keys3_seed1_wdbc_mlp_square_poly3.json
full_structural_poly3_inputmodel_floor18_keys3,2,post_freeze_repeated_partition_evaluation,banknote,mlp_square_poly3,split_seed_2/banknote/mlp_square_poly3,ok,SELECTED,2,6,synth_repair_scale_1_rescale_N14_Q10_S26_05d68d48f19b,SAFE,OBSERVED_VALIDATION,14,10,1,26,293,137,26,0,1,0,1,repair_scale_1,3,3,3,0,0,0.007794065621158364,0.10825365675751199,205,0,444.572346708943,433.415651,514.271718,sha256:05d68d48f19b985a5c568546659dc073c3e07b42859bc13cd4d948432650fc0e,sha256:6760bae998b56504742d017fd671a36d3527d0d0df22fc9707c4205ca7019408,sha256:157bf034ea37517c10e84447579643af96a3bd17005a22e78daaad916ec01130,sha256:157bf034ea37517c10e84447579643af96a3bd17005a22e78daaad916ec01130,sha256:982fb583b8d0f5e0ffa8ecc24b73dd02ad0007d5392bc2b54b3b7acb4e4303fc,sha256:982fb583b8d0f5e0ffa8ecc24b73dd02ad0007d5392bc2b54b3b7acb4e4303fc,flipguard_tabular_validation_v2,model_input,identity_model_input_v1,True,results/thesis_grade_protocol/direct_tabular_autotune_v1/full_structural_poly3_inputmodel_floor18_keys3/results/directv1_full_structural_poly3_inputmodel_floor18_keys3_seed2_banknote_mlp_square_poly3.json
full_structural_poly3_inputmodel_floor18_keys3,2,post_freeze_repeated_partition_evaluation,digits_binary,mlp_square_poly3,split_seed_2/digits_binary/mlp_square_poly3,ok,SELECTED,2,6,synth_repair_scale_1_rescale_N14_Q10_S26_bbe47b62f7ea,SAFE,OBSERVED_VALIDATION,14,10,1,26,293,137,26,0,1,0,1,repair_scale_1,3,3,3,0,0,0.0020512779256482983,0.35070674280235326,253,17,555.0973392765428,541.751774,640.454623,sha256:bbe47b62f7eaab20a10797e74d12a4f556fa4e2e52f7ef2e56ea48182aa07b05,sha256:d6c8fbf64810e25c8a09da08d37547a601d2d2ef1dbb22c45daa820f22ae265c,sha256:82642a1f708c3b3200e6a70dcb2ad6f78abea513c79696dd7569ff25317ff53a,sha256:82642a1f708c3b3200e6a70dcb2ad6f78abea513c79696dd7569ff25317ff53a,sha256:1a4de01d632a77b0f436e42035173e8d2981577e687d77b81e6704c1932d2952,sha256:1a4de01d632a77b0f436e42035173e8d2981577e687d77b81e6704c1932d2952,flipguard_tabular_validation_v2,model_input,identity_model_input_v1,True,results/thesis_grade_protocol/direct_tabular_autotune_v1/full_structural_poly3_inputmodel_floor18_keys3/results/directv1_full_structural_poly3_inputmodel_floor18_keys3_seed2_digits_binary_mlp_square_poly3.json
full_structural_poly3_inputmodel_floor18_keys3,2,post_freeze_repeated_partition_evaluation,iris_binary,mlp_square_poly3,split_seed_2/iris_binary/mlp_square_poly3,ok,SELECTED,1,3,synth_analysis_minimum_rescale_N14_Q10_S22_ad495d286602,SAFE,OBSERVED_VALIDATION,14,10,1,22,253,177,18,4,5,0,1,analysis_minimum,3,3,3,0,0,0.05559063580252832,0.7874733764227803,14,0,448.9150336904763,424.29015,610.704853,sha256:ad495d2866020f1997502679cf5df8009502daf420b52ad755c769fc388e113f,sha256:e473307e3bafec908c3ecb306957ce3b77acc9f864fd62354b239bf533b9d166,sha256:a2d14bee4634c9b68dc013aa09e54e7781135d23904e59b213f3e55f2de5121c,sha256:a2d14bee4634c9b68dc013aa09e54e7781135d23904e59b213f3e55f2de5121c,sha256:1f6fdf8718f020e6074e2f43d8ce2f36ec24c1720a69fa36e37ed9957fad0824,sha256:1f6fdf8718f020e6074e2f43d8ce2f36ec24c1720a69fa36e37ed9957fad0824,flipguard_tabular_validation_v2,model_input,identity_model_input_v1,True,results/thesis_grade_protocol/direct_tabular_autotune_v1/full_structural_poly3_inputmodel_floor18_keys3/results/directv1_full_structural_poly3_inputmodel_floor18_keys3_seed2_iris_binary_mlp_square_poly3.json
full_structural_poly3_inputmodel_floor18_keys3,2,post_freeze_repeated_partition_evaluation,mnist_pool16,mlp_square_poly3,split_seed_2/mnist_pool16/mlp_square_poly3,ok,SELECTED,2,6,synth_repair_scale_1_rescale_N14_Q10_S26_f7cafac60084,SAFE,OBSERVED_VALIDATION,14,10,1,26,293,137,26,0,1,0,1,repair_scale_1,3,3,3,0,0,0.0055267955300468685,0.2848684060996723,244,5,773.2191065983941,754.643991,893.318338,sha256:f7cafac6008459d6ed6876b05263a6cae2d97054fcf17ec3f5df7055de14892a,sha256:3bf1edec1c3a99b737b07d9c39e2d2e8156c1bc7e4e5c87a84ed04f593968bfb,sha256:c033eaf82dad101c8827abc70b85d0a023057af3ac3b27071aa20e8dca485795,sha256:c033eaf82dad101c8827abc70b85d0a023057af3ac3b27071aa20e8dca485795,sha256:94ba1c76c236cf0d69511e505e3b186ea99f9a9498ee4c34853a8ad5186b3147,sha256:94ba1c76c236cf0d69511e505e3b186ea99f9a9498ee4c34853a8ad5186b3147,flipguard_tabular_validation_v2,model_input,identity_model_input_v1,True,results/thesis_grade_protocol/direct_tabular_autotune_v1/full_structural_poly3_inputmodel_floor18_keys3/results/directv1_full_structural_poly3_inputmodel_floor18_keys3_seed2_mnist_pool16_mlp_square_poly3.json
full_structural_poly3_inputmodel_floor18_keys3,2,post_freeze_repeated_partition_evaluation,wdbc,mlp_square_poly3,split_seed_2/wdbc/mlp_square_poly3,ok,SELECTED,2,6,synth_repair_scale_1_rescale_N14_Q10_S26_c645a982d05a,SAFE,OBSERVED_VALIDATION,14,10,1,26,293,137,26,0,1,0,1,repair_scale_1,3,3,3,0,0,0.008322948693236631,0.16835410882689336,84,1,555.5831000549022,541.000293,667.383819,sha256:c645a982d05ad003ae1a13db90f5f4ede86b597e05907337d928f8041e6880c8,sha256:826bdddf3e4316fe80dbe8d3ffd4fadbab6b11c5a3fdef402a6e761b9356ff69,sha256:c965635042fc6e28beff6e79d51ec994e89f6d54d480c5b8a0805905d9c2f04a,sha256:c965635042fc6e28beff6e79d51ec994e89f6d54d480c5b8a0805905d9c2f04a,sha256:1acab73cee3cb9fa89003a965884c809796b2e89ef65d4831569f5296ce266a1,sha256:1acab73cee3cb9fa89003a965884c809796b2e89ef65d4831569f5296ce266a1,flipguard_tabular_validation_v2,model_input,identity_model_input_v1,True,results/thesis_grade_protocol/direct_tabular_autotune_v1/full_structural_poly3_inputmodel_floor18_keys3/results/directv1_full_structural_poly3_inputmodel_floor18_keys3_seed2_wdbc_mlp_square_poly3.json
full_structural_poly3_inputmodel_floor18_keys3,3,post_freeze_repeated_partition_evaluation,banknote,mlp_square_poly3,split_seed_3/banknote/mlp_square_poly3,ok,SELECTED,2,6,synth_repair_scale_1_rescale_N14_Q10_S26_f612033233eb,SAFE,OBSERVED_VALIDATION,14,10,1,26,293,137,26,0,1,0,1,repair_scale_1,3,3,3,0,0,0.007015686649398167,0.10777736801600873,205,0,444.36063027479696,430.984258,522.174118,sha256:f612033233eb14c61bdd0f737aa1dc2e9aeb5001b88b7ec100b935bca0edfba8,sha256:6760bae998b56504742d017fd671a36d3527d0d0df22fc9707c4205ca7019408,sha256:b6b463f5d79ca87076517b916d64c4da9f9db1a5983a3f4cb09695e9970258ad,sha256:b6b463f5d79ca87076517b916d64c4da9f9db1a5983a3f4cb09695e9970258ad,sha256:8a6da5b59c7b42deb69cda823edb0851972a11ded625c9c73477433b04183238,sha256:8a6da5b59c7b42deb69cda823edb0851972a11ded625c9c73477433b04183238,flipguard_tabular_validation_v2,model_input,identity_model_input_v1,True,results/thesis_grade_protocol/direct_tabular_autotune_v1/full_structural_poly3_inputmodel_floor18_keys3/results/directv1_full_structural_poly3_inputmodel_floor18_keys3_seed3_banknote_mlp_square_poly3.json
full_structural_poly3_inputmodel_floor18_keys3,3,post_freeze_repeated_partition_evaluation,digits_binary,mlp_square_poly3,split_seed_3/digits_binary/mlp_square_poly3,ok,SELECTED,2,6,synth_repair_scale_1_rescale_N14_Q10_S26_a79854bb24a2,SAFE,OBSERVED_VALIDATION,14,10,1,26,293,137,26,0,1,0,1,repair_scale_1,3,3,3,0,0,0.004033601676728615,0.2272964399285527,256,14,558.9075781641976,542.16287,651.859182,sha256:a79854bb24a26cc57666e0504431cba9d985d4a2eab83cef5667563424fc3a2a,sha256:d6c8fbf64810e25c8a09da08d37547a601d2d2ef1dbb22c45daa820f22ae265c,sha256:84284e341124653a59d2d9f3db1316387d0603477cb30a5baaf4486eaf2b92f6,sha256:84284e341124653a59d2d9f3db1316387d0603477cb30a5baaf4486eaf2b92f6,sha256:2659ab6b37591ad3798ce435897ef3feea85d9fe04d17dbb586ef954b6bcb2e3,sha256:2659ab6b37591ad3798ce435897ef3feea85d9fe04d17dbb586ef954b6bcb2e3,flipguard_tabular_validation_v2,model_input,identity_model_input_v1,True,results/thesis_grade_protocol/direct_tabular_autotune_v1/full_structural_poly3_inputmodel_floor18_keys3/results/directv1_full_structural_poly3_inputmodel_floor18_keys3_seed3_digits_binary_mlp_square_poly3.json
full_structural_poly3_inputmodel_floor18_keys3,3,post_freeze_repeated_partition_evaluation,iris_binary,mlp_square_poly3,split_seed_3/iris_binary/mlp_square_poly3,ok,SELECTED,1,3,synth_analysis_minimum_rescale_N14_Q10_S22_a8545d702834,SAFE,OBSERVED_VALIDATION,14,10,1,22,253,177,18,4,5,0,1,analysis_minimum,3,3,3,0,0,0.057377559246010734,0.80094906271816,14,0,441.6300735952381,428.389398,503.504061,sha256:a8545d702834d3409493d416bc8ef35ff405dd6982ad935440ac39367f1ff79b,sha256:e473307e3bafec908c3ecb306957ce3b77acc9f864fd62354b239bf533b9d166,sha256:a0edf7de0a020b9504d4d83b1a881ca22bcf1babf9d57c0ed5605909fe765896,sha256:a0edf7de0a020b9504d4d83b1a881ca22bcf1babf9d57c0ed5605909fe765896,sha256:255353714de9130bf33239b659cd771e43a8ae4d9d448d95bfbae3fe027ece32,sha256:255353714de9130bf33239b659cd771e43a8ae4d9d448d95bfbae3fe027ece32,flipguard_tabular_validation_v2,model_input,identity_model_input_v1,True,results/thesis_grade_protocol/direct_tabular_autotune_v1/full_structural_poly3_inputmodel_floor18_keys3/results/directv1_full_structural_poly3_inputmodel_floor18_keys3_seed3_iris_binary_mlp_square_poly3.json
full_structural_poly3_inputmodel_floor18_keys3,3,post_freeze_repeated_partition_evaluation,mnist_pool16,mlp_square_poly3,split_seed_3/mnist_pool16/mlp_square_poly3,ok,SELECTED,2,6,synth_repair_scale_1_rescale_N14_Q10_S26_99b5ccb5dc80,SAFE,OBSERVED_VALIDATION,14,10,1,26,293,137,26,0,1,0,1,repair_scale_1,3,3,3,0,0,0.006059783879931113,0.21693426071653707,245,4,775.3865827858098,755.703058,889.367363,sha256:99b5ccb5dc80467b9ada92a3cfaca6f2f95ee33a39b7fd29829d79ae90401458,sha256:3bf1edec1c3a99b737b07d9c39e2d2e8156c1bc7e4e5c87a84ed04f593968bfb,sha256:8fd565b70384eab37cfc2a7f5d1d73ea2898c78dad248c6e9ca0f265c2011d6c,sha256:8fd565b70384eab37cfc2a7f5d1d73ea2898c78dad248c6e9ca0f265c2011d6c,sha256:999e48b2934a9867b493a37612264683a8b5b9e3892ec45fd593bc3d8160254a,sha256:999e48b2934a9867b493a37612264683a8b5b9e3892ec45fd593bc3d8160254a,flipguard_tabular_validation_v2,model_input,identity_model_input_v1,True,results/thesis_grade_protocol/direct_tabular_autotune_v1/full_structural_poly3_inputmodel_floor18_keys3/results/directv1_full_structural_poly3_inputmodel_floor18_keys3_seed3_mnist_pool16_mlp_square_poly3.json
full_structural_poly3_inputmodel_floor18_keys3,3,post_freeze_repeated_partition_evaluation,wdbc,mlp_square_poly3,split_seed_3/wdbc/mlp_square_poly3,ok,SELECTED,2,6,synth_repair_scale_1_rescale_N14_Q10_S26_3ae27b393190,SAFE,OBSERVED_VALIDATION,14,10,1,26,293,137,26,0,1,0,1,repair_scale_1,3,3,3,0,0,0.025032203203122078,0.15327937358980545,81,4,560.7238142352946,541.570182,666.366796,sha256:3ae27b393190d0f97e490d6c0cc039a381e3ee61dffb52cef285f0beb57ae49d,sha256:826bdddf3e4316fe80dbe8d3ffd4fadbab6b11c5a3fdef402a6e761b9356ff69,sha256:569e7b63ca8a401733199a9a8eafb7e9ef434e9b4e0bb726d16f37060007dd8c,sha256:569e7b63ca8a401733199a9a8eafb7e9ef434e9b4e0bb726d16f37060007dd8c,sha256:7c5833c18357a067db6e44d6612177ad439ec32f661e879e7fc3cafe43b5ffb7,sha256:7c5833c18357a067db6e44d6612177ad439ec32f661e879e7fc3cafe43b5ffb7,flipguard_tabular_validation_v2,model_input,identity_model_input_v1,True,results/thesis_grade_protocol/direct_tabular_autotune_v1/full_structural_poly3_inputmodel_floor18_keys3/results/directv1_full_structural_poly3_inputmodel_floor18_keys3_seed3_wdbc_mlp_square_poly3.json
full_structural_poly3_inputmodel_floor18_keys3,4,post_freeze_repeated_partition_evaluation,banknote,mlp_square_poly3,split_seed_4/banknote/mlp_square_poly3,ok,SELECTED,1,3,synth_analysis_minimum_rescale_N14_Q10_S22_01ae407b2f60,SAFE,OBSERVED_VALIDATION,14,10,1,22,253,177,18,4,5,0,1,analysis_minimum,3,3,3,0,0,0.055837523453377,0.9413060189678464,205,0,448.5497882552846,433.269977,536.549886,sha256:01ae407b2f605b37f97a5f0c243127fab20919a5529a4b3f0b96549aa27675b7,sha256:6760bae998b56504742d017fd671a36d3527d0d0df22fc9707c4205ca7019408,sha256:bd15357a82c4e54cb24e8bd1197b88f59f9993169091cb3db33cd95ef65c3b8c,sha256:bd15357a82c4e54cb24e8bd1197b88f59f9993169091cb3db33cd95ef65c3b8c,sha256:fa9fc988c7ae5a12765983d70029cdb8de616e35091ba71bb96e27ec9a12f096,sha256:fa9fc988c7ae5a12765983d70029cdb8de616e35091ba71bb96e27ec9a12f096,flipguard_tabular_validation_v2,model_input,identity_model_input_v1,True,results/thesis_grade_protocol/direct_tabular_autotune_v1/full_structural_poly3_inputmodel_floor18_keys3/results/directv1_full_structural_poly3_inputmodel_floor18_keys3_seed4_banknote_mlp_square_poly3.json
full_structural_poly3_inputmodel_floor18_keys3,4,post_freeze_repeated_partition_evaluation,digits_binary,mlp_square_poly3,split_seed_4/digits_binary/mlp_square_poly3,ok,SELECTED,2,6,synth_repair_scale_1_rescale_N14_Q10_S26_43486a8976e6,SAFE,OBSERVED_VALIDATION,14,10,1,26,293,137,26,0,1,0,1,repair_scale_1,3,3,3,0,0,0.0030815554764942465,0.2242313384826509,253,17,557.41913547037,544.328337,644.744954,sha256:43486a8976e6f9a93608b303e9b2ddf96de847ef99b61131bbfafcdd4c36162d,sha256:d6c8fbf64810e25c8a09da08d37547a601d2d2ef1dbb22c45daa820f22ae265c,sha256:22257bd4816b83b1e56b00c3c4bd8079021e080c4257c2c35e9b40a957299047,sha256:22257bd4816b83b1e56b00c3c4bd8079021e080c4257c2c35e9b40a957299047,sha256:67e93888e2deee8fb4a15447066070a19e5359f604f516937f31c4f5ee6e48b7,sha256:67e93888e2deee8fb4a15447066070a19e5359f604f516937f31c4f5ee6e48b7,flipguard_tabular_validation_v2,model_input,identity_model_input_v1,True,results/thesis_grade_protocol/direct_tabular_autotune_v1/full_structural_poly3_inputmodel_floor18_keys3/results/directv1_full_structural_poly3_inputmodel_floor18_keys3_seed4_digits_binary_mlp_square_poly3.json
full_structural_poly3_inputmodel_floor18_keys3,4,post_freeze_repeated_partition_evaluation,iris_binary,mlp_square_poly3,split_seed_4/iris_binary/mlp_square_poly3,ok,SELECTED,1,3,synth_analysis_minimum_rescale_N14_Q10_S22_f33c4f7a01b6,SAFE,OBSERVED_VALIDATION,14,10,1,22,253,177,18,4,5,0,1,analysis_minimum,3,3,3,0,0,0.05561032160704937,0.8164688173445876,14,0,456.738505952381,441.081086,513.685709,sha256:f33c4f7a01b61ef0465d3c6b54e8c35724eaef345f49e0a934e519a012e33f35,sha256:e473307e3bafec908c3ecb306957ce3b77acc9f864fd62354b239bf533b9d166,sha256:be1f0fcb77d06d50468692a6a5dd7a51f75bc33d9fb089f768f1ab38bbec8c72,sha256:be1f0fcb77d06d50468692a6a5dd7a51f75bc33d9fb089f768f1ab38bbec8c72,sha256:f9b64ab43ff412e6c067ba01ef0a20b2b2c77a729377b7aeac71bd156201226d,sha256:f9b64ab43ff412e6c067ba01ef0a20b2b2c77a729377b7aeac71bd156201226d,flipguard_tabular_validation_v2,model_input,identity_model_input_v1,True,results/thesis_grade_protocol/direct_tabular_autotune_v1/full_structural_poly3_inputmodel_floor18_keys3/results/directv1_full_structural_poly3_inputmodel_floor18_keys3_seed4_iris_binary_mlp_square_poly3.json
full_structural_poly3_inputmodel_floor18_keys3,4,post_freeze_repeated_partition_evaluation,mnist_pool16,mlp_square_poly3,split_seed_4/mnist_pool16/mlp_square_poly3,ok,SELECTED,2,6,synth_repair_scale_1_rescale_N14_Q10_S26_c1ec091dea21,SAFE,OBSERVED_VALIDATION,14,10,1,26,293,137,26,0,1,0,1,repair_scale_1,3,3,3,0,0,0.0060766963998972745,0.19596143581551784,246,3,779.5565595702809,762.696121,883.555912,sha256:c1ec091dea21d7c7ce391dcf8700f795de1c43d9598f2293fffcdad99f6af1f9,sha256:3bf1edec1c3a99b737b07d9c39e2d2e8156c1bc7e4e5c87a84ed04f593968bfb,sha256:5c7e6539c34744725c1bb17d130f094b78a5692e8f89c33461fe78e66d947a77,sha256:5c7e6539c34744725c1bb17d130f094b78a5692e8f89c33461fe78e66d947a77,sha256:75f588d4c7d0628a5d14b0b508a0a2a9d106c10a4f53a2d51e82210b91d4be5a,sha256:75f588d4c7d0628a5d14b0b508a0a2a9d106c10a4f53a2d51e82210b91d4be5a,flipguard_tabular_validation_v2,model_input,identity_model_input_v1,True,results/thesis_grade_protocol/direct_tabular_autotune_v1/full_structural_poly3_inputmodel_floor18_keys3/results/directv1_full_structural_poly3_inputmodel_floor18_keys3_seed4_mnist_pool16_mlp_square_poly3.json
full_structural_poly3_inputmodel_floor18_keys3,4,post_freeze_repeated_partition_evaluation,wdbc,mlp_square_poly3,split_seed_4/wdbc/mlp_square_poly3,ok,SELECTED,2,6,synth_repair_scale_1_rescale_N14_Q10_S26_fa2f5d63afc0,SAFE,OBSERVED_VALIDATION,14,10,1,26,293,137,26,0,1,0,1,repair_scale_1,3,3,3,0,0,0.007190291137089133,0.15348765236516573,81,4,561.8946362470589,545.295463,661.836609,sha256:fa2f5d63afc0e7e273d89b685a35d70660a5b63541a773045a0bbf473fbf2786,sha256:826bdddf3e4316fe80dbe8d3ffd4fadbab6b11c5a3fdef402a6e761b9356ff69,sha256:6007a8e0203075f58d43dffde9059cedb48cf54bd8fd1508d815abafbd91e48c,sha256:6007a8e0203075f58d43dffde9059cedb48cf54bd8fd1508d815abafbd91e48c,sha256:1707d83a66e273a2300dcefb06cf2abcaae11bd1c9abee72f9b5a6201213025f,sha256:1707d83a66e273a2300dcefb06cf2abcaae11bd1c9abee72f9b5a6201213025f,flipguard_tabular_validation_v2,model_input,identity_model_input_v1,True,results/thesis_grade_protocol/direct_tabular_autotune_v1/full_structural_poly3_inputmodel_floor18_keys3/results/directv1_full_structural_poly3_inputmodel_floor18_keys3_seed4_wdbc_mlp_square_poly3.json
