dataset_id,model_id,profile,path,requested_runs,ok_runs,failed_runs,accepted_runs,strict_safe,mean_eval_only_ms,std_eval_only_ms,mean_total_ms,std_total_ms,max_decision_flips,sum_decision_flips,max_score_error_violations,sum_score_error_violations,max_y_error
banknote,linear_poly3,deep_chain_8_scale45,baseline_non_rescale,3,3,0,3,true,108.8136287096,0.0071162422,334.4443002969,0.0544766617,0,0,0,0,0.0000000001
banknote,linear_poly3,deep_chain_8_scale45,rescale_aware,3,3,0,3,true,108.3092094612,0.1216355602,311.6709414782,0.1830549286,0,0,0,0,0.0000000001
banknote,linear_poly3,deep_chain_9_scale45,baseline_non_rescale,3,3,0,3,true,134.4847745801,0.4963071876,382.7853226893,1.5654118976,0,0,0,0,0.0000000001
banknote,linear_poly3,deep_chain_9_scale45,rescale_aware,3,3,0,3,true,142.9025542694,0.1294177534,368.5313407023,0.1691292868,0,0,0,0,0.0000000001
banknote,linear_poly3,default,baseline_non_rescale,3,3,0,3,true,46.8384907427,0.1574071107,145.4014721529,0.4336406286,0,0,0,0,0.0000000001
banknote,linear_poly3,default,rescale_aware,3,3,0,3,true,42.3899251586,0.1668833027,119.3302793956,0.2959003432,0,0,0,0,0.0000002079
banknote,linear_poly3,scale38,baseline_non_rescale,3,3,0,3,true,46.9046599692,0.1733186354,145.3630370057,0.1623871963,0,0,0,0,0.0000000085
banknote,linear_poly3,scale38,rescale_aware,3,3,0,3,true,47.9746400218,0.0988810034,135.3088280162,0.1672905006,0,0,0,0,0.0000000038
banknote,linear_poly3,scale40,baseline_non_rescale,3,3,0,3,true,46.8907231626,0.0802512303,145.5028749353,0.1652916925,0,0,0,0,0.0000000015
banknote,linear_poly3,scale40,rescale_aware,3,3,0,3,true,48.0950822443,0.0625267724,135.3792705834,0.1442421520,0,0,0,0,0.0000000011
banknote,linear_poly3,scale42,baseline_non_rescale,3,3,0,3,true,46.9479544668,0.0813013377,145.5616034231,0.1228561912,0,0,0,0,0.0000000003
banknote,linear_poly3,scale42,rescale_aware,3,3,0,3,true,47.9677105793,0.0916625038,135.1569282103,0.0475169500,0,0,0,0,0.0000000003
banknote,linear_poly3,short_chain_3,baseline_non_rescale,3,3,0,0,false,19.8007033787,0.1026457926,77.2358960777,0.1826601018,192,576,412,1236,0.6194131478
banknote,linear_poly3,short_chain_3,rescale_aware,6,0,6,0,false,,0.0000000000,,0.0000000000,,,,,
banknote,linear_poly3,short_chain_5,baseline_non_rescale,3,3,0,0,false,32.2339316367,0.1700993577,109.5971063770,0.5132258022,192,576,412,1236,0.6194131478
banknote,linear_poly3,short_chain_5,rescale_aware,6,0,6,0,false,,0.0000000000,,0.0000000000,,,,,
banknote,linear_poly3,short_chain_6_scale38,baseline_non_rescale,3,3,0,0,false,37.1392007314,0.0498190369,126.5431355251,0.1997657123,192,576,412,1236,0.6193849863
banknote,linear_poly3,short_chain_6_scale38,rescale_aware,3,3,0,0,false,36.6996770235,0.0731629865,105.7249042662,0.1397061460,192,576,412,1236,0.6193848814
banknote,linear_poly3,short_chain_6_scale40,baseline_non_rescale,3,3,0,0,false,36.9875987136,0.0791078296,126.0575250097,0.2550375921,192,576,412,1236,0.6194135952
banknote,linear_poly3,short_chain_6_scale40,rescale_aware,3,3,0,0,false,36.6885357985,0.0942753494,105.8288227273,0.2550237986,192,576,412,1236,0.6194134903
banknote,linear_poly3,short_chain_6_scale42,baseline_non_rescale,3,3,0,0,false,37.0620875971,0.0834369612,126.2155579223,0.0930024568,192,576,412,1236,0.6194131481
banknote,linear_poly3,short_chain_6_scale42,rescale_aware,3,3,0,0,false,36.7717091011,0.0682256892,105.8494128592,0.0850408000,192,576,412,1236,0.6194131474
banknote,mlp_square_linear_score,deep_chain_8_scale45,baseline_non_rescale,3,3,0,3,true,236.5434923414,0.6861602858,463.7982916116,0.9770545635,0,0,0,0,0.0000000001
banknote,mlp_square_linear_score,deep_chain_8_scale45,rescale_aware,3,3,0,3,true,279.4349486303,0.5194143888,478.4851478147,0.7070508094,0,0,0,0,0.0000000001
banknote,mlp_square_linear_score,deep_chain_9_scale45,baseline_non_rescale,3,3,0,3,true,290.7087016740,0.1088421043,541.0675328317,0.5695032013,0,0,0,0,0.0000000001
banknote,mlp_square_linear_score,deep_chain_9_scale45,rescale_aware,3,3,0,3,true,345.8216177023,0.3028401222,581.7577804765,0.2092708752,0,0,0,0,0.0000000001
banknote,mlp_square_linear_score,default,baseline_non_rescale,3,3,0,3,true,102.2226449515,0.2481364109,201.4706740542,0.1957769722,0,0,0,0,0.0000000001
banknote,mlp_square_linear_score,default,rescale_aware,3,3,0,3,true,118.8130912225,0.2195714265,205.3667837646,0.3703020351,0,0,0,0,0.0000000000
banknote,mlp_square_linear_score,scale38,baseline_non_rescale,3,3,0,3,true,102.1081716206,0.1648257724,201.3064206367,0.0553731277,0,0,0,0,0.0000000052
banknote,mlp_square_linear_score,scale38,rescale_aware,3,3,0,3,true,120.5941799579,0.2207065791,211.7462498471,0.2281448832,0,0,0,0,0.0000000033
banknote,mlp_square_linear_score,scale40,baseline_non_rescale,3,3,0,3,true,102.2435177484,0.3751705368,201.4714539806,0.5758957921,0,0,0,0,0.0000000016
banknote,mlp_square_linear_score,scale40,rescale_aware,3,3,0,3,true,120.4541914102,0.1446739295,211.6077240372,0.1550607728,0,0,0,0,0.0000000015
banknote,mlp_square_linear_score,scale42,baseline_non_rescale,3,3,0,3,true,102.3092943940,0.1436435921,201.4904445817,0.1868536006,0,0,0,0,0.0000000004
banknote,mlp_square_linear_score,scale42,rescale_aware,3,3,0,3,true,120.5887447994,0.2030128370,211.6537736375,0.5180564458,0,0,0,0,0.0000000004
banknote,mlp_square_linear_score,short_chain_3,baseline_non_rescale,3,3,0,0,false,42.9120357961,0.0638022716,101.1387051586,0.1393339427,183,549,412,1236,0.6212435602
banknote,mlp_square_linear_score,short_chain_3,rescale_aware,3,3,0,0,false,45.6484755639,0.1222717839,75.5817784126,0.1421459482,183,549,412,1236,0.6212435602
banknote,mlp_square_linear_score,short_chain_5,baseline_non_rescale,3,3,0,0,false,70.5092571877,0.2249460054,148.7214468406,0.3103198825,183,549,412,1236,0.6212435592
banknote,mlp_square_linear_score,short_chain_5,rescale_aware,3,3,0,0,false,82.0524481723,0.1873038001,152.8841606222,0.3936958591,183,549,412,1236,0.6212435628
banknote,mlp_square_linear_score,short_chain_6_scale38,baseline_non_rescale,3,3,0,3,true,80.7141296796,0.2005033658,170.4841721893,0.3142169737,0,0,0,0,0.0000000083
banknote,mlp_square_linear_score,short_chain_6_scale38,rescale_aware,3,3,0,3,true,96.0222346222,0.1879421483,176.9269648269,0.1525302347,0,0,0,0,0.0000000097
banknote,mlp_square_linear_score,short_chain_6_scale40,baseline_non_rescale,3,3,0,3,true,80.4880376456,0.1752026239,170.1937204474,0.3175233827,0,0,0,0,0.0000000019
banknote,mlp_square_linear_score,short_chain_6_scale40,rescale_aware,3,3,0,3,true,95.5657006748,0.3521669437,176.4938782937,0.4908161107,0,0,0,0,0.0000000011
banknote,mlp_square_linear_score,short_chain_6_scale42,baseline_non_rescale,3,3,0,3,true,80.8033387524,0.1988743365,170.6930623220,0.2839335556,0,0,0,0,0.0000000005
banknote,mlp_square_linear_score,short_chain_6_scale42,rescale_aware,3,3,0,3,true,95.8967898803,0.1300632776,176.8328584312,0.1146898661,0,0,0,0,0.0000000002
digits_binary,linear_poly3,deep_chain_8_scale45,baseline_non_rescale,3,3,0,3,true,117.5471579580,0.1452601100,470.8488968185,0.2676203846,0,0,0,0,0.0000000000
digits_binary,linear_poly3,deep_chain_8_scale45,rescale_aware,3,3,0,3,true,115.6599319877,0.4021210941,445.8588329037,0.4331738739,0,0,0,0,0.0000000000
digits_binary,linear_poly3,deep_chain_9_scale45,baseline_non_rescale,3,3,0,3,true,144.2641448358,0.2203010509,536.3641165482,0.1734061253,0,0,0,0,0.0000000000
digits_binary,linear_poly3,deep_chain_9_scale45,rescale_aware,3,3,0,3,true,150.7965210352,0.1257449277,518.0277512574,0.7515861645,0,0,0,0,0.0000000000
digits_binary,linear_poly3,default,baseline_non_rescale,3,3,0,3,true,50.4406369969,0.1295550443,203.0693938950,0.5575171815,0,0,0,0,0.0000000000
digits_binary,linear_poly3,default,rescale_aware,3,3,0,3,true,45.3207449333,0.1253597541,176.2998483463,0.3984894364,0,0,0,0,0.0000002080
digits_binary,linear_poly3,scale38,baseline_non_rescale,3,3,0,3,true,50.4570578945,0.1655541911,203.1594857155,0.1622257452,0,0,0,0,0.0000000008
digits_binary,linear_poly3,scale38,rescale_aware,3,3,0,3,true,50.9057982673,0.2152413014,191.7291448938,0.4168154522,0,0,0,0,0.0000000013
digits_binary,linear_poly3,scale40,baseline_non_rescale,3,3,0,3,true,50.2274971518,0.1172791893,202.3647281395,0.2795926579,0,0,0,0,0.0000000002
digits_binary,linear_poly3,scale40,rescale_aware,3,3,0,3,true,50.7374451142,0.1434154670,191.0811273951,0.1674987664,0,0,0,0,0.0000000002
digits_binary,linear_poly3,scale42,baseline_non_rescale,3,3,0,3,true,50.3349600315,0.1286213990,202.4704866401,0.4463211192,0,0,0,0,0.0000000001
digits_binary,linear_poly3,scale42,rescale_aware,3,3,0,3,true,50.7634351537,0.0965616163,191.3936361451,0.1640327820,0,0,0,0,0.0000000001
digits_binary,linear_poly3,short_chain_3,baseline_non_rescale,3,3,0,0,false,21.1606393494,0.0753093052,106.6584534364,0.2172971964,257,771,540,1620,0.6159805173
digits_binary,linear_poly3,short_chain_3,rescale_aware,6,0,6,0,false,,0.0000000000,,0.0000000000,,,,,
digits_binary,linear_poly3,short_chain_5,baseline_non_rescale,3,3,0,0,false,35.0639834938,0.0880516063,153.5663169031,0.3211308606,257,771,540,1620,0.6159805173
digits_binary,linear_poly3,short_chain_5,rescale_aware,6,0,6,0,false,,0.0000000000,,0.0000000000,,,,,
digits_binary,linear_poly3,short_chain_6_scale38,baseline_non_rescale,3,3,0,0,false,40.2308580747,0.1298485246,177.1963275555,0.1155991964,257,771,540,1620,0.6159670151
digits_binary,linear_poly3,short_chain_6_scale38,rescale_aware,3,3,0,0,false,39.2617130648,0.0536116096,155.9470167500,0.3042582201,257,771,540,1620,0.6159669110
digits_binary,linear_poly3,short_chain_6_scale40,baseline_non_rescale,3,3,0,0,false,40.2160997852,0.0291649936,177.0678453592,0.2113257915,257,771,540,1620,0.6159803664
digits_binary,linear_poly3,short_chain_6_scale40,rescale_aware,3,3,0,0,false,39.2326694414,0.0465078616,155.9588796537,0.0035006711,257,771,540,1620,0.6159802619
digits_binary,linear_poly3,short_chain_6_scale42,baseline_non_rescale,3,3,0,0,false,40.2392317346,0.0575999461,177.3013099142,0.2138829614,257,771,540,1620,0.6159805154
digits_binary,linear_poly3,short_chain_6_scale42,rescale_aware,3,3,0,0,false,39.4502967376,0.1402142813,156.3808534160,0.4928384005,257,771,540,1620,0.6159805152
digits_binary,mlp_square_linear_score,deep_chain_8_scale45,baseline_non_rescale,3,3,0,3,true,262.0842795204,0.5027854684,617.6416892284,0.4343791782,0,0,0,0,0.0000000000
digits_binary,mlp_square_linear_score,deep_chain_8_scale45,rescale_aware,3,3,0,3,true,304.3422310210,1.8443773572,631.2014467920,3.5569901045,0,0,0,0,0.0000000000
digits_binary,mlp_square_linear_score,deep_chain_9_scale45,baseline_non_rescale,3,3,0,3,true,320.6093154895,0.8033345737,714.0355604259,0.8354126261,0,0,0,0,0.0000000000
digits_binary,mlp_square_linear_score,deep_chain_9_scale45,rescale_aware,3,3,0,3,true,375.0334900599,0.2832108558,752.3372896488,0.1455636225,0,0,0,0,0.0000000000
digits_binary,mlp_square_linear_score,default,baseline_non_rescale,3,3,0,3,true,112.5682642617,0.0577661640,266.2740772253,0.1877218202,0,0,0,0,0.0000000000
digits_binary,mlp_square_linear_score,default,rescale_aware,3,3,0,3,true,129.6554218525,0.3825721547,270.1228998920,0.3444419447,0,0,0,0,0.0000000000
digits_binary,mlp_square_linear_score,scale38,baseline_non_rescale,3,3,0,3,true,112.6634017796,0.2466547343,266.7523963191,0.4474344402,0,0,0,0,0.0000000007
digits_binary,mlp_square_linear_score,scale38,rescale_aware,3,3,0,3,true,130.9015044593,0.0477158888,275.6129626586,0.1571723792,0,0,0,0,0.0000000005
digits_binary,mlp_square_linear_score,scale40,baseline_non_rescale,3,3,0,3,true,112.7026570111,0.1073633828,266.5524656086,0.2845780580,0,0,0,0,0.0000000002
digits_binary,mlp_square_linear_score,scale40,rescale_aware,3,3,0,3,true,130.8909556414,0.1936728411,275.8419901802,0.1007285008,0,0,0,0,0.0000000004
digits_binary,mlp_square_linear_score,scale42,baseline_non_rescale,3,3,0,3,true,112.3539502957,0.2770508325,265.9418064667,0.2586414660,0,0,0,0,0.0000000000
digits_binary,mlp_square_linear_score,scale42,rescale_aware,3,3,0,3,true,131.0160068994,0.3204063468,275.8021863815,0.4727889005,0,0,0,0,0.0000000000
digits_binary,mlp_square_linear_score,short_chain_3,baseline_non_rescale,3,3,0,0,false,47.7369177691,0.1052212301,134.2888260179,0.1431012660,271,813,540,1620,0.5825953151
digits_binary,mlp_square_linear_score,short_chain_3,rescale_aware,3,3,0,0,false,51.0850768975,0.2397341387,109.1085405710,0.3126995654,271,813,540,1620,0.5825953151
digits_binary,mlp_square_linear_score,short_chain_5,baseline_non_rescale,3,3,0,0,false,78.5521674821,0.2085364491,198.1407839426,0.4815366612,271,813,540,1620,0.5825953270
digits_binary,mlp_square_linear_score,short_chain_5,rescale_aware,3,3,0,0,false,89.6012368494,0.0609283778,201.0430700747,0.1119917811,271,813,540,1620,0.5825953095
digits_binary,mlp_square_linear_score,short_chain_6_scale38,baseline_non_rescale,3,3,0,3,true,89.4659351241,0.0667085098,227.2774742006,0.2947294735,0,0,0,0,0.0000000009
digits_binary,mlp_square_linear_score,short_chain_6_scale38,rescale_aware,3,3,0,3,true,104.7460348599,0.1688989068,233.2144239599,0.2876115709,0,0,0,0,0.0000000007
digits_binary,mlp_square_linear_score,short_chain_6_scale40,baseline_non_rescale,3,3,0,3,true,89.6171180864,0.0723558875,227.4335365895,0.0464021657,0,0,0,0,0.0000000004
digits_binary,mlp_square_linear_score,short_chain_6_scale40,rescale_aware,3,3,0,3,true,104.8383789611,0.1108070508,233.3846027876,0.2145822352,0,0,0,0,0.0000000001
digits_binary,mlp_square_linear_score,short_chain_6_scale42,baseline_non_rescale,3,3,0,3,true,89.4233067469,0.0924190609,227.3819134975,0.2263535059,0,0,0,0,0.0000000001
digits_binary,mlp_square_linear_score,short_chain_6_scale42,rescale_aware,3,3,0,3,true,104.7995721228,0.1967827508,233.4757287259,0.3152295884,0,0,0,0,0.0000000000
iris_binary,linear_poly3,deep_chain_8_scale45,baseline_non_rescale,3,3,0,3,true,108.2512604556,0.6831130939,332.1908992111,1.8361554925,0,0,0,0,0.0000000000
iris_binary,linear_poly3,deep_chain_8_scale45,rescale_aware,3,3,0,3,true,107.8153355222,0.1571122301,309.9667233000,0.0810123810,0,0,0,0,0.0000000000
iris_binary,linear_poly3,deep_chain_9_scale45,baseline_non_rescale,3,3,0,3,true,135.7480977667,1.5742258313,382.4957821889,2.7198793927,0,0,0,0,0.0000000000
iris_binary,linear_poly3,deep_chain_9_scale45,rescale_aware,3,3,0,3,true,141.6444952778,0.4308676023,365.7889650444,1.2073006365,0,0,0,0,0.0000000001
iris_binary,linear_poly3,default,baseline_non_rescale,3,3,0,3,true,47.5397128555,0.4680723839,148.2686028556,2.5084540707,0,0,0,0,0.0000000000
iris_binary,linear_poly3,default,rescale_aware,3,3,0,3,true,42.6516326556,0.2622959500,120.0277993778,0.0515571395,0,0,0,0,0.0000002079
iris_binary,linear_poly3,scale38,baseline_non_rescale,3,3,0,3,true,46.5147535333,0.2428374538,144.4913716889,1.6502570726,0,0,0,0,0.0000000018
iris_binary,linear_poly3,scale38,rescale_aware,3,3,0,3,true,47.9920673333,0.5146852392,134.9391833333,1.2693699493,0,0,0,0,0.0000000017
iris_binary,linear_poly3,scale40,baseline_non_rescale,3,3,0,3,true,47.0179171555,0.5463068360,144.9551540333,1.0502705392,0,0,0,0,0.0000000007
iris_binary,linear_poly3,scale40,rescale_aware,3,3,0,3,true,49.2187673334,0.5194930686,139.9551286445,2.3385826641,0,0,0,0,0.0000000004
iris_binary,linear_poly3,scale42,baseline_non_rescale,3,3,0,3,true,47.6069560333,0.9273741641,148.3682546556,2.6687557411,0,0,0,0,0.0000000001
iris_binary,linear_poly3,scale42,rescale_aware,3,3,0,3,true,48.8638787445,1.3446379549,137.6896283000,2.8229968107,0,0,0,0,0.0000000002
iris_binary,linear_poly3,short_chain_3,baseline_non_rescale,3,3,0,0,false,19.5603677334,0.0994449253,76.1229260000,0.1878997719,15,45,30,90,0.6938779067
iris_binary,linear_poly3,short_chain_3,rescale_aware,6,0,6,0,false,,0.0000000000,,0.0000000000,,,,,
iris_binary,linear_poly3,short_chain_5,baseline_non_rescale,3,3,0,0,false,32.2243776444,0.2895987517,109.2399862222,0.5939024205,15,45,30,90,0.6938779067
iris_binary,linear_poly3,short_chain_5,rescale_aware,6,0,6,0,false,,0.0000000000,,0.0000000000,,,,,
iris_binary,linear_poly3,short_chain_6_scale38,baseline_non_rescale,3,3,0,0,false,36.7921043667,0.2648313852,125.3254916556,0.7540178043,15,45,30,90,0.6938479022
iris_binary,linear_poly3,short_chain_6_scale38,rescale_aware,3,3,0,0,false,37.0971738444,0.4635098159,109.5817295222,5.6618429360,15,45,30,90,0.6938477846
iris_binary,linear_poly3,short_chain_6_scale40,baseline_non_rescale,3,3,0,0,false,37.0901741111,0.1856115476,125.6708574333,0.2711999615,15,45,30,90,0.6938774659
iris_binary,linear_poly3,short_chain_6_scale40,rescale_aware,3,3,0,0,false,36.8485714667,0.4691898755,105.6230395556,0.5375940128,15,45,30,90,0.6938783017
iris_binary,linear_poly3,short_chain_6_scale42,baseline_non_rescale,3,3,0,0,false,36.8891395444,0.3948960995,125.0950714889,0.9017548837,15,45,30,90,0.6938779128
iris_binary,linear_poly3,short_chain_6_scale42,rescale_aware,3,3,0,0,false,36.6248687222,0.3970164545,105.2952479222,0.3690859032,15,45,30,90,0.6938778995
iris_binary,mlp_square_linear_score,deep_chain_8_scale45,baseline_non_rescale,3,3,0,3,true,233.6876328889,1.2276301092,458.8313362889,1.5057138345,0,0,0,0,0.0000000000
iris_binary,mlp_square_linear_score,deep_chain_8_scale45,rescale_aware,3,3,0,3,true,276.4153232000,1.6758235379,473.1284442111,2.4559868403,0,0,0,0,0.0000000000
iris_binary,mlp_square_linear_score,deep_chain_9_scale45,baseline_non_rescale,3,3,0,3,true,289.9423229333,1.7906983054,539.0249336556,1.2617755962,0,0,0,0,0.0000000000
iris_binary,mlp_square_linear_score,deep_chain_9_scale45,rescale_aware,3,3,0,3,true,342.2684967000,1.4973700631,575.7732015667,1.1728663374,0,0,0,0,0.0000000000
iris_binary,mlp_square_linear_score,default,baseline_non_rescale,3,3,0,3,true,101.2732360000,0.4373958098,199.9939995222,0.8117533763,0,0,0,0,0.0000000000
iris_binary,mlp_square_linear_score,default,rescale_aware,3,3,0,3,true,118.0713039778,0.7457202899,203.9389725333,0.6238322244,0,0,0,0,0.0000000000
iris_binary,mlp_square_linear_score,scale38,baseline_non_rescale,3,3,0,3,true,101.1362820444,0.5207147101,199.9656396333,1.5957342978,0,0,0,0,0.0000000044
iris_binary,mlp_square_linear_score,scale38,rescale_aware,3,3,0,3,true,119.9001240222,0.8172726656,210.8777787000,1.7515178751,0,0,0,0,0.0000000016
iris_binary,mlp_square_linear_score,scale40,baseline_non_rescale,3,3,0,3,true,101.2092249556,0.7907978847,199.3675485889,0.9455153914,0,0,0,0,0.0000000004
iris_binary,mlp_square_linear_score,scale40,rescale_aware,3,3,0,3,true,119.9286135444,1.2437573188,210.6150691000,1.8196887973,0,0,0,0,0.0000000005
iris_binary,mlp_square_linear_score,scale42,baseline_non_rescale,3,3,0,3,true,101.1375564333,0.6116393218,199.4514833889,1.1660316036,0,0,0,0,0.0000000001
iris_binary,mlp_square_linear_score,scale42,rescale_aware,3,3,0,3,true,119.5554413000,0.9649129934,210.6533873333,2.4723973876,0,0,0,0,0.0000000002
iris_binary,mlp_square_linear_score,short_chain_3,baseline_non_rescale,3,3,0,0,false,42.8732288222,0.3655956459,100.2276764333,0.5009697858,15,45,30,90,0.6451233846
iris_binary,mlp_square_linear_score,short_chain_3,rescale_aware,3,3,0,0,false,45.7630319778,0.5842600809,75.5770293111,0.6612787416,15,45,30,90,0.6451233846
iris_binary,mlp_square_linear_score,short_chain_5,baseline_non_rescale,3,3,0,0,false,70.0080065222,0.5080123814,147.1783569889,0.9640552903,15,45,30,90,0.6451233948
iris_binary,mlp_square_linear_score,short_chain_5,rescale_aware,3,3,0,0,false,81.3229186111,0.4385394804,151.3000741889,0.6113800604,15,45,30,90,0.6451233917
iris_binary,mlp_square_linear_score,short_chain_6_scale38,baseline_non_rescale,3,3,0,3,true,80.4627087778,1.1405743263,169.6200500444,1.9473920796,0,0,0,0,0.0000000011
iris_binary,mlp_square_linear_score,short_chain_6_scale38,rescale_aware,3,3,0,3,true,95.0378907667,0.1499134636,175.6436196111,0.2401153185,0,0,0,0,0.0000000037
iris_binary,mlp_square_linear_score,short_chain_6_scale40,baseline_non_rescale,3,3,0,3,true,80.2543371889,0.4848031386,169.4265257111,0.9965245036,0,0,0,0,0.0000000006
iris_binary,mlp_square_linear_score,short_chain_6_scale40,rescale_aware,3,3,0,3,true,95.2213715222,0.0782664801,175.5867342111,0.1387415756,0,0,0,0,0.0000000005
iris_binary,mlp_square_linear_score,short_chain_6_scale42,baseline_non_rescale,3,3,0,3,true,79.8350852222,0.7166337487,169.0974644667,1.0306745484,0,0,0,0,0.0000000001
iris_binary,mlp_square_linear_score,short_chain_6_scale42,rescale_aware,3,3,0,3,true,94.6726905778,0.6252624910,175.1255493889,0.0488909980,0,0,0,0,0.0000000001
wdbc,linear_poly3,deep_chain_8_scale45,baseline_non_rescale,3,3,0,3,true,134.5441758519,0.8886618402,529.1837953372,1.8637440336,0,0,0,0,0.0000000000
wdbc,linear_poly3,deep_chain_8_scale45,rescale_aware,3,3,0,3,true,132.6836520916,0.6073344096,503.3913982904,2.7916614508,0,0,0,0,0.0000000000
wdbc,linear_poly3,deep_chain_9_scale45,baseline_non_rescale,3,3,0,3,true,164.5080617622,0.9431668349,602.9304249221,2.0723414432,0,0,0,0,0.0000000000
wdbc,linear_poly3,deep_chain_9_scale45,rescale_aware,3,3,0,3,true,171.7147851345,0.0857426575,581.6800926101,0.0550277402,0,0,0,0,0.0000000000
wdbc,linear_poly3,default,baseline_non_rescale,3,3,0,3,true,52.2001928012,2.0535914806,209.4222634094,6.8415128283,0,0,0,0,0.0000000000
wdbc,linear_poly3,default,rescale_aware,3,3,0,3,true,47.1765821287,2.4467741191,182.7130509376,8.0077167165,0,0,0,0,0.0000002080
wdbc,linear_poly3,scale38,baseline_non_rescale,3,3,0,3,true,57.1429569727,0.4242437812,227.1274404094,0.3309563123,0,0,0,0,0.0000000007
wdbc,linear_poly3,scale38,rescale_aware,3,3,0,3,true,57.6891280156,0.0853703767,214.5006408967,0.2317159519,0,0,0,0,0.0000000010
wdbc,linear_poly3,scale40,baseline_non_rescale,3,3,0,3,true,52.0944505692,0.6142495577,208.7835309766,2.1367798304,0,0,0,0,0.0000000003
wdbc,linear_poly3,scale40,rescale_aware,3,3,0,3,true,53.7837532768,2.5205760050,200.7614147758,8.4378713856,0,0,0,0,0.0000000003
wdbc,linear_poly3,scale42,baseline_non_rescale,3,3,0,3,true,53.2919310195,1.7639840472,213.0492549103,5.8336555496,0,0,0,0,0.0000000001
wdbc,linear_poly3,scale42,rescale_aware,3,3,0,3,true,51.5075417329,0.5004652227,193.8348760117,1.6543634571,0,0,0,0,0.0000000001
wdbc,linear_poly3,short_chain_3,baseline_non_rescale,3,3,0,0,false,23.7454896121,0.2458432090,118.0030513119,1.1564196821,111,333,171,513,0.5850547030
wdbc,linear_poly3,short_chain_3,rescale_aware,6,0,6,0,false,,0.0000000000,,0.0000000000,,,,,
wdbc,linear_poly3,short_chain_5,baseline_non_rescale,3,3,0,0,false,39.5782945673,0.1016714096,171.4846377407,0.4663797316,111,333,171,513,0.5850547030
wdbc,linear_poly3,short_chain_5,rescale_aware,6,0,6,0,false,,0.0000000000,,0.0000000000,,,,,
wdbc,linear_poly3,short_chain_6_scale38,baseline_non_rescale,3,3,0,0,false,45.5269882749,0.3793309806,198.1190043080,1.0099706532,111,333,171,513,0.5850832152
wdbc,linear_poly3,short_chain_6_scale38,rescale_aware,3,3,0,0,false,44.2817811852,0.0844676114,174.0502074464,0.5534956632,111,333,171,513,0.5850831162
wdbc,linear_poly3,short_chain_6_scale40,baseline_non_rescale,3,3,0,0,false,45.4304885146,0.2330748895,197.8806709630,0.9838069472,111,333,171,513,0.5850546047
wdbc,linear_poly3,short_chain_6_scale40,rescale_aware,3,3,0,0,false,44.3791594132,0.7692125398,173.4087586667,2.2567385396,111,333,171,513,0.5850545055
wdbc,linear_poly3,short_chain_6_scale42,baseline_non_rescale,3,3,0,0,false,45.5300591657,0.2825597764,198.1473493801,0.4091597405,111,333,171,513,0.5850547090
wdbc,linear_poly3,short_chain_6_scale42,rescale_aware,3,3,0,0,false,44.6096593490,0.4275987783,175.1320316920,0.4101997151,111,333,171,513,0.5850546992
wdbc,mlp_square_linear_score,deep_chain_8_scale45,baseline_non_rescale,3,3,0,3,true,288.3406111657,8.5433084661,668.4478160916,18.0313506546,0,0,0,0,0.0000000000
wdbc,mlp_square_linear_score,deep_chain_8_scale45,rescale_aware,3,3,0,3,true,333.1177021209,18.6536013757,683.0909870253,36.3002312866,0,0,0,0,0.0000000000
wdbc,mlp_square_linear_score,deep_chain_9_scale45,baseline_non_rescale,3,3,0,3,true,340.2713419006,4.1598072010,749.1279500799,5.3600205116,0,0,0,0,0.0000000001
wdbc,mlp_square_linear_score,deep_chain_9_scale45,rescale_aware,3,3,0,3,true,391.5911508031,5.7277133433,779.8729176706,9.8275569820,0,0,0,0,0.0000000001
wdbc,mlp_square_linear_score,default,baseline_non_rescale,3,3,0,3,true,126.5933544796,0.1049821130,297.2178253489,0.4434144509,0,0,0,0,0.0000000000
wdbc,mlp_square_linear_score,default,rescale_aware,3,3,0,3,true,144.6710785185,2.4128424816,299.1325123548,4.7449945926,0,0,0,0,0.0000000000
wdbc,mlp_square_linear_score,scale38,baseline_non_rescale,3,3,0,3,true,114.9364884522,0.8974343131,270.6604415887,2.2839874406,0,0,0,0,0.0000000056
wdbc,mlp_square_linear_score,scale38,rescale_aware,3,3,0,3,true,135.0056051599,0.8197342885,281.9843168791,1.4659439932,0,0,0,0,0.0000000017
wdbc,mlp_square_linear_score,scale40,baseline_non_rescale,3,3,0,3,true,125.8989983392,2.5705910316,294.6955425555,5.1545040081,0,0,0,0,0.0000000012
wdbc,mlp_square_linear_score,scale40,rescale_aware,3,3,0,3,true,147.4648859103,1.9094461047,308.4057901482,3.1174689887,0,0,0,0,0.0000000011
wdbc,mlp_square_linear_score,scale42,baseline_non_rescale,3,3,0,3,true,126.9634313294,0.3299022461,297.7846644659,0.7760998192,0,0,0,0,0.0000000001
wdbc,mlp_square_linear_score,scale42,rescale_aware,3,3,0,3,true,147.6116447992,0.5211792091,308.1011951443,0.9323280607,0,0,0,0,0.0000000002
wdbc,mlp_square_linear_score,short_chain_3,baseline_non_rescale,3,3,0,0,false,48.5400875322,0.4298141727,136.0398810468,1.1532319250,109,327,171,513,0.5182910782
wdbc,mlp_square_linear_score,short_chain_3,rescale_aware,3,3,0,0,false,51.1290990156,0.1496227347,109.1755254678,0.4955011908,109,327,171,513,0.5182910782
wdbc,mlp_square_linear_score,short_chain_5,baseline_non_rescale,3,3,0,0,false,78.4591621462,0.1339005127,198.0338973295,0.2650296721,109,327,171,513,0.5182910705
wdbc,mlp_square_linear_score,short_chain_5,rescale_aware,3,3,0,0,false,89.8090345224,0.1529979848,201.3513709201,0.2786095540,109,327,171,513,0.5182910680
wdbc,mlp_square_linear_score,short_chain_6_scale38,baseline_non_rescale,3,3,0,3,true,91.4641813411,0.5549097423,230.9531853704,0.6279728480,0,0,0,0,0.0000000023
wdbc,mlp_square_linear_score,short_chain_6_scale38,rescale_aware,3,3,0,3,true,109.9528665497,2.3155822215,243.3961437135,4.5608717287,0,0,0,0,0.0000000023
wdbc,mlp_square_linear_score,short_chain_6_scale40,baseline_non_rescale,3,3,0,3,true,95.1957058246,0.6688034857,238.3199817719,1.8124768912,0,0,0,0,0.0000000010
wdbc,mlp_square_linear_score,short_chain_6_scale40,rescale_aware,3,3,0,3,true,106.3254994932,0.1643895092,236.3865734756,0.8036599016,0,0,0,0,0.0000000001
wdbc,mlp_square_linear_score,short_chain_6_scale42,baseline_non_rescale,3,3,0,3,true,91.5105585458,0.5344219103,231.0110153509,0.9018023971,0,0,0,0,0.0000000001
wdbc,mlp_square_linear_score,short_chain_6_scale42,rescale_aware,3,3,0,3,true,111.4072413567,1.9879132836,246.8532112554,4.6021889427,0,0,0,0,0.0000000001
